-- MySQL dump 10.13  Distrib 5.7.16, for osx10.11 (x86_64)
--
-- Host: localhost    Database: detdevdb
-- ------------------------------------------------------
-- Server version	5.7.16

/*!40101 SET @OLD_CHARACTER_SET_CLIENT=@@CHARACTER_SET_CLIENT */;
/*!40101 SET @OLD_CHARACTER_SET_RESULTS=@@CHARACTER_SET_RESULTS */;
/*!40101 SET @OLD_COLLATION_CONNECTION=@@COLLATION_CONNECTION */;
/*!40101 SET NAMES utf8 */;
/*!40103 SET @OLD_TIME_ZONE=@@TIME_ZONE */;
/*!40103 SET TIME_ZONE='+00:00' */;
/*!40014 SET @OLD_UNIQUE_CHECKS=@@UNIQUE_CHECKS, UNIQUE_CHECKS=0 */;
/*!40014 SET @OLD_FOREIGN_KEY_CHECKS=@@FOREIGN_KEY_CHECKS, FOREIGN_KEY_CHECKS=0 */;
/*!40101 SET @OLD_SQL_MODE=@@SQL_MODE, SQL_MODE='NO_AUTO_VALUE_ON_ZERO' */;
/*!40111 SET @OLD_SQL_NOTES=@@SQL_NOTES, SQL_NOTES=0 */;

--
-- Table structure for table `auth_group`
--

DROP TABLE IF EXISTS `auth_group`;
/*!40101 SET @saved_cs_client     = @@character_set_client */;
/*!40101 SET character_set_client = utf8 */;
CREATE TABLE `auth_group` (
  `id` int(11) NOT NULL AUTO_INCREMENT,
  `name` varchar(80) NOT NULL,
  PRIMARY KEY (`id`),
  UNIQUE KEY `name` (`name`)
) ENGINE=InnoDB DEFAULT CHARSET=latin1;
/*!40101 SET character_set_client = @saved_cs_client */;

--
-- Dumping data for table `auth_group`
--

LOCK TABLES `auth_group` WRITE;
/*!40000 ALTER TABLE `auth_group` DISABLE KEYS */;
/*!40000 ALTER TABLE `auth_group` ENABLE KEYS */;
UNLOCK TABLES;

--
-- Table structure for table `auth_group_permissions`
--

DROP TABLE IF EXISTS `auth_group_permissions`;
/*!40101 SET @saved_cs_client     = @@character_set_client */;
/*!40101 SET character_set_client = utf8 */;
CREATE TABLE `auth_group_permissions` (
  `id` int(11) NOT NULL AUTO_INCREMENT,
  `group_id` int(11) NOT NULL,
  `permission_id` int(11) NOT NULL,
  PRIMARY KEY (`id`),
  UNIQUE KEY `group_id` (`group_id`,`permission_id`),
  KEY `auth_group__permission_id_1f49ccbbdc69d2fc_fk_auth_permission_id` (`permission_id`),
  CONSTRAINT `auth_group__permission_id_1f49ccbbdc69d2fc_fk_auth_permission_id` FOREIGN KEY (`permission_id`) REFERENCES `auth_permission` (`id`),
  CONSTRAINT `auth_group_permission_group_id_689710a9a73b7457_fk_auth_group_id` FOREIGN KEY (`group_id`) REFERENCES `auth_group` (`id`)
) ENGINE=InnoDB DEFAULT CHARSET=latin1;
/*!40101 SET character_set_client = @saved_cs_client */;

--
-- Dumping data for table `auth_group_permissions`
--

LOCK TABLES `auth_group_permissions` WRITE;
/*!40000 ALTER TABLE `auth_group_permissions` DISABLE KEYS */;
/*!40000 ALTER TABLE `auth_group_permissions` ENABLE KEYS */;
UNLOCK TABLES;

--
-- Table structure for table `auth_permission`
--

DROP TABLE IF EXISTS `auth_permission`;
/*!40101 SET @saved_cs_client     = @@character_set_client */;
/*!40101 SET character_set_client = utf8 */;
CREATE TABLE `auth_permission` (
  `id` int(11) NOT NULL AUTO_INCREMENT,
  `name` varchar(255) NOT NULL,
  `content_type_id` int(11) NOT NULL,
  `codename` varchar(100) NOT NULL,
  PRIMARY KEY (`id`),
  UNIQUE KEY `content_type_id` (`content_type_id`,`codename`),
  CONSTRAINT `auth__content_type_id_508cf46651277a81_fk_django_content_type_id` FOREIGN KEY (`content_type_id`) REFERENCES `django_content_type` (`id`)
) ENGINE=InnoDB AUTO_INCREMENT=130 DEFAULT CHARSET=latin1;
/*!40101 SET character_set_client = @saved_cs_client */;

--
-- Dumping data for table `auth_permission`
--

LOCK TABLES `auth_permission` WRITE;
/*!40000 ALTER TABLE `auth_permission` DISABLE KEYS */;
INSERT INTO `auth_permission` VALUES (1,'Can add log entry',1,'add_logentry'),(2,'Can change log entry',1,'change_logentry'),(3,'Can delete log entry',1,'delete_logentry'),(4,'Can add permission',2,'add_permission'),(5,'Can change permission',2,'change_permission'),(6,'Can delete permission',2,'delete_permission'),(7,'Can add group',3,'add_group'),(8,'Can change group',3,'change_group'),(9,'Can delete group',3,'delete_group'),(13,'Can add content type',5,'add_contenttype'),(14,'Can change content type',5,'change_contenttype'),(15,'Can delete content type',5,'delete_contenttype'),(16,'Can add session',6,'add_session'),(17,'Can change session',6,'change_session'),(18,'Can delete session',6,'delete_session'),(19,'Can add video',7,'add_video'),(20,'Can change video',7,'change_video'),(21,'Can delete video',7,'delete_video'),(22,'Can add tag',8,'add_tag'),(23,'Can change tag',8,'change_tag'),(24,'Can delete tag',8,'delete_tag'),(25,'Can add professor',9,'add_professor'),(26,'Can change professor',9,'change_professor'),(27,'Can delete professor',9,'delete_professor'),(28,'Can add category',10,'add_category'),(29,'Can change category',10,'change_category'),(30,'Can delete category',10,'delete_category'),(31,'Can add video category',11,'add_videocategory'),(32,'Can change video category',11,'change_videocategory'),(33,'Can delete video category',11,'delete_videocategory'),(34,'Can add mailing email',12,'add_mailingemail'),(35,'Can change mailing email',12,'change_mailingemail'),(36,'Can delete mailing email',12,'delete_mailingemail'),(37,'Can add source',13,'add_source'),(38,'Can change source',13,'change_source'),(39,'Can delete source',13,'delete_source'),(40,'Can add thumbnail',14,'add_thumbnail'),(41,'Can change thumbnail',14,'change_thumbnail'),(42,'Can delete thumbnail',14,'delete_thumbnail'),(43,'Can add thumbnail dimensions',15,'add_thumbnaildimensions'),(44,'Can change thumbnail dimensions',15,'change_thumbnaildimensions'),(45,'Can delete thumbnail dimensions',15,'delete_thumbnaildimensions'),(46,'Can add hit count',16,'add_hitcount'),(47,'Can change hit count',16,'change_hitcount'),(48,'Can delete hit count',16,'delete_hitcount'),(49,'Can add hit',17,'add_hit'),(50,'Can change hit',17,'change_hit'),(51,'Can delete hit',17,'delete_hit'),(52,'Can add Blacklisted IP',18,'add_blacklistip'),(53,'Can change Blacklisted IP',18,'change_blacklistip'),(54,'Can delete Blacklisted IP',18,'delete_blacklistip'),(55,'Can add Blacklisted User Agent',19,'add_blacklistuseragent'),(56,'Can change Blacklisted User Agent',19,'change_blacklistuseragent'),(57,'Can delete Blacklisted User Agent',19,'delete_blacklistuseragent'),(58,'Can add my user',20,'add_myuser'),(59,'Can change my user',20,'change_myuser'),(60,'Can delete my user',20,'delete_myuser'),(61,'Can add nonce',21,'add_nonce'),(62,'Can change nonce',21,'change_nonce'),(63,'Can delete nonce',21,'delete_nonce'),(64,'Can add code',22,'add_code'),(65,'Can change code',22,'change_code'),(66,'Can delete code',22,'delete_code'),(67,'Can add user social auth',23,'add_usersocialauth'),(68,'Can change user social auth',23,'change_usersocialauth'),(69,'Can delete user social auth',23,'delete_usersocialauth'),(70,'Can add association',24,'add_association'),(71,'Can change association',24,'change_association'),(72,'Can delete association',24,'delete_association'),(73,'Can add partial',25,'add_partial'),(74,'Can change partial',25,'change_partial'),(75,'Can delete partial',25,'delete_partial'),(76,'Can add course item',26,'add_courseitem'),(77,'Can change course item',26,'change_courseitem'),(78,'Can delete course item',26,'delete_courseitem'),(79,'Can add course',27,'add_course'),(80,'Can change course',27,'change_course'),(81,'Can delete course',27,'delete_course'),(85,'Can add course topics',29,'add_coursetopics'),(86,'Can change course topics',29,'change_coursetopics'),(87,'Can delete course topics',29,'delete_coursetopics'),(88,'Can add course topic',29,'add_coursetopic'),(89,'Can change course topic',29,'change_coursetopic'),(90,'Can delete course topic',29,'delete_coursetopic'),(91,'Can add user item relationship',30,'add_useritemrelationship'),(92,'Can change user item relationship',30,'change_useritemrelationship'),(93,'Can delete user item relationship',30,'delete_useritemrelationship'),(94,'Can add user course relationship',31,'add_usercourserelationship'),(95,'Can change user course relationship',31,'change_usercourserelationship'),(96,'Can delete user course relationship',31,'delete_usercourserelationship'),(97,'Can add question',32,'add_question'),(98,'Can change question',32,'change_question'),(99,'Can delete question',32,'delete_question'),(100,'Can add alternative',33,'add_alternative'),(101,'Can change alternative',33,'change_alternative'),(102,'Can delete alternative',33,'delete_alternative'),(103,'Can add test',34,'add_test'),(104,'Can change test',34,'change_test'),(105,'Can delete test',34,'delete_test'),(106,'Can add course test',34,'add_coursetest'),(107,'Can change course test',34,'change_coursetest'),(108,'Can delete course test',34,'delete_coursetest'),(109,'Can add user question relationship',35,'add_userquestionrelationship'),(110,'Can change user question relationship',35,'change_userquestionrelationship'),(111,'Can delete user question relationship',35,'delete_userquestionrelationship'),(112,'Can add reading',36,'add_reading'),(113,'Can change reading',36,'change_reading'),(114,'Can delete reading',36,'delete_reading'),(115,'Can add complementary material',37,'add_complementarymaterial'),(116,'Can change complementary material',37,'change_complementarymaterial'),(117,'Can delete complementary material',37,'delete_complementarymaterial'),(118,'Can add payment',38,'add_payment'),(119,'Can change payment',38,'change_payment'),(120,'Can delete payment',38,'delete_payment'),(121,'Can add billing info',39,'add_billinginfo'),(122,'Can change billing info',39,'change_billinginfo'),(123,'Can delete billing info',39,'delete_billinginfo'),(124,'Can add credit card',40,'add_creditcard'),(125,'Can change credit card',40,'change_creditcard'),(126,'Can delete credit card',40,'delete_creditcard'),(127,'Can add certificate',41,'add_certificate'),(128,'Can change certificate',41,'change_certificate'),(129,'Can delete certificate',41,'delete_certificate');
/*!40000 ALTER TABLE `auth_permission` ENABLE KEYS */;
UNLOCK TABLES;

--
-- Table structure for table `auth_user`
--

DROP TABLE IF EXISTS `auth_user`;
/*!40101 SET @saved_cs_client     = @@character_set_client */;
/*!40101 SET character_set_client = utf8 */;
CREATE TABLE `auth_user` (
  `id` int(11) NOT NULL AUTO_INCREMENT,
  `password` varchar(128) NOT NULL,
  `last_login` datetime(6) DEFAULT NULL,
  `is_superuser` tinyint(1) NOT NULL,
  `username` varchar(150) NOT NULL,
  `first_name` varchar(30) NOT NULL,
  `last_name` varchar(30) NOT NULL,
  `email` varchar(254) NOT NULL,
  `is_staff` tinyint(1) NOT NULL,
  `is_active` tinyint(1) NOT NULL,
  `date_joined` datetime(6) NOT NULL,
  PRIMARY KEY (`id`),
  UNIQUE KEY `username` (`username`)
) ENGINE=InnoDB AUTO_INCREMENT=2 DEFAULT CHARSET=latin1;
/*!40101 SET character_set_client = @saved_cs_client */;

--
-- Dumping data for table `auth_user`
--

LOCK TABLES `auth_user` WRITE;
/*!40000 ALTER TABLE `auth_user` DISABLE KEYS */;
INSERT INTO `auth_user` VALUES (1,'pbkdf2_sha256$30000$7Jyc0dlNhBmF$IL7gUhOZxvgEkUm47QvYcBbI8GjU/GXA1BkTFqeVUU0=','2017-03-20 00:49:38.439831',1,'dietbacon','','','fabio@direitoemtela.com.br',1,1,'2017-03-20 00:49:28.318208');
/*!40000 ALTER TABLE `auth_user` ENABLE KEYS */;
UNLOCK TABLES;

--
-- Table structure for table `auth_user_groups`
--

DROP TABLE IF EXISTS `auth_user_groups`;
/*!40101 SET @saved_cs_client     = @@character_set_client */;
/*!40101 SET character_set_client = utf8 */;
CREATE TABLE `auth_user_groups` (
  `id` int(11) NOT NULL AUTO_INCREMENT,
  `user_id` int(11) NOT NULL,
  `group_id` int(11) NOT NULL,
  PRIMARY KEY (`id`),
  UNIQUE KEY `user_id` (`user_id`,`group_id`),
  KEY `auth_user_groups_group_id_33ac548dcf5f8e37_fk_auth_group_id` (`group_id`),
  CONSTRAINT `auth_user_groups_group_id_33ac548dcf5f8e37_fk_auth_group_id` FOREIGN KEY (`group_id`) REFERENCES `auth_group` (`id`),
  CONSTRAINT `auth_user_groups_user_id_4b5ed4ffdb8fd9b0_fk_auth_user_id` FOREIGN KEY (`user_id`) REFERENCES `auth_user` (`id`)
) ENGINE=InnoDB DEFAULT CHARSET=latin1;
/*!40101 SET character_set_client = @saved_cs_client */;

--
-- Dumping data for table `auth_user_groups`
--

LOCK TABLES `auth_user_groups` WRITE;
/*!40000 ALTER TABLE `auth_user_groups` DISABLE KEYS */;
/*!40000 ALTER TABLE `auth_user_groups` ENABLE KEYS */;
UNLOCK TABLES;

--
-- Table structure for table `auth_user_user_permissions`
--

DROP TABLE IF EXISTS `auth_user_user_permissions`;
/*!40101 SET @saved_cs_client     = @@character_set_client */;
/*!40101 SET character_set_client = utf8 */;
CREATE TABLE `auth_user_user_permissions` (
  `id` int(11) NOT NULL AUTO_INCREMENT,
  `user_id` int(11) NOT NULL,
  `permission_id` int(11) NOT NULL,
  PRIMARY KEY (`id`),
  UNIQUE KEY `user_id` (`user_id`,`permission_id`),
  KEY `auth_user_u_permission_id_384b62483d7071f0_fk_auth_permission_id` (`permission_id`),
  CONSTRAINT `auth_user_u_permission_id_384b62483d7071f0_fk_auth_permission_id` FOREIGN KEY (`permission_id`) REFERENCES `auth_permission` (`id`),
  CONSTRAINT `auth_user_user_permissi_user_id_7f0938558328534a_fk_auth_user_id` FOREIGN KEY (`user_id`) REFERENCES `auth_user` (`id`)
) ENGINE=InnoDB DEFAULT CHARSET=latin1;
/*!40101 SET character_set_client = @saved_cs_client */;

--
-- Dumping data for table `auth_user_user_permissions`
--

LOCK TABLES `auth_user_user_permissions` WRITE;
/*!40000 ALTER TABLE `auth_user_user_permissions` DISABLE KEYS */;
/*!40000 ALTER TABLE `auth_user_user_permissions` ENABLE KEYS */;
UNLOCK TABLES;

--
-- Table structure for table `categories_category`
--

DROP TABLE IF EXISTS `categories_category`;
/*!40101 SET @saved_cs_client     = @@character_set_client */;
/*!40101 SET character_set_client = utf8 */;
CREATE TABLE `categories_category` (
  `id` int(11) NOT NULL AUTO_INCREMENT,
  `title` varchar(100) NOT NULL,
  `yt_id` varchar(100) NOT NULL,
  `featured` tinyint(1) NOT NULL,
  `professor_id` int(11) DEFAULT NULL,
  `thumbnail` varchar(100) NOT NULL,
  `thumbnail_ratio` varchar(255) NOT NULL,
  `description` varchar(300) NOT NULL,
  `hidden` tinyint(1) NOT NULL,
  PRIMARY KEY (`id`),
  KEY `categories_category_fa68148b` (`professor_id`),
  CONSTRAINT `categorie_professor_id_f6920de75cddc4_fk_categories_professor_id` FOREIGN KEY (`professor_id`) REFERENCES `categories_professor` (`id`)
) ENGINE=InnoDB AUTO_INCREMENT=15 DEFAULT CHARSET=latin1;
/*!40101 SET character_set_client = @saved_cs_client */;

--
-- Dumping data for table `categories_category`
--

LOCK TABLES `categories_category` WRITE;
/*!40000 ALTER TABLE `categories_category` DISABLE KEYS */;
INSERT INTO `categories_category` VALUES (1,'Curso Direito Civil - Parte Geral','PLdarqF3CDzWFaH603SFER8nxnKJ4pf9PI',0,NULL,'logodefault.png','','',0),(2,'Curso de Direito Constitucional','PLdarqF3CDzWHWQ93rc0MvJ4BYUxTXqab7',0,NULL,'logodefault.png','','',0),(3,'Curso Constituições Brasileiras','PLdarqF3CDzWHWdLKdi2bhm3Wvm3DgNPFA',0,NULL,'logodefault.png','','',0),(4,'Curso de Direito do Trabalho','PLdarqF3CDzWFe49b7ASssDnEOYpgfMqGr',0,NULL,'logodefault.png','','',0),(5,'Direito do Trabalho - Leis e Sumulas','PLdarqF3CDzWGZvebYATYRk8RKVkFZAVM-',0,NULL,'logodefault.png','','',0),(6,'Curso Direito Civil - Parte Geral - Pessoas','PLdarqF3CDzWGI_Pi8XHGJwxOSPuikoQ9Y',0,NULL,'logodefault.png','','',0),(7,'Curso Direito Civil - Parte Geral - Bens','PLdarqF3CDzWH0uAo6PzPrTxp98V9N7EdL',0,NULL,'logodefault.png','','',0),(8,'Curso Lei de Introdução às Normas do Direito Brasileiro','PLdarqF3CDzWHVR90FW-rZN2Pf4bcJ6kQM',0,NULL,'logodefault.png','','',0),(9,'Curso Estatuto da OAB','PLdarqF3CDzWFsop--KXvtoJag0Z9O1mq7',0,NULL,'logodefault.png','','',0),(10,'Dicas para Concursos e Exame da OAB','PLdarqF3CDzWG1wjDx7aW6_P2YI3AwnLUM',0,NULL,'logodefault.png','','',0),(11,'Últimos Vídeos','PLdarqF3CDzWEp7c7z6LW8Kl3TfVHuIEW0',0,NULL,'logodefault.png','','',0),(12,'Curso de Direito Civil - Parte Geral - Pessoa Jurídica','PLdarqF3CDzWHSw4-Jkn39r6ZaEBGsbFtw',0,NULL,'logodefault.png','','',0),(13,'Profissões','PLdarqF3CDzWFDPMruybKL20Pw0gJawev0',0,NULL,'logodefault.png','','',0),(14,'Curso de Direito Civil - Parte Geral - Negócios Jurídicos','PLdarqF3CDzWFBMgnX5J3kAb7vBYwsEA-x',1,NULL,'logodefault.png','11,0,1589,800','',0);
/*!40000 ALTER TABLE `categories_category` ENABLE KEYS */;
UNLOCK TABLES;

--
-- Table structure for table `categories_professor`
--

DROP TABLE IF EXISTS `categories_professor`;
/*!40101 SET @saved_cs_client     = @@character_set_client */;
/*!40101 SET character_set_client = utf8 */;
CREATE TABLE `categories_professor` (
  `id` int(11) NOT NULL AUTO_INCREMENT,
  `name` varchar(40) NOT NULL,
  `description` longtext NOT NULL,
  `profile_image` varchar(100) NOT NULL,
  `profile_ratio` varchar(255) NOT NULL,
  PRIMARY KEY (`id`)
) ENGINE=InnoDB AUTO_INCREMENT=2 DEFAULT CHARSET=latin1;
/*!40101 SET character_set_client = @saved_cs_client */;

--
-- Dumping data for table `categories_professor`
--

LOCK TABLES `categories_professor` WRITE;
/*!40000 ALTER TABLE `categories_professor` DISABLE KEYS */;
INSERT INTO `categories_professor` VALUES (1,'Ricardo Schubert','EU sou o ricardo!','professorphotos/None/zHbyDDms3r5ajrChYBoaBJ','343,0,1705,1363');
/*!40000 ALTER TABLE `categories_professor` ENABLE KEYS */;
UNLOCK TABLES;

--
-- Table structure for table `categories_videocategory`
--

DROP TABLE IF EXISTS `categories_videocategory`;
/*!40101 SET @saved_cs_client     = @@character_set_client */;
/*!40101 SET character_set_client = utf8 */;
CREATE TABLE `categories_videocategory` (
  `id` int(11) NOT NULL AUTO_INCREMENT,
  `position` int(11) NOT NULL,
  `category_id` int(11) NOT NULL,
  `video_id` int(11) NOT NULL,
  `yt_position` varchar(4) NOT NULL,
  PRIMARY KEY (`id`),
  KEY `categories_videocat_video_id_10882d2530bd640a_fk_videos_video_id` (`video_id`),
  KEY `categories_videocategory_category_id_b8c5242b` (`category_id`),
  CONSTRAINT `categorie_category_id_3f918718496488c6_fk_categories_category_id` FOREIGN KEY (`category_id`) REFERENCES `categories_category` (`id`),
  CONSTRAINT `categories_videocat_video_id_10882d2530bd640a_fk_videos_video_id` FOREIGN KEY (`video_id`) REFERENCES `videos_video` (`id`)
) ENGINE=InnoDB AUTO_INCREMENT=649 DEFAULT CHARSET=latin1;
/*!40101 SET character_set_client = @saved_cs_client */;

--
-- Dumping data for table `categories_videocategory`
--

LOCK TABLES `categories_videocategory` WRITE;
/*!40000 ALTER TABLE `categories_videocategory` DISABLE KEYS */;
INSERT INTO `categories_videocategory` VALUES (1,1,1,1,''),(2,2,1,6,''),(3,3,1,8,''),(4,4,1,15,''),(5,5,1,16,''),(6,6,1,18,''),(7,7,1,25,''),(8,8,1,35,''),(9,9,1,37,''),(10,10,1,53,''),(11,11,1,54,''),(12,12,1,56,''),(13,13,1,61,''),(14,14,1,68,''),(15,15,1,69,''),(16,16,1,71,''),(17,17,1,79,''),(18,18,1,84,''),(19,19,1,87,''),(20,20,1,93,''),(21,21,1,101,''),(22,22,1,104,''),(23,23,1,108,''),(24,24,1,111,''),(25,25,1,113,''),(26,26,1,117,''),(27,27,1,120,''),(28,28,1,124,''),(29,29,1,127,''),(30,30,1,130,''),(31,31,1,133,''),(32,32,1,136,''),(33,33,1,146,''),(34,34,1,149,''),(35,35,1,153,''),(36,36,1,154,''),(37,37,1,156,''),(38,38,1,158,''),(39,39,1,160,''),(40,40,1,162,''),(41,41,1,164,''),(42,42,1,166,''),(43,43,1,167,''),(44,44,1,169,''),(45,45,1,292,''),(46,46,1,171,''),(47,47,1,173,''),(48,48,1,175,''),(49,49,1,177,''),(50,50,1,179,''),(51,51,1,180,''),(52,52,1,182,''),(53,53,1,184,''),(54,54,1,186,''),(55,55,1,188,''),(56,56,1,191,''),(57,57,1,194,''),(58,58,1,196,''),(59,59,1,198,''),(60,60,1,200,''),(61,61,1,202,''),(62,62,1,204,''),(63,63,1,206,''),(64,64,1,208,''),(65,65,1,210,''),(66,66,1,212,''),(67,67,1,214,''),(68,68,1,216,''),(69,69,1,218,''),(70,70,1,219,''),(71,71,1,221,''),(72,72,1,222,''),(73,73,1,224,''),(74,74,1,226,''),(75,75,1,228,''),(76,76,1,230,''),(77,77,1,231,''),(78,78,1,232,''),(79,79,1,233,''),(80,80,1,234,''),(81,81,1,235,''),(82,82,1,236,''),(83,83,1,237,''),(84,84,1,238,''),(85,85,1,239,''),(86,86,1,240,''),(87,87,1,241,''),(88,88,1,242,''),(89,89,1,243,''),(90,90,1,244,''),(91,91,1,245,''),(92,92,1,246,''),(93,93,1,247,''),(94,94,1,248,''),(95,95,1,249,''),(96,96,1,250,''),(97,97,1,251,''),(98,98,1,252,''),(99,99,1,253,''),(100,100,1,254,''),(101,101,1,255,''),(102,102,1,256,''),(103,103,1,257,''),(104,104,1,258,''),(105,105,1,259,''),(106,106,1,260,''),(107,107,1,261,''),(108,108,1,262,''),(109,109,1,263,''),(110,110,1,264,''),(111,111,1,265,''),(112,112,1,266,''),(113,113,1,267,''),(114,114,1,268,''),(115,115,1,269,''),(116,116,1,270,''),(117,117,1,271,''),(118,118,1,272,''),(119,119,1,273,''),(120,120,1,274,''),(121,121,1,275,''),(122,122,1,276,''),(123,123,1,277,''),(124,124,1,278,''),(125,125,1,279,''),(126,126,1,280,''),(127,127,1,281,''),(128,128,1,282,''),(129,129,1,283,''),(130,1,2,13,''),(131,2,2,21,''),(132,3,2,24,''),(133,4,2,31,''),(134,5,2,38,''),(135,6,2,43,''),(136,7,2,48,''),(137,8,2,55,''),(138,9,2,60,''),(139,10,2,65,''),(140,11,2,70,''),(141,12,2,75,''),(142,13,2,80,''),(143,14,2,85,''),(144,15,2,90,''),(145,16,2,94,''),(146,1,3,4,''),(147,2,3,12,''),(148,3,3,17,''),(149,4,3,28,''),(150,5,3,32,''),(151,6,3,39,''),(152,7,3,44,''),(153,8,3,49,''),(154,1,4,5,''),(155,2,4,7,''),(156,3,4,14,''),(157,4,4,22,''),(158,5,4,23,''),(159,6,4,29,''),(160,7,4,30,''),(161,8,4,36,''),(162,9,4,42,''),(163,10,4,47,''),(164,11,4,52,''),(165,12,4,59,''),(166,13,4,64,''),(167,14,4,74,''),(168,15,4,78,''),(169,16,4,83,''),(170,17,4,89,''),(171,18,4,97,''),(172,19,4,100,''),(173,20,4,105,''),(174,21,4,110,''),(175,22,4,114,''),(176,23,4,118,''),(177,24,4,121,''),(178,25,4,123,''),(179,26,4,126,''),(180,27,4,129,''),(181,28,4,132,''),(182,29,4,135,''),(183,30,4,138,''),(184,31,4,140,''),(185,32,4,141,''),(186,33,4,143,''),(187,34,4,145,''),(188,35,4,148,''),(189,36,4,151,''),(190,37,4,155,''),(191,38,4,157,''),(192,39,4,159,''),(193,40,4,161,''),(194,41,4,163,''),(195,42,4,165,''),(196,43,4,168,''),(197,44,4,297,''),(198,45,4,302,''),(199,46,4,304,''),(200,47,4,170,''),(201,48,4,172,''),(202,49,4,174,''),(203,50,4,176,''),(204,51,4,178,''),(205,52,4,181,''),(206,53,4,183,''),(207,54,4,185,''),(208,55,4,187,''),(209,56,4,189,''),(210,57,4,190,''),(211,58,4,192,''),(212,59,4,193,''),(213,60,4,195,''),(214,61,4,197,''),(215,62,4,199,''),(216,63,4,201,''),(217,64,4,203,''),(218,65,4,205,''),(219,66,4,207,''),(220,67,4,209,''),(221,68,4,211,''),(222,69,4,213,''),(223,70,4,215,''),(224,71,4,217,''),(225,72,4,220,''),(226,73,4,223,''),(227,74,4,225,''),(228,75,4,227,''),(229,76,4,229,''),(230,1,5,297,''),(231,2,5,302,''),(232,1,6,1,''),(233,2,6,6,''),(234,3,6,8,''),(235,4,6,15,''),(236,5,6,16,''),(237,6,6,18,''),(238,7,6,25,''),(239,8,6,35,''),(240,9,6,37,''),(241,10,6,53,''),(242,11,6,54,''),(243,12,6,56,''),(244,13,6,61,''),(245,14,6,68,''),(246,15,6,69,''),(247,16,6,71,''),(248,17,6,79,''),(249,18,6,84,''),(250,19,6,87,''),(251,20,6,93,''),(252,21,6,101,''),(253,22,6,104,''),(254,23,6,108,''),(255,24,6,111,''),(256,25,6,113,''),(257,26,6,117,''),(258,27,6,120,''),(259,28,6,124,''),(260,29,6,127,''),(261,1,7,130,''),(262,2,7,133,''),(263,3,7,136,''),(264,4,7,146,''),(265,5,7,149,''),(266,6,7,153,''),(267,7,7,292,''),(268,1,8,3,''),(269,2,8,10,''),(270,3,8,19,''),(271,4,8,26,''),(272,5,8,33,''),(273,6,8,40,''),(274,7,8,46,''),(275,8,8,51,''),(276,9,8,58,''),(277,10,8,63,''),(278,11,8,67,''),(279,12,8,73,''),(280,13,8,77,''),(281,14,8,82,''),(282,15,8,88,''),(283,16,8,92,''),(284,17,8,96,''),(285,18,8,99,''),(286,19,8,103,''),(287,20,8,107,''),(288,21,8,294,''),(289,1,9,11,''),(290,2,9,20,''),(291,3,9,27,''),(292,4,9,34,''),(293,5,9,41,''),(294,6,9,45,''),(295,7,9,50,''),(296,8,9,57,''),(297,9,9,62,''),(298,10,9,66,''),(299,11,9,72,''),(300,12,9,76,''),(301,13,9,81,''),(302,14,9,86,''),(303,15,9,91,''),(304,16,9,95,''),(305,17,9,98,''),(306,18,9,102,''),(307,19,9,106,''),(308,20,9,109,''),(309,21,9,112,''),(310,22,9,115,''),(311,23,9,116,''),(312,24,9,119,''),(313,25,9,122,''),(314,26,9,125,''),(315,27,9,128,''),(316,28,9,131,''),(317,29,9,134,''),(318,30,9,137,''),(319,31,9,139,''),(320,32,9,142,''),(321,33,9,144,''),(322,34,9,147,''),(323,35,9,150,''),(324,36,9,152,''),(325,1,10,288,''),(326,2,10,290,''),(327,3,10,295,''),(328,4,10,298,''),(329,5,10,299,''),(330,6,10,300,''),(331,7,10,301,''),(332,8,10,303,''),(333,1,11,17,''),(334,2,11,39,''),(335,3,11,44,''),(336,4,11,45,''),(337,5,11,46,''),(338,6,11,49,''),(339,7,11,50,''),(340,8,11,51,''),(341,9,11,57,''),(342,10,11,58,''),(343,11,11,62,''),(344,12,11,63,''),(345,13,11,66,''),(346,14,11,67,''),(347,15,11,73,''),(348,16,11,77,''),(349,17,11,82,''),(350,18,11,88,''),(351,19,11,92,''),(352,20,11,96,''),(353,21,11,99,''),(354,22,11,103,''),(355,23,11,104,''),(356,24,11,107,''),(357,25,11,129,''),(358,26,11,132,''),(359,27,11,135,''),(360,28,11,138,''),(361,29,11,140,''),(362,30,11,141,''),(363,31,11,143,''),(364,32,11,145,''),(365,33,11,148,''),(366,34,11,151,''),(367,35,11,154,''),(368,36,11,155,''),(369,37,11,156,''),(370,38,11,157,''),(371,39,11,158,''),(372,40,11,159,''),(373,41,11,160,''),(374,42,11,161,''),(375,43,11,163,''),(376,44,11,165,''),(377,45,11,168,''),(378,46,11,170,''),(379,47,11,294,''),(380,48,11,24,''),(381,49,11,31,''),(382,50,11,38,''),(383,51,11,56,''),(384,52,11,61,''),(385,53,11,72,''),(386,54,11,76,''),(387,55,11,81,''),(388,56,11,87,''),(389,57,11,91,''),(390,58,11,95,''),(391,59,11,98,''),(392,60,11,102,''),(393,61,11,106,''),(394,62,11,113,''),(395,63,11,117,''),(396,64,11,120,''),(397,65,11,162,''),(398,66,11,164,''),(399,67,11,166,''),(400,68,11,167,''),(401,69,11,169,''),(402,70,11,171,''),(403,71,11,172,''),(404,72,11,173,''),(405,73,11,174,''),(406,74,11,175,''),(407,75,11,176,''),(408,76,11,177,''),(409,77,11,178,''),(410,78,11,179,''),(411,79,11,180,''),(412,80,11,181,''),(413,81,11,182,''),(414,82,11,183,''),(415,83,11,184,''),(416,84,11,185,''),(417,85,11,186,''),(418,86,11,187,''),(419,87,11,188,''),(420,88,11,189,''),(421,89,11,190,''),(422,90,11,191,''),(423,91,11,192,''),(424,92,11,291,''),(425,93,11,292,''),(426,94,11,293,''),(427,95,11,2,''),(428,96,11,9,''),(429,97,11,43,''),(430,98,11,48,''),(431,99,11,60,''),(432,100,11,86,''),(433,101,11,109,''),(434,102,11,112,''),(435,103,11,115,''),(436,104,11,116,''),(437,105,11,119,''),(438,106,11,122,''),(439,107,11,125,''),(440,108,11,128,''),(441,109,11,193,''),(442,110,11,194,''),(443,111,11,195,''),(444,112,11,196,''),(445,113,11,197,''),(446,114,11,198,''),(447,115,11,199,''),(448,116,11,200,''),(449,117,11,201,''),(450,118,11,202,''),(451,119,11,203,''),(452,120,11,204,''),(453,121,11,205,''),(454,122,11,206,''),(455,123,11,207,''),(456,124,11,208,''),(457,125,11,210,''),(458,126,11,212,''),(459,127,11,214,''),(460,128,11,216,''),(461,129,11,218,''),(462,130,11,219,''),(463,131,11,221,''),(464,132,11,222,''),(465,133,11,224,''),(466,134,11,226,''),(467,135,11,228,''),(468,136,11,230,''),(469,137,11,231,''),(470,138,11,232,''),(471,139,11,233,''),(472,140,11,234,''),(473,141,11,235,''),(474,142,11,236,''),(475,143,11,237,''),(476,144,11,289,''),(477,145,11,65,''),(478,146,11,70,''),(479,147,11,75,''),(480,148,11,80,''),(481,149,11,85,''),(482,150,11,90,''),(483,151,11,94,''),(484,152,11,131,''),(485,153,11,134,''),(486,154,11,137,''),(487,155,11,139,''),(488,156,11,209,''),(489,157,11,211,''),(490,158,11,213,''),(491,159,11,215,''),(492,160,11,217,''),(493,161,11,220,''),(494,162,11,223,''),(495,163,11,225,''),(496,164,11,238,''),(497,165,11,239,''),(498,166,11,240,''),(499,167,11,241,''),(500,168,11,242,''),(501,169,11,243,''),(502,170,11,244,''),(503,171,11,245,''),(504,172,11,246,''),(505,173,11,247,''),(506,174,11,248,''),(507,175,11,249,''),(508,176,11,250,''),(509,177,11,251,''),(510,178,11,252,''),(511,179,11,253,''),(512,180,11,254,''),(513,181,11,255,''),(514,182,11,256,''),(515,183,11,257,''),(516,184,11,258,''),(517,185,11,259,''),(518,186,11,260,''),(519,187,11,261,''),(520,188,11,262,''),(521,189,11,263,''),(522,190,11,264,''),(523,191,11,286,''),(524,192,11,287,''),(525,193,11,142,''),(526,194,11,144,''),(527,195,11,147,''),(528,196,11,150,''),(529,197,11,152,''),(530,198,11,227,''),(531,199,11,229,''),(532,200,11,265,''),(533,201,11,266,''),(534,202,11,267,''),(535,203,11,268,''),(536,204,11,269,''),(537,205,11,270,''),(538,206,11,271,''),(539,207,11,272,''),(540,208,11,273,''),(541,209,11,274,''),(542,210,11,275,''),(543,211,11,276,''),(544,212,11,278,''),(545,213,11,279,''),(546,214,11,280,''),(547,215,11,281,''),(548,216,11,282,''),(549,217,11,283,''),(550,218,11,284,''),(551,1,12,154,''),(552,2,12,156,''),(553,3,12,158,''),(554,4,12,160,''),(555,5,12,162,''),(556,6,12,164,''),(557,7,12,166,''),(558,8,12,167,''),(559,9,12,169,''),(560,10,12,171,''),(561,11,12,173,''),(562,12,12,175,''),(563,13,12,177,''),(564,14,12,179,''),(565,15,12,180,''),(566,16,12,182,''),(567,17,12,184,''),(568,18,12,186,''),(569,19,12,188,''),(570,20,12,191,''),(571,21,12,194,''),(572,22,12,196,''),(573,1,13,284,''),(574,2,13,285,''),(575,3,13,286,''),(576,4,13,287,''),(577,5,13,291,''),(578,1,14,198,''),(579,2,14,200,''),(580,3,14,202,''),(581,4,14,204,''),(582,5,14,206,''),(583,6,14,208,''),(584,7,14,210,''),(585,8,14,212,''),(586,9,14,214,''),(587,10,14,216,''),(588,11,14,218,''),(589,12,14,219,''),(590,13,14,221,''),(591,14,14,222,''),(592,15,14,224,''),(593,16,14,226,''),(594,17,14,228,''),(595,18,14,230,''),(596,19,14,231,''),(597,20,14,232,''),(598,21,14,233,''),(599,22,14,234,''),(600,23,14,235,''),(601,24,14,236,''),(602,25,14,237,''),(603,26,14,238,''),(604,27,14,239,''),(605,28,14,240,''),(606,29,14,241,''),(607,30,14,242,''),(608,31,14,243,''),(609,32,14,244,''),(610,33,14,245,''),(611,34,14,246,''),(612,35,14,247,''),(613,36,14,248,''),(614,37,14,249,''),(615,38,14,250,''),(616,39,14,251,''),(617,40,14,252,''),(618,41,14,253,''),(619,42,14,254,''),(620,43,14,255,''),(621,44,14,256,''),(622,45,14,257,''),(623,46,14,258,''),(624,47,14,259,''),(625,48,14,260,''),(626,49,14,261,''),(627,50,14,262,''),(628,51,14,263,''),(629,52,14,264,''),(630,53,14,265,''),(631,54,14,266,''),(632,55,14,267,''),(633,56,14,268,''),(634,57,14,269,''),(635,58,14,270,''),(636,59,14,271,''),(637,60,14,272,''),(638,61,14,273,''),(639,62,14,274,''),(640,63,14,275,''),(641,64,14,276,''),(642,65,14,277,''),(643,66,14,278,''),(644,67,14,279,''),(645,68,14,280,''),(646,69,14,281,''),(647,70,14,282,''),(648,71,14,283,'');
/*!40000 ALTER TABLE `categories_videocategory` ENABLE KEYS */;
UNLOCK TABLES;

--
-- Table structure for table `courses_certificate`
--

DROP TABLE IF EXISTS `courses_certificate`;
/*!40101 SET @saved_cs_client     = @@character_set_client */;
/*!40101 SET character_set_client = utf8 */;
CREATE TABLE `courses_certificate` (
  `course_name` varchar(150) NOT NULL,
  `course_hours` int(11) NOT NULL,
  `identifier` varchar(150) NOT NULL,
  `percentage` int(11) NOT NULL,
  `user_id` int(11) NOT NULL,
  `completion_date` datetime(6),
  PRIMARY KEY (`identifier`),
  KEY `courses_certificate_user_id_d83364d1_fk_users_myuser_id` (`user_id`),
  CONSTRAINT `courses_certificate_user_id_d83364d1_fk_users_myuser_id` FOREIGN KEY (`user_id`) REFERENCES `users_myuser` (`id`)
) ENGINE=InnoDB DEFAULT CHARSET=latin1;
/*!40101 SET character_set_client = @saved_cs_client */;

--
-- Dumping data for table `courses_certificate`
--

LOCK TABLES `courses_certificate` WRITE;
/*!40000 ALTER TABLE `courses_certificate` DISABLE KEYS */;
INSERT INTO `courses_certificate` VALUES ('Direito do Trabalho',34,'03u0dp2ypo4zsjzpgmqceppi9',100,1,'2017-09-01 18:58:47.127667'),('Direito do Trabalho',34,'1slsnzfaiublpvpq78psp2l4d',100,3,'2017-09-18 20:07:54.312470'),('Direito do Trabalho',34,'3dti849cnyhpciuzsy1hrd7c9',100,1,'2017-08-29 23:46:53.713233'),('Direito do Trabalho',34,'bhigl00hflq0tzgsfqugfvvea',100,3,'2017-09-20 21:22:21.171956'),('Direito do Trabalho',34,'nrjwcdsh4fsq7b8srjqh2tvb6',50,1,'2017-08-29 23:14:46.624456'),('Direito do Trabalho',34,'uqtqDN2fgzeS3KWpUVfe3m',50,1,'2017-05-15 01:32:47.111747');
/*!40000 ALTER TABLE `courses_certificate` ENABLE KEYS */;
UNLOCK TABLES;

--
-- Table structure for table `courses_course`
--

DROP TABLE IF EXISTS `courses_course`;
/*!40101 SET @saved_cs_client     = @@character_set_client */;
/*!40101 SET character_set_client = utf8 */;
CREATE TABLE `courses_course` (
  `id` int(11) NOT NULL AUTO_INCREMENT,
  `name` varchar(150) NOT NULL,
  `description` longtext NOT NULL,
  `price` decimal(10,2) NOT NULL,
  `trailer_url` varchar(300) NOT NULL,
  `hidden` tinyint(1) NOT NULL,
  `hours` int(11) NOT NULL,
  `professor_id` int(11) DEFAULT NULL,
  `thumbnail` varchar(100) NOT NULL,
  `thumbnail_ratio` varchar(255) NOT NULL,
  `total_questions` int(11) NOT NULL,
  PRIMARY KEY (`id`),
  KEY `courses_course_professor_id_a3488048_fk_categories_professor_id` (`professor_id`),
  CONSTRAINT `courses_course_professor_id_a3488048_fk_categories_professor_id` FOREIGN KEY (`professor_id`) REFERENCES `categories_professor` (`id`)
) ENGINE=InnoDB AUTO_INCREMENT=7 DEFAULT CHARSET=latin1;
/*!40101 SET character_set_client = @saved_cs_client */;

--
-- Dumping data for table `courses_course`
--

LOCK TABLES `courses_course` WRITE;
/*!40000 ALTER TABLE `courses_course` DISABLE KEYS */;
INSERT INTO `courses_course` VALUES (5,'Direito do Trabalho','DET Direito do Trabalho DET Direito do Trabalho DET Direito do Trabalho DET Direito do Trabalho DET Direito do Trabalho DET Direito do Trabalho DET Direito do Trabalho DET Direito do Trabalho DET Direito do Trabalho DET Direito do Trabalho DET Direito do Trabalho DET Direito do Trabalho DET Direito do Trabalho DET Direito do Trabalho',11.00,'-9yYJ6ZAYns',0,34,1,'coursethumbnails/5/h964q7j5g19nz1l1vh6khwof7.JPG','11,0,1589,800',2),(6,'Direito Civil','Essa éa  descrição',30.00,'',0,50,1,'logodefault.png','11,0,1589,800',0);
/*!40000 ALTER TABLE `courses_course` ENABLE KEYS */;
UNLOCK TABLES;

--
-- Table structure for table `courses_courseitem`
--

DROP TABLE IF EXISTS `courses_courseitem`;
/*!40101 SET @saved_cs_client     = @@character_set_client */;
/*!40101 SET character_set_client = utf8 */;
CREATE TABLE `courses_courseitem` (
  `id` int(11) NOT NULL AUTO_INCREMENT,
  `position` int(11) NOT NULL,
  `course_id` int(11) NOT NULL,
  `video_id` int(11) DEFAULT NULL,
  `title` varchar(150) NOT NULL,
  `test_id` int(11) DEFAULT NULL,
  `reading_id` int(11) DEFAULT NULL,
  PRIMARY KEY (`id`),
  UNIQUE KEY `courses_courseitem_test_id_9cefc0b2_uniq` (`test_id`),
  KEY `courses_courseitem_ea134da7` (`course_id`),
  KEY `courses_courseitem_video_id_47cee192_fk_videos_video_id` (`video_id`),
  KEY `courses_courseitem_reading_id_417e7fbd_fk_readings_reading_id` (`reading_id`),
  CONSTRAINT `courses_courseitem_course_id_529fd5a2_fk_courses_course_id` FOREIGN KEY (`course_id`) REFERENCES `courses_course` (`id`),
  CONSTRAINT `courses_courseitem_reading_id_417e7fbd_fk_readings_reading_id` FOREIGN KEY (`reading_id`) REFERENCES `readings_reading` (`id`),
  CONSTRAINT `courses_courseitem_test_id_9cefc0b2_fk_coursetests_coursetest_id` FOREIGN KEY (`test_id`) REFERENCES `coursetests_coursetest` (`id`),
  CONSTRAINT `courses_courseitem_video_id_47cee192_fk_videos_video_id` FOREIGN KEY (`video_id`) REFERENCES `videos_video` (`id`)
) ENGINE=InnoDB AUTO_INCREMENT=9 DEFAULT CHARSET=latin1;
/*!40101 SET character_set_client = @saved_cs_client */;

--
-- Dumping data for table `courses_courseitem`
--

LOCK TABLES `courses_courseitem` WRITE;
/*!40000 ALTER TABLE `courses_courseitem` DISABLE KEYS */;
INSERT INTO `courses_courseitem` VALUES (2,2,5,15,'Artigo sei lá',NULL,NULL),(3,1,5,6,'Olá',NULL,NULL),(4,3,5,NULL,'Test 1',1,NULL),(5,4,5,NULL,'reading no 1',NULL,1),(6,5,5,15,'Video 3',NULL,NULL),(7,1,6,1,'Video 1',NULL,NULL),(8,2,6,NULL,'Leitura 1',NULL,2);
/*!40000 ALTER TABLE `courses_courseitem` ENABLE KEYS */;
UNLOCK TABLES;

--
-- Table structure for table `courses_coursetopic`
--

DROP TABLE IF EXISTS `courses_coursetopic`;
/*!40101 SET @saved_cs_client     = @@character_set_client */;
/*!40101 SET character_set_client = utf8 */;
CREATE TABLE `courses_coursetopic` (
  `id` int(11) NOT NULL AUTO_INCREMENT,
  `text` varchar(200) NOT NULL,
  `course_id` int(11) NOT NULL,
  PRIMARY KEY (`id`),
  KEY `courses_coursetopics_course_id_08f52c1c_fk_courses_course_id` (`course_id`),
  CONSTRAINT `courses_coursetopics_course_id_08f52c1c_fk_courses_course_id` FOREIGN KEY (`course_id`) REFERENCES `courses_course` (`id`)
) ENGINE=InnoDB AUTO_INCREMENT=7 DEFAULT CHARSET=latin1;
/*!40101 SET character_set_client = @saved_cs_client */;

--
-- Dumping data for table `courses_coursetopic`
--

LOCK TABLES `courses_coursetopic` WRITE;
/*!40000 ALTER TABLE `courses_coursetopic` DISABLE KEYS */;
INSERT INTO `courses_coursetopic` VALUES (1,'Como se comportar bem direitinho',5),(2,'Os fundamentos do direito do trabalho e tal etal e tal',5),(3,'Como fazer uma caipirinha decente',5),(4,'Aprender direito',5),(5,'Sobre direito civil',6),(6,'Materias para a faculdade',6);
/*!40000 ALTER TABLE `courses_coursetopic` ENABLE KEYS */;
UNLOCK TABLES;

--
-- Table structure for table `courses_usercourserelationship`
--

DROP TABLE IF EXISTS `courses_usercourserelationship`;
/*!40101 SET @saved_cs_client     = @@character_set_client */;
/*!40101 SET character_set_client = utf8 */;
CREATE TABLE `courses_usercourserelationship` (
  `id` int(11) NOT NULL AUTO_INCREMENT,
  `correct_answers` int(11) NOT NULL,
  `course_id` int(11) NOT NULL,
  `user_id` int(11) NOT NULL,
  `completed` tinyint(1) NOT NULL,
  `completion_date` datetime(6) DEFAULT NULL,
  `start_date` datetime(6) NOT NULL,
  `questions_answered` int(11) NOT NULL,
  `last_accessed_item_id` int(11) DEFAULT NULL,
  `total_questions` int(11) NOT NULL,
  `passed` tinyint(1) NOT NULL,
  `passing_grade` int(11) NOT NULL,
  `certificate_id` varchar(150) DEFAULT NULL,
  PRIMARY KEY (`id`),
  UNIQUE KEY `certificate_id` (`certificate_id`),
  KEY `courses__last_accessed_item_id_f78884dd_fk_courses_courseitem_id` (`last_accessed_item_id`),
  KEY `courses_usercoursere_course_id_d27f6489_fk_courses_c` (`course_id`),
  KEY `courses_usercoursere_user_id_18b3fc77_fk_users_myu` (`user_id`),
  CONSTRAINT `courses__last_accessed_item_id_f78884dd_fk_courses_courseitem_id` FOREIGN KEY (`last_accessed_item_id`) REFERENCES `courses_courseitem` (`id`),
  CONSTRAINT `courses_usercoursere_certificate_id_e4686b40_fk_courses_c` FOREIGN KEY (`certificate_id`) REFERENCES `courses_certificate` (`identifier`),
  CONSTRAINT `courses_usercoursere_course_id_d27f6489_fk_courses_c` FOREIGN KEY (`course_id`) REFERENCES `courses_course` (`id`),
  CONSTRAINT `courses_usercoursere_user_id_18b3fc77_fk_users_myu` FOREIGN KEY (`user_id`) REFERENCES `users_myuser` (`id`)
) ENGINE=InnoDB AUTO_INCREMENT=27 DEFAULT CHARSET=latin1;
/*!40101 SET character_set_client = @saved_cs_client */;

--
-- Dumping data for table `courses_usercourserelationship`
--

LOCK TABLES `courses_usercourserelationship` WRITE;
/*!40000 ALTER TABLE `courses_usercourserelationship` DISABLE KEYS */;
INSERT INTO `courses_usercourserelationship` VALUES (19,0,6,1,0,NULL,'2017-08-29 23:12:18.925664',0,NULL,0,0,70,NULL),(22,2,5,1,1,'2017-09-01 18:58:47.125026','2017-09-01 18:57:29.598303',2,3,2,1,70,'03u0dp2ypo4zsjzpgmqceppi9'),(26,2,5,3,1,'2017-09-20 21:22:21.169411','2017-09-19 12:50:16.843273',2,5,2,1,70,'bhigl00hflq0tzgsfqugfvvea');
/*!40000 ALTER TABLE `courses_usercourserelationship` ENABLE KEYS */;
UNLOCK TABLES;

--
-- Table structure for table `courses_useritemrelationship`
--

DROP TABLE IF EXISTS `courses_useritemrelationship`;
/*!40101 SET @saved_cs_client     = @@character_set_client */;
/*!40101 SET character_set_client = utf8 */;
CREATE TABLE `courses_useritemrelationship` (
  `id` int(11) NOT NULL AUTO_INCREMENT,
  `done` tinyint(1) NOT NULL,
  `course_item_id` int(11) NOT NULL,
  `user_id` int(11) NOT NULL,
  PRIMARY KEY (`id`),
  KEY `courses_userite_course_item_id_da4e46c0_fk_courses_courseitem_id` (`course_item_id`),
  KEY `courses_useritemrelationship_user_id_6863f9d2_fk_users_myuser_id` (`user_id`),
  CONSTRAINT `courses_userite_course_item_id_da4e46c0_fk_courses_courseitem_id` FOREIGN KEY (`course_item_id`) REFERENCES `courses_courseitem` (`id`),
  CONSTRAINT `courses_useritemrelationship_user_id_6863f9d2_fk_users_myuser_id` FOREIGN KEY (`user_id`) REFERENCES `users_myuser` (`id`)
) ENGINE=InnoDB AUTO_INCREMENT=104 DEFAULT CHARSET=latin1;
/*!40101 SET character_set_client = @saved_cs_client */;

--
-- Dumping data for table `courses_useritemrelationship`
--

LOCK TABLES `courses_useritemrelationship` WRITE;
/*!40000 ALTER TABLE `courses_useritemrelationship` DISABLE KEYS */;
INSERT INTO `courses_useritemrelationship` VALUES (67,0,7,1),(68,0,8,1),(79,1,3,1),(80,0,2,1),(81,1,4,1),(82,0,5,1),(83,0,6,1),(99,0,2,3),(100,0,3,3),(101,1,4,3),(102,1,5,3),(103,1,6,3);
/*!40000 ALTER TABLE `courses_useritemrelationship` ENABLE KEYS */;
UNLOCK TABLES;

--
-- Table structure for table `coursetests_alternative`
--

DROP TABLE IF EXISTS `coursetests_alternative`;
/*!40101 SET @saved_cs_client     = @@character_set_client */;
/*!40101 SET character_set_client = utf8 */;
CREATE TABLE `coursetests_alternative` (
  `id` int(11) NOT NULL AUTO_INCREMENT,
  `correct` tinyint(1) NOT NULL,
  `question_id` int(11) NOT NULL,
  `text` longtext NOT NULL,
  PRIMARY KEY (`id`),
  KEY `coursetests_alternative_7aa0f6ee` (`question_id`),
  CONSTRAINT `coursetests_alte_question_id_fabf7bbd_fk_coursetests_question_id` FOREIGN KEY (`question_id`) REFERENCES `coursetests_question` (`id`)
) ENGINE=InnoDB AUTO_INCREMENT=8 DEFAULT CHARSET=latin1;
/*!40101 SET character_set_client = @saved_cs_client */;

--
-- Dumping data for table `coursetests_alternative`
--

LOCK TABLES `coursetests_alternative` WRITE;
/*!40000 ALTER TABLE `coursetests_alternative` DISABLE KEYS */;
INSERT INTO `coursetests_alternative` VALUES (1,0,2,'1 wood'),(2,1,2,'A fuckton of wood'),(3,0,2,'Some wood wood wood wood wood wood wood wood wood wood wood wood wood wood wood wood wood wood wood wood wood wood wood wood wood wood wood wood wood wood wood wood wood wood wood wood wood wood wood wood wood wood wood wood wood wood wood wood wood'),(4,0,1,'3'),(5,0,1,'7'),(6,1,1,'2'),(7,0,1,'Pão de Queijo');
/*!40000 ALTER TABLE `coursetests_alternative` ENABLE KEYS */;
UNLOCK TABLES;

--
-- Table structure for table `coursetests_coursetest`
--

DROP TABLE IF EXISTS `coursetests_coursetest`;
/*!40101 SET @saved_cs_client     = @@character_set_client */;
/*!40101 SET character_set_client = utf8 */;
CREATE TABLE `coursetests_coursetest` (
  `id` int(11) NOT NULL AUTO_INCREMENT,
  `title` varchar(150) NOT NULL,
  `ref` varchar(150) NOT NULL,
  PRIMARY KEY (`id`)
) ENGINE=InnoDB AUTO_INCREMENT=2 DEFAULT CHARSET=latin1;
/*!40101 SET character_set_client = @saved_cs_client */;

--
-- Dumping data for table `coursetests_coursetest`
--

LOCK TABLES `coursetests_coursetest` WRITE;
/*!40000 ALTER TABLE `coursetests_coursetest` DISABLE KEYS */;
INSERT INTO `coursetests_coursetest` VALUES (1,'Primeiro Teste','');
/*!40000 ALTER TABLE `coursetests_coursetest` ENABLE KEYS */;
UNLOCK TABLES;

--
-- Table structure for table `coursetests_question`
--

DROP TABLE IF EXISTS `coursetests_question`;
/*!40101 SET @saved_cs_client     = @@character_set_client */;
/*!40101 SET character_set_client = utf8 */;
CREATE TABLE `coursetests_question` (
  `id` int(11) NOT NULL AUTO_INCREMENT,
  `text` varchar(250) NOT NULL,
  `test_id` int(11) NOT NULL,
  `answer_type` varchar(15) NOT NULL,
  PRIMARY KEY (`id`),
  KEY `coursetests_questi_test_id_079679a2_fk_coursetests_coursetest_id` (`test_id`),
  CONSTRAINT `coursetests_questi_test_id_079679a2_fk_coursetests_coursetest_id` FOREIGN KEY (`test_id`) REFERENCES `coursetests_coursetest` (`id`)
) ENGINE=InnoDB AUTO_INCREMENT=3 DEFAULT CHARSET=latin1;
/*!40101 SET character_set_client = @saved_cs_client */;

--
-- Dumping data for table `coursetests_question`
--

LOCK TABLES `coursetests_question` WRITE;
/*!40000 ALTER TABLE `coursetests_question` DISABLE KEYS */;
INSERT INTO `coursetests_question` VALUES (1,'Quanto é 1 + 1?',1,'correct'),(2,'How much wood would a woodchuck chuck if a wood chuck could chuck wood?',1,'correct');
/*!40000 ALTER TABLE `coursetests_question` ENABLE KEYS */;
UNLOCK TABLES;

--
-- Table structure for table `coursetests_userquestionrelationship`
--

DROP TABLE IF EXISTS `coursetests_userquestionrelationship`;
/*!40101 SET @saved_cs_client     = @@character_set_client */;
/*!40101 SET character_set_client = utf8 */;
CREATE TABLE `coursetests_userquestionrelationship` (
  `id` int(11) NOT NULL AUTO_INCREMENT,
  `answered` tinyint(1) NOT NULL,
  `answered_correctly` tinyint(1) NOT NULL,
  `question_id` int(11) NOT NULL,
  `user_id` int(11) NOT NULL,
  PRIMARY KEY (`id`),
  KEY `coursetests_user_question_id_73837916_fk_coursetests_question_id` (`question_id`),
  KEY `coursetests_userques_user_id_bf6d5953_fk_users_myu` (`user_id`),
  CONSTRAINT `coursetests_user_question_id_73837916_fk_coursetests_question_id` FOREIGN KEY (`question_id`) REFERENCES `coursetests_question` (`id`),
  CONSTRAINT `coursetests_userques_user_id_bf6d5953_fk_users_myu` FOREIGN KEY (`user_id`) REFERENCES `users_myuser` (`id`)
) ENGINE=InnoDB AUTO_INCREMENT=37 DEFAULT CHARSET=latin1;
/*!40101 SET character_set_client = @saved_cs_client */;

--
-- Dumping data for table `coursetests_userquestionrelationship`
--

LOCK TABLES `coursetests_userquestionrelationship` WRITE;
/*!40000 ALTER TABLE `coursetests_userquestionrelationship` DISABLE KEYS */;
INSERT INTO `coursetests_userquestionrelationship` VALUES (27,1,1,1,1),(28,1,1,2,1),(35,1,1,1,3),(36,1,1,2,3);
/*!40000 ALTER TABLE `coursetests_userquestionrelationship` ENABLE KEYS */;
UNLOCK TABLES;

--
-- Table structure for table `django_admin_log`
--

DROP TABLE IF EXISTS `django_admin_log`;
/*!40101 SET @saved_cs_client     = @@character_set_client */;
/*!40101 SET character_set_client = utf8 */;
CREATE TABLE `django_admin_log` (
  `id` int(11) NOT NULL AUTO_INCREMENT,
  `action_time` datetime(6) NOT NULL,
  `object_id` longtext,
  `object_repr` varchar(200) NOT NULL,
  `action_flag` smallint(5) unsigned NOT NULL,
  `change_message` longtext NOT NULL,
  `content_type_id` int(11) DEFAULT NULL,
  `user_id` int(11) NOT NULL,
  PRIMARY KEY (`id`),
  KEY `django_admin__content_type_id_c4bce8eb_fk_django_content_type_id` (`content_type_id`),
  KEY `django_admin_log_user_id_c564eba6_fk_users_myuser_id` (`user_id`),
  CONSTRAINT `django_admin__content_type_id_c4bce8eb_fk_django_content_type_id` FOREIGN KEY (`content_type_id`) REFERENCES `django_content_type` (`id`),
  CONSTRAINT `django_admin_log_user_id_c564eba6_fk_users_myuser_id` FOREIGN KEY (`user_id`) REFERENCES `users_myuser` (`id`)
) ENGINE=InnoDB AUTO_INCREMENT=33 DEFAULT CHARSET=latin1;
/*!40101 SET character_set_client = @saved_cs_client */;

--
-- Dumping data for table `django_admin_log`
--

LOCK TABLES `django_admin_log` WRITE;
/*!40000 ALTER TABLE `django_admin_log` DISABLE KEYS */;
INSERT INTO `django_admin_log` VALUES (1,'2017-04-01 00:08:35.814962','5','Course object',2,'[{\"added\": {\"object\": \"CourseItem object\", \"name\": \"course item\"}}, {\"changed\": {\"fields\": [\"item_type\"], \"object\": \"CourseItem object\", \"name\": \"course item\"}}]',27,1),(2,'2017-04-02 03:34:13.918249','1','CourseTest object',1,'[{\"added\": {}}, {\"added\": {\"object\": \"Question object\", \"name\": \"question\"}}]',34,1),(3,'2017-04-02 03:35:04.166850','1','CourseTest object',2,'[{\"changed\": {\"fields\": [\"title\"]}}, {\"added\": {\"object\": \"Question object\", \"name\": \"question\"}}]',34,1),(4,'2017-04-02 03:36:47.941901','2','Question object',2,'[{\"added\": {\"object\": \"Alternative object\", \"name\": \"alternative\"}}, {\"added\": {\"object\": \"Alternative object\", \"name\": \"alternative\"}}, {\"added\": {\"object\": \"Alternative object\", \"name\": \"alternative\"}}]',32,1),(5,'2017-04-02 03:36:55.329506','1','Question object',2,'[{\"added\": {\"object\": \"Alternative object\", \"name\": \"alternative\"}}, {\"added\": {\"object\": \"Alternative object\", \"name\": \"alternative\"}}, {\"added\": {\"object\": \"Alternative object\", \"name\": \"alternative\"}}]',32,1),(6,'2017-04-02 03:40:06.605781','5','Course object',2,'[{\"added\": {\"object\": \"CourseItem object\", \"name\": \"course item\"}}]',27,1),(7,'2017-04-02 03:40:54.962897','5','Course object',2,'[]',27,1),(8,'2017-04-02 20:11:33.203621','1','Question object',2,'[{\"changed\": {\"fields\": [\"correct\"], \"object\": \"Alternative object\", \"name\": \"alternative\"}}]',32,1),(9,'2017-04-02 20:31:46.958304','1','Question object',2,'[{\"added\": {\"object\": \"Alternative object\", \"name\": \"alternative\"}}, {\"changed\": {\"fields\": [\"correct\"], \"object\": \"Alternative object\", \"name\": \"alternative\"}}, {\"changed\": {\"fields\": [\"correct\"], \"object\": \"Alternative object\", \"name\": \"alternative\"}}]',32,1),(10,'2017-04-02 20:32:50.249817','1','Question object',2,'[]',32,1),(11,'2017-04-02 22:06:18.257383','2','Question object',2,'[{\"changed\": {\"fields\": [\"correct\"], \"object\": \"Alternative object\", \"name\": \"alternative\"}}]',32,1),(12,'2017-04-03 00:07:29.963439','5','Course object',2,'[{\"changed\": {\"fields\": [\"total_questions\"]}}]',27,1),(13,'2017-04-11 22:18:34.413109','1','Reading object',1,'[{\"added\": {}}]',36,1),(14,'2017-04-11 22:46:12.513107','5','Course object',2,'[{\"added\": {\"object\": \"CourseItem object\", \"name\": \"course item\"}}]',27,1),(15,'2017-04-11 22:54:36.581299','1','Reading object',2,'[{\"changed\": {\"fields\": [\"reading_file\"]}}]',36,1),(16,'2017-04-11 23:06:49.191083','5','Course object',2,'[{\"changed\": {\"fields\": [\"price\"]}}]',27,1),(17,'2017-04-11 23:07:37.803318','5','Course object',2,'[{\"changed\": {\"fields\": [\"price\"]}}]',27,1),(18,'2017-04-11 23:08:35.891815','5','Course object',2,'[{\"changed\": {\"fields\": [\"price\"]}}]',27,1),(19,'2017-04-23 03:03:56.067645','8','Pessoa e Personalidade - Art. 1º do Cuódigo Civil',2,'[{\"changed\": {\"fields\": [\"title\", \"thumbnail\", \"professor\"]}}]',7,1),(20,'2017-04-23 03:04:47.833089','6','Pessoa e Personalidade - Art. 1º do Cóódigo Civil',2,'[{\"changed\": {\"fields\": [\"title\", \"thumbnail\", \"professor\"]}}]',7,1),(21,'2017-04-23 03:14:38.461816','6','Pessoa e Personalidade - Art. 1º do Cóódigo Civil',2,'[{\"changed\": {\"fields\": [\"thumbnail\"]}}, {\"added\": {\"object\": \"ComplementaryMaterial object\", \"name\": \"complementary material\"}}, {\"added\": {\"object\": \"ComplementaryMaterial object\", \"name\": \"complementary material\"}}]',7,1),(22,'2017-04-26 00:26:13.101228','6','Pessoa e Personalidade - Art. 1º do Cóódigo Civil',2,'[{\"changed\": {\"fields\": [\"thumbnail\"]}}, {\"added\": {\"object\": \"ComplementaryMaterial object\", \"name\": \"complementary material\"}}]',7,1),(23,'2017-04-26 00:39:04.109611','5','Course object',2,'[{\"added\": {\"object\": \"CourseTopic object\", \"name\": \"course topic\"}}, {\"added\": {\"object\": \"CourseItem object\", \"name\": \"course item\"}}]',27,1),(24,'2017-04-26 00:41:38.831146','5','Course object',2,'[{\"changed\": {\"fields\": [\"thumbnail\"]}}]',27,1),(25,'2017-04-26 00:43:02.087516','5','Course object',2,'[{\"changed\": {\"fields\": [\"thumbnail\"]}}]',27,1),(26,'2017-04-26 01:47:41.572985','2','Reading object',1,'[{\"added\": {}}]',36,1),(27,'2017-04-26 01:47:55.529257','6','Course object',1,'[{\"added\": {}}, {\"added\": {\"object\": \"CourseTopic object\", \"name\": \"course topic\"}}, {\"added\": {\"object\": \"CourseTopic object\", \"name\": \"course topic\"}}, {\"added\": {\"object\": \"CourseItem object\", \"name\": \"course item\"}}, {\"added\": {\"object\": \"CourseItem object\", \"name\": \"course item\"}}]',27,1),(28,'2017-05-03 01:51:24.169944','5','Course object',2,'[{\"changed\": {\"fields\": [\"price\", \"thumbnail\"]}}]',27,1),(29,'2017-05-03 02:32:10.204305','5','Course object',2,'[{\"changed\": {\"fields\": [\"price\", \"thumbnail\"]}}]',27,1),(30,'2017-07-16 19:59:28.255431','6','Course object',2,'[{\"changed\": {\"fields\": [\"short_description\"]}}]',27,3),(31,'2017-07-16 20:00:47.141108','5','Course object',2,'[{\"changed\": {\"fields\": [\"short_description\", \"thumbnail\"]}}]',27,3),(32,'2017-09-09 19:18:18.919338','3','fabiogelbcke@gmail.com',2,'[{\"changed\": {\"fields\": [\"is_beta\"]}}]',20,3);
/*!40000 ALTER TABLE `django_admin_log` ENABLE KEYS */;
UNLOCK TABLES;

--
-- Table structure for table `django_content_type`
--

DROP TABLE IF EXISTS `django_content_type`;
/*!40101 SET @saved_cs_client     = @@character_set_client */;
/*!40101 SET character_set_client = utf8 */;
CREATE TABLE `django_content_type` (
  `id` int(11) NOT NULL AUTO_INCREMENT,
  `app_label` varchar(100) NOT NULL,
  `model` varchar(100) NOT NULL,
  PRIMARY KEY (`id`),
  UNIQUE KEY `django_content_type_app_label_45f3b1d93ec8c61c_uniq` (`app_label`,`model`)
) ENGINE=InnoDB AUTO_INCREMENT=42 DEFAULT CHARSET=latin1;
/*!40101 SET character_set_client = @saved_cs_client */;

--
-- Dumping data for table `django_content_type`
--

LOCK TABLES `django_content_type` WRITE;
/*!40000 ALTER TABLE `django_content_type` DISABLE KEYS */;
INSERT INTO `django_content_type` VALUES (1,'admin','logentry'),(3,'auth','group'),(2,'auth','permission'),(10,'categories','category'),(9,'categories','professor'),(11,'categories','videocategory'),(5,'contenttypes','contenttype'),(41,'courses','certificate'),(27,'courses','course'),(26,'courses','courseitem'),(29,'courses','coursetopic'),(31,'courses','usercourserelationship'),(30,'courses','useritemrelationship'),(33,'coursetests','alternative'),(34,'coursetests','coursetest'),(32,'coursetests','question'),(35,'coursetests','userquestionrelationship'),(13,'easy_thumbnails','source'),(14,'easy_thumbnails','thumbnail'),(15,'easy_thumbnails','thumbnaildimensions'),(18,'hitcount','blacklistip'),(19,'hitcount','blacklistuseragent'),(17,'hitcount','hit'),(16,'hitcount','hitcount'),(12,'mailing','mailingemail'),(39,'payments','billinginfo'),(40,'payments','creditcard'),(38,'payments','payment'),(36,'readings','reading'),(6,'sessions','session'),(24,'social_django','association'),(22,'social_django','code'),(21,'social_django','nonce'),(25,'social_django','partial'),(23,'social_django','usersocialauth'),(20,'users','myuser'),(37,'videos','complementarymaterial'),(8,'videos','tag'),(7,'videos','video');
/*!40000 ALTER TABLE `django_content_type` ENABLE KEYS */;
UNLOCK TABLES;

--
-- Table structure for table `django_migrations`
--

DROP TABLE IF EXISTS `django_migrations`;
/*!40101 SET @saved_cs_client     = @@character_set_client */;
/*!40101 SET character_set_client = utf8 */;
CREATE TABLE `django_migrations` (
  `id` int(11) NOT NULL AUTO_INCREMENT,
  `app` varchar(255) NOT NULL,
  `name` varchar(255) NOT NULL,
  `applied` datetime(6) NOT NULL,
  PRIMARY KEY (`id`)
) ENGINE=InnoDB AUTO_INCREMENT=154 DEFAULT CHARSET=latin1;
/*!40101 SET character_set_client = @saved_cs_client */;

--
-- Dumping data for table `django_migrations`
--

LOCK TABLES `django_migrations` WRITE;
/*!40000 ALTER TABLE `django_migrations` DISABLE KEYS */;
INSERT INTO `django_migrations` VALUES (1,'contenttypes','0001_initial','2016-11-09 16:40:16.599527'),(2,'auth','0001_initial','2016-11-09 16:40:16.853787'),(4,'contenttypes','0002_remove_content_type_name','2016-11-09 16:40:16.997520'),(5,'auth','0002_alter_permission_name_max_length','2016-11-09 16:40:17.030692'),(6,'auth','0003_alter_user_email_max_length','2016-11-09 16:40:17.064405'),(7,'auth','0004_alter_user_username_opts','2016-11-09 16:40:17.081084'),(8,'auth','0005_alter_user_last_login_null','2016-11-09 16:40:17.118632'),(9,'auth','0006_require_contenttypes_0002','2016-11-09 16:40:17.121652'),(10,'videos','0001_initial','2016-11-09 16:40:17.143684'),(11,'videos','0002_auto_20161008_0129','2016-11-09 16:40:17.202101'),(12,'categories','0001_initial','2016-11-09 16:40:17.302770'),(13,'categories','0002_auto_20160918_0536','2016-11-09 16:40:17.313425'),(14,'categories','0003_category_videos','2016-11-09 16:40:17.323598'),(15,'categories','0004_category_yd_id','2016-11-09 16:40:17.370328'),(16,'categories','0005_auto_20161012_0307','2016-11-09 16:40:17.398870'),(17,'categories','0006_auto_20161012_0309','2016-11-09 16:40:17.420695'),(18,'categories','0007_auto_20161012_0310','2016-11-09 16:40:17.442281'),(19,'categories','0008_auto_20161012_1850','2016-11-09 16:40:17.597723'),(20,'categories','0009_auto_20161012_1912','2016-11-09 16:40:17.687899'),(21,'categories','0010_auto_20161012_1913','2016-11-09 16:40:17.698434'),(22,'categories','0011_category_description','2016-11-09 16:40:17.737808'),(23,'categories','0012_auto_20161013_1723','2016-11-09 16:40:17.759609'),(24,'categories','0013_videocategory_yt_position','2016-11-09 16:40:17.801575'),(25,'categories','0014_auto_20161019_0713','2016-11-09 16:40:17.846369'),(26,'categories','0015_category_hidden','2016-11-09 16:40:17.889925'),(27,'easy_thumbnails','0001_initial','2016-11-09 16:40:18.050796'),(28,'easy_thumbnails','0002_thumbnaildimensions','2016-11-09 16:40:18.095775'),(30,'mailing','0001_initial','2016-11-09 16:40:18.425120'),(31,'sessions','0001_initial','2016-11-09 16:40:18.458819'),(32,'videos','0003_video_yt_id','2016-11-09 16:40:18.492929'),(33,'videos','0004_tag','2016-11-09 16:40:18.539970'),(34,'videos','0005_auto_20161010_2036','2016-11-09 16:40:18.774916'),(35,'videos','0006_auto_20161011_0342','2016-11-09 16:40:18.823704'),(36,'videos','0007_auto_20161011_1623','2016-11-09 16:40:18.836520'),(37,'videos','0008_auto_20161012_0126','2016-11-09 16:40:18.862816'),(38,'videos','0009_video_yt_lesson_number','2016-11-09 16:40:18.914731'),(39,'videos','0010_video_professor','2016-11-09 16:40:19.051092'),(41,'auth','0007_alter_validators_add_error_messages','2017-03-20 00:36:30.592278'),(42,'auth','0008_alter_user_username_max_length','2017-03-20 00:36:30.635471'),(43,'categories','0016_auto_20170320_0036','2017-03-20 00:36:30.650074'),(44,'categories','0017_auto_20170320_0245','2017-03-20 02:48:47.668705'),(56,'social_django','0004_auto_20160423_0400','2017-03-26 08:04:55.579644'),(57,'social_django','0005_auto_20160727_2333','2017-03-26 08:04:55.581962'),(58,'social_django','0003_alter_email_max_length','2017-03-26 08:04:55.584308'),(59,'social_django','0002_add_related_name','2017-03-26 08:04:55.586193'),(60,'social_django','0001_initial','2017-03-26 08:04:55.588056'),(61,'courses','0001_initial','2017-03-27 21:44:18.464479'),(63,'courses','0002_course_hours','2017-03-27 22:11:21.609467'),(64,'courses','0003_auto_20170327_2230','2017-03-27 22:30:21.877463'),(65,'courses','0004_auto_20170327_2231','2017-03-27 22:31:14.861386'),(66,'courses','0005_remove_course_professor','2017-03-27 22:34:20.908043'),(69,'courses','0006_course_professor','2017-03-27 22:36:34.197400'),(70,'courses','0007_auto_20170327_2321','2017-03-27 23:21:10.995468'),(71,'courses','0008_auto_20170327_2322','2017-03-27 23:23:02.015928'),(72,'courses','0009_courseitem_title','2017-03-27 23:29:20.969123'),(73,'courses','0010_auto_20170327_2331','2017-03-27 23:31:10.848084'),(80,'users','0001_initial','2017-03-31 23:23:04.795795'),(81,'users','0002_auto_20170327_2143','2017-03-31 23:23:04.833332'),(82,'users','0003_myuser_course_hours','2017-03-31 23:23:04.872597'),(83,'admin','0001_initial','2017-03-31 23:23:13.829364'),(84,'admin','0002_logentry_remove_auto_add','2017-03-31 23:23:13.867117'),(85,'courses','0011_auto_20170331_1543','2017-03-31 23:23:14.278382'),(86,'courses','0012_usercourserelationship_completed','2017-03-31 23:23:14.329558'),(87,'courses','0013_course_users','2017-03-31 23:23:14.349392'),(88,'courses','0014_auto_20170331_1708','2017-03-31 23:23:14.514992'),(89,'courses','0015_auto_20170331_1710','2017-03-31 23:23:14.604683'),(90,'hitcount','0001_initial','2017-03-31 23:23:14.922814'),(91,'default','0001_initial','2017-03-31 23:23:21.138597'),(92,'social_auth','0001_initial','2017-03-31 23:23:21.140725'),(93,'default','0002_add_related_name','2017-03-31 23:23:21.197605'),(94,'social_auth','0002_add_related_name','2017-03-31 23:23:21.199933'),(95,'default','0003_alter_email_max_length','2017-03-31 23:23:21.233915'),(96,'social_auth','0003_alter_email_max_length','2017-03-31 23:23:21.237477'),(97,'default','0004_auto_20160423_0400','2017-03-31 23:23:21.262470'),(98,'social_auth','0004_auto_20160423_0400','2017-03-31 23:23:21.265261'),(99,'social_auth','0005_auto_20160727_2333','2017-03-31 23:23:21.285208'),(100,'social_django','0006_partial','2017-03-31 23:23:21.326961'),(101,'courses','0016_auto_20170401_0003','2017-04-01 00:03:25.027562'),(102,'courses','0017_course_total_questions','2017-04-02 02:20:01.809240'),(103,'coursetests','0001_initial','2017-04-02 02:43:46.181989'),(104,'coursetests','0002_auto_20170402_0256','2017-04-02 02:56:53.442183'),(105,'courses','0018_courseitem_test','2017-04-02 02:56:53.545856'),(106,'coursetests','0003_auto_20170402_0331','2017-04-02 03:31:54.894984'),(107,'coursetests','0004_auto_20170402_0332','2017-04-02 03:32:33.422814'),(108,'coursetests','0005_auto_20170402_0336','2017-04-02 03:36:44.931784'),(109,'courses','0019_auto_20170402_0339','2017-04-02 03:39:30.661188'),(110,'courses','0020_auto_20170402_0339','2017-04-02 03:40:01.996016'),(111,'courses','0021_auto_20170402_1540','2017-04-02 15:40:58.266555'),(112,'courses','0022_useritemrelationship_answered_correctly','2017-04-02 17:43:34.966441'),(113,'coursetests','0006_auto_20170402_1743','2017-04-02 17:43:35.316133'),(114,'courses','0023_auto_20170402_1809','2017-04-02 18:09:26.334284'),(115,'courses','0024_remove_useritemrelationship_answered_correctly','2017-04-03 00:40:40.196417'),(116,'coursetests','0007_auto_20170403_0040','2017-04-03 00:40:40.315216'),(117,'readings','0001_initial','2017-04-11 22:12:59.792636'),(118,'courses','0025_courseitem_reading','2017-04-11 22:12:59.915665'),(119,'courses','0026_auto_20170411_2248','2017-04-11 22:48:25.584889'),(120,'readings','0002_auto_20170411_2254','2017-04-11 22:54:12.852767'),(121,'readings','0003_auto_20170411_2300','2017-04-11 23:00:19.886746'),(122,'courses','0027_auto_20170411_2304','2017-04-11 23:04:17.048549'),(123,'courses','0028_usercourserelationship_last_accessed_item','2017-04-15 01:37:23.978211'),(124,'videos','0011_complementarymaterial','2017-04-17 00:05:20.686471'),(125,'videos','0012_auto_20170417_0056','2017-04-17 00:56:59.231887'),(126,'videos','0013_auto_20170423_0256','2017-04-23 02:56:17.900011'),(127,'videos','0014_auto_20170423_0316','2017-04-23 03:16:59.407662'),(128,'payments','0001_initial','2017-04-30 02:09:51.284818'),(129,'users','0004_remove_myuser_cpf','2017-04-30 02:09:51.360842'),(130,'payments','0002_auto_20170430_0319','2017-04-30 03:19:31.171278'),(131,'payments','0003_auto_20170502_0045','2017-05-02 00:45:36.275923'),(132,'payments','0004_payment_failed','2017-05-03 00:20:07.779707'),(133,'payments','0005_auto_20170503_0203','2017-05-03 02:03:43.138524'),(134,'courses','0029_auto_20170506_2233','2017-05-06 22:33:20.181474'),(135,'courses','0030_usercourserelationship_total_questions','2017-05-07 01:01:13.173321'),(136,'courses','0031_auto_20170508_0347','2017-05-08 03:47:17.796072'),(137,'courses','0032_auto_20170515_0117','2017-05-15 01:17:19.129566'),(138,'courses','0033_certificate_completion_date','2017-05-15 01:32:47.183952'),(139,'categories','0018_auto_20170518_1426','2017-05-18 21:45:15.349660'),(140,'courses','0034_auto_20170518_1426','2017-05-18 21:45:15.714996'),(141,'coursetests','0008_auto_20170518_1426','2017-05-18 21:45:15.852032'),(142,'courses','0035_auto_20170605_2213','2017-07-16 19:42:13.949367'),(143,'courses','0036_course_short_description','2017-07-16 19:57:45.070137'),(144,'coursetests','0009_auto_20170802_1832','2017-08-02 18:56:20.200797'),(145,'courses','0037_auto_20170909_1833','2017-09-09 18:33:11.832932'),(146,'readings','0004_auto_20170909_1833','2017-09-09 18:33:11.843686'),(147,'users','0005_myuser_is_beta','2017-09-09 18:33:11.953535'),(148,'coursetests','0010_auto_20170913_1843','2017-09-13 18:43:56.416454'),(149,'readings','0005_auto_20170913_1843','2017-09-13 18:43:56.429975'),(150,'videos','0015_auto_20170913_1843','2017-09-13 18:43:56.459827'),(153,'coursetests','0011_auto_20170919_1300','2017-09-19 13:08:33.598746');
/*!40000 ALTER TABLE `django_migrations` ENABLE KEYS */;
UNLOCK TABLES;

--
-- Table structure for table `django_session`
--

DROP TABLE IF EXISTS `django_session`;
/*!40101 SET @saved_cs_client     = @@character_set_client */;
/*!40101 SET character_set_client = utf8 */;
CREATE TABLE `django_session` (
  `session_key` varchar(40) NOT NULL,
  `session_data` longtext NOT NULL,
  `expire_date` datetime(6) NOT NULL,
  PRIMARY KEY (`session_key`),
  KEY `django_session_de54fa62` (`expire_date`)
) ENGINE=InnoDB DEFAULT CHARSET=latin1;
/*!40101 SET character_set_client = @saved_cs_client */;

--
-- Dumping data for table `django_session`
--

LOCK TABLES `django_session` WRITE;
/*!40000 ALTER TABLE `django_session` DISABLE KEYS */;
INSERT INTO `django_session` VALUES ('19y4oajzae3hw270ktolunps4a6x96nh','YjlkODkzM2NkYzA3NzZjY2ZjYzExMTU5MzVlNzJjMzcyODVlNjc1OTp7ImRqYW5nb190aW1lem9uZSI6IlVUQyJ9','2016-12-14 14:50:57.952358'),('1axekb7g6hvs0jhakc6n1ob36sdzdvko','OTcwMmI1Mzg4NjE4MDA5ZTBlMGFmMTg1MTRlNGQwMDFlNWQwMTRhZjp7Imdvb2dsZS1vYXV0aDJfc3RhdGUiOiJNbUUwem5WMXFTWU52SmZjcmtGYnpNQWZybXg0bDkwOCIsIl9hdXRoX3VzZXJfaWQiOiIxIiwiZmFjZWJvb2tfc3RhdGUiOiI0VTJ6R3NmdVk5aVVoeWNjNmZ0ZnVQVnRMTXh5RE03dCIsIl9hdXRoX3VzZXJfYmFja2VuZCI6InNvY2lhbF9jb3JlLmJhY2tlbmRzLmdvb2dsZS5Hb29nbGVPQXV0aDIiLCJuZXh0IjoiLyIsInNvY2lhbF9hdXRoX2xhc3RfbG9naW5fYmFja2VuZCI6Imdvb2dsZS1vYXV0aDIiLCJkamFuZ29fdGltZXpvbmUiOiJVVEMiLCJfYXV0aF91c2VyX2hhc2giOiI5MTc4ODZmZjQzN2UzZTI5ZGY2YjRlNWZhMTg2MjM4YTVlMGUwYzlhIn0=','2017-07-12 18:05:38.357370'),('4b55wbi4eofkyd7eh4hihz4q0xjdidc7','YjlkODkzM2NkYzA3NzZjY2ZjYzExMTU5MzVlNzJjMzcyODVlNjc1OTp7ImRqYW5nb190aW1lem9uZSI6IlVUQyJ9','2017-09-14 08:54:24.388758'),('4xs3eloy7z3pvnz09o7r8vsxqxl26ydg','Nzk0YzE5MTYzZWNkOWE2NDJiMWMwYmNhMzJjMTM0MTM5MTNlOTdhNTp7ImRqYW5nb190aW1lem9uZSI6IlVUQyIsIl9hdXRoX3VzZXJfaGFzaCI6Ijg3OTg1ZTU0OWI2YjViNjc5ODQ1MTVhYTU4NTQ4ZDE2ZjUwNjhmYzIiLCJfYXV0aF91c2VyX2lkIjoiMSIsIl9hdXRoX3VzZXJfYmFja2VuZCI6ImRqYW5nby5jb250cmliLmF1dGguYmFja2VuZHMuTW9kZWxCYWNrZW5kIn0=','2017-10-26 15:01:09.321469'),('7fcscfhg5qu0mztrn679j9idxjvcl9q9','YjlkODkzM2NkYzA3NzZjY2ZjYzExMTU5MzVlNzJjMzcyODVlNjc1OTp7ImRqYW5nb190aW1lem9uZSI6IlVUQyJ9','2017-09-03 21:32:20.013976'),('8s0drx1ejma8f54emmjl0wqiuyeq4s3s','YjlkODkzM2NkYzA3NzZjY2ZjYzExMTU5MzVlNzJjMzcyODVlNjc1OTp7ImRqYW5nb190aW1lem9uZSI6IlVUQyJ9','2017-09-23 17:22:52.054320'),('8zkqldeymq7wrxo5el0t1kscenuy8rcz','ZjVmNDUzNmMyZWQwOTM5OWEzNzNmMmY0YjljNTkwMzk5NDBmMTJkNjp7ImRqYW5nb190aW1lem9uZSI6IlVUQyIsIl9hdXRoX3VzZXJfaGFzaCI6ImQyMWQxYjM2ODM0ZGY1ODk3MzMyYjljMjMzNzgxNWEzMDU2ZTBhYTAiLCJfYXV0aF91c2VyX2lkIjoiMyIsIl9hdXRoX3VzZXJfYmFja2VuZCI6ImRqYW5nby5jb250cmliLmF1dGguYmFja2VuZHMuTW9kZWxCYWNrZW5kIn0=','2017-09-28 16:47:31.151479'),('9jm55gv3yfn8pf1skezsf2yn1nkxnhvj','ODhkOTUyN2NiNjQ1N2ExNTdlNDg4MDgwMTAwNTIwYmUzZTY4NWE0ODp7Il9hdXRoX3VzZXJfaWQiOiIxIiwiZmFjZWJvb2tfc3RhdGUiOiJKOHpldXA2enBQMlhOZUhrcU1YRGtjMEFQZ205YW1ZTCIsIl9hdXRoX3VzZXJfYmFja2VuZCI6InNvY2lhbF9jb3JlLmJhY2tlbmRzLmZhY2Vib29rLkZhY2Vib29rT0F1dGgyIiwibmV4dCI6Ii9jb3Vyc2UvNSIsInNvY2lhbF9hdXRoX2xhc3RfbG9naW5fYmFja2VuZCI6ImZhY2Vib29rIiwiZGphbmdvX3RpbWV6b25lIjoiVVRDIiwiX2F1dGhfdXNlcl9oYXNoIjoiOTE3ODg2ZmY0MzdlM2UyOWRmNmI0ZTVmYTE4NjIzOGE1ZTBlMGM5YSJ9','2017-09-20 14:18:07.624814'),('az1x0vvxr6p9v5lxq74qr26qbbbn6fgs','YTVlZjdiYWQxM2QxOTg2NDU4Mjc5YWRjNmRkNGUwZTBlNTY2NTI5Zjp7Il9hdXRoX3VzZXJfaWQiOiIxIiwiZmFjZWJvb2tfc3RhdGUiOiJLTWQwbEg1V2xNOXJKU3pYTWhkcUczSjl4bUU5Nk9QNSIsIl9hdXRoX3VzZXJfYmFja2VuZCI6InNvY2lhbF9jb3JlLmJhY2tlbmRzLmZhY2Vib29rLkZhY2Vib29rT0F1dGgyIiwibmV4dCI6Ii8iLCJzb2NpYWxfYXV0aF9sYXN0X2xvZ2luX2JhY2tlbmQiOiJmYWNlYm9vayIsImRqYW5nb190aW1lem9uZSI6IlVUQyIsIl9hdXRoX3VzZXJfaGFzaCI6IjkxNzg4NmZmNDM3ZTNlMjlkZjZiNGU1ZmExODYyMzhhNWUwZTBjOWEifQ==','2017-09-13 00:41:42.335401'),('c8ni374ls25cpz7mpk2qif5jrdbgz2dj','YjlkODkzM2NkYzA3NzZjY2ZjYzExMTU5MzVlNzJjMzcyODVlNjc1OTp7ImRqYW5nb190aW1lem9uZSI6IlVUQyJ9','2017-10-30 09:23:39.263670'),('ezxc7wx74zx7n1j9quob2ww7zuv6jbg4','YjlkODkzM2NkYzA3NzZjY2ZjYzExMTU5MzVlNzJjMzcyODVlNjc1OTp7ImRqYW5nb190aW1lem9uZSI6IlVUQyJ9','2017-09-13 22:47:05.860281'),('ibty1mn8xz6wxvfj48q678roptgnlkyx','YjlkODkzM2NkYzA3NzZjY2ZjYzExMTU5MzVlNzJjMzcyODVlNjc1OTp7ImRqYW5nb190aW1lem9uZSI6IlVUQyJ9','2016-12-11 11:33:55.161476'),('lgmc0ipn75rohw6q6fobm04folnalsw8','YjlkODkzM2NkYzA3NzZjY2ZjYzExMTU5MzVlNzJjMzcyODVlNjc1OTp7ImRqYW5nb190aW1lem9uZSI6IlVUQyJ9','2017-09-13 00:25:14.903448'),('loo0ft4ows6ru5snaez273i4hk3aiyxg','YjlkODkzM2NkYzA3NzZjY2ZjYzExMTU5MzVlNzJjMzcyODVlNjc1OTp7ImRqYW5nb190aW1lem9uZSI6IlVUQyJ9','2016-11-26 18:25:58.343346'),('ngcz0dmzsiookrfo6xl6dw78w34qc679','YjlkODkzM2NkYzA3NzZjY2ZjYzExMTU5MzVlNzJjMzcyODVlNjc1OTp7ImRqYW5nb190aW1lem9uZSI6IlVUQyJ9','2017-09-13 00:24:34.529618'),('ox3g3iwy62iytjjaqdorwtm6otw3yybb','YjlkODkzM2NkYzA3NzZjY2ZjYzExMTU5MzVlNzJjMzcyODVlNjc1OTp7ImRqYW5nb190aW1lem9uZSI6IlVUQyJ9','2016-11-26 07:04:33.429628'),('r15yoqm6u7bhmj9a18ugwc62an3go9a5','NDQwZGNjZTU3YTEyMWUxZDRhODY3OGIwM2EzMzRkMjE1MmQwNWZhMzp7ImRqYW5nb190aW1lem9uZSI6IlVUQyIsIl9hdXRoX3VzZXJfaGFzaCI6ImQyMWQxYjM2ODM0ZGY1ODk3MzMyYjljMjMzNzgxNWEzMDU2ZTBhYTAiLCJfYXV0aF91c2VyX2JhY2tlbmQiOiJkamFuZ28uY29udHJpYi5hdXRoLmJhY2tlbmRzLk1vZGVsQmFja2VuZCIsIl9hdXRoX3VzZXJfaWQiOiIzIn0=','2017-10-03 13:11:37.674255'),('rvd1sso1fhr8t5mhlwti97ivqiupixoh','YjlkODkzM2NkYzA3NzZjY2ZjYzExMTU5MzVlNzJjMzcyODVlNjc1OTp7ImRqYW5nb190aW1lem9uZSI6IlVUQyJ9','2016-12-11 11:40:35.349234'),('ushzk8t893mr47s0765dmc0y6d0ejc6k','NDQwZGNjZTU3YTEyMWUxZDRhODY3OGIwM2EzMzRkMjE1MmQwNWZhMzp7ImRqYW5nb190aW1lem9uZSI6IlVUQyIsIl9hdXRoX3VzZXJfaGFzaCI6ImQyMWQxYjM2ODM0ZGY1ODk3MzMyYjljMjMzNzgxNWEzMDU2ZTBhYTAiLCJfYXV0aF91c2VyX2JhY2tlbmQiOiJkamFuZ28uY29udHJpYi5hdXRoLmJhY2tlbmRzLk1vZGVsQmFja2VuZCIsIl9hdXRoX3VzZXJfaWQiOiIzIn0=','2017-08-30 11:06:50.961835');
/*!40000 ALTER TABLE `django_session` ENABLE KEYS */;
UNLOCK TABLES;

--
-- Table structure for table `easy_thumbnails_source`
--

DROP TABLE IF EXISTS `easy_thumbnails_source`;
/*!40101 SET @saved_cs_client     = @@character_set_client */;
/*!40101 SET character_set_client = utf8 */;
CREATE TABLE `easy_thumbnails_source` (
  `id` int(11) NOT NULL AUTO_INCREMENT,
  `storage_hash` varchar(40) NOT NULL,
  `name` varchar(255) NOT NULL,
  `modified` datetime(6) NOT NULL,
  PRIMARY KEY (`id`),
  UNIQUE KEY `easy_thumbnails_source_storage_hash_40116450c1e4f2ed_uniq` (`storage_hash`,`name`),
  KEY `easy_thumbnails_source_b454e115` (`storage_hash`),
  KEY `easy_thumbnails_source_b068931c` (`name`)
) ENGINE=InnoDB AUTO_INCREMENT=184 DEFAULT CHARSET=latin1;
/*!40101 SET character_set_client = @saved_cs_client */;

--
-- Dumping data for table `easy_thumbnails_source`
--

LOCK TABLES `easy_thumbnails_source` WRITE;
/*!40000 ALTER TABLE `easy_thumbnails_source` DISABLE KEYS */;
INSERT INTO `easy_thumbnails_source` VALUES (1,'f9bde26a1556cd667f742bd34ec7c55e','thumbnails/1/9Rx8ACWCRjw5ib5vYqCa3G','2016-11-26 21:47:49.193081'),(2,'f9bde26a1556cd667f742bd34ec7c55e','thumbnails/3/u3yZWR6bszikKFkBWPBe8R','2016-11-26 21:47:49.359378'),(3,'f9bde26a1556cd667f742bd34ec7c55e','thumbnails/6/MfBeY7zFe2aiBDR6MovRoV','2017-04-23 03:03:10.188751'),(4,'f9bde26a1556cd667f742bd34ec7c55e','thumbnails/8/y272y97pxDQTuRuRrpNw5M','2017-04-23 03:03:08.606324'),(5,'f9bde26a1556cd667f742bd34ec7c55e','thumbnails/15/whjmzKmWGYceeux8hY5W94','2016-11-26 21:47:49.867837'),(6,'f9bde26a1556cd667f742bd34ec7c55e','thumbnails/16/yxVuYqF96bRo66nbt3NvmM','2016-11-26 21:47:50.041543'),(7,'f9bde26a1556cd667f742bd34ec7c55e','thumbnails/18/eCjhfoX4cdX4btQtRHVfi7','2016-11-26 21:47:50.226639'),(8,'f9bde26a1556cd667f742bd34ec7c55e','thumbnails/25/mrBDPhwcznd5HeizNF7whe','2016-11-26 21:47:50.405378'),(9,'f9bde26a1556cd667f742bd34ec7c55e','thumbnails/35/wWYwhavhsEzt8C4W856QoY','2016-11-26 21:47:50.584284'),(10,'f9bde26a1556cd667f742bd34ec7c55e','thumbnails/37/HZwfmsoZoi8k2oGRwgXLN6','2016-11-26 21:47:50.761326'),(11,'f9bde26a1556cd667f742bd34ec7c55e','thumbnails/51/aQLwHez866wCr8Cp54L8DF','2016-11-26 21:47:50.948820'),(12,'f9bde26a1556cd667f742bd34ec7c55e','thumbnails/53/BHrkfDr5MTknTRKPALQV6X','2016-11-26 21:47:51.124492'),(13,'f9bde26a1556cd667f742bd34ec7c55e','thumbnails/54/gowbwfgSCS5RMoTFsv5TSS','2016-11-26 21:47:51.301060'),(14,'f9bde26a1556cd667f742bd34ec7c55e','thumbnails/56/39Hj2sjZiuJiG26yBqbUeE','2016-11-26 21:47:51.479216'),(15,'f9bde26a1556cd667f742bd34ec7c55e','thumbnails/58/wRrQmhquvxPciC39maLU69','2016-11-26 21:47:51.649152'),(16,'f9bde26a1556cd667f742bd34ec7c55e','thumbnails/2/sjBTGT4rkqo5dLgBPpg5GD','2016-11-27 00:40:30.919512'),(17,'f9bde26a1556cd667f742bd34ec7c55e','thumbnails/5/vWDd5RsmUPbWXgJ5zVbfTH','2016-11-27 00:40:30.992828'),(18,'f9bde26a1556cd667f742bd34ec7c55e','thumbnails/7/ThidHEo5fUkABWCQQHRxfD','2016-11-27 00:40:31.065790'),(19,'f9bde26a1556cd667f742bd34ec7c55e','thumbnails/9/XFXjCTdjKKewUAAmEMDXXc','2016-11-27 00:40:31.243381'),(20,'f9bde26a1556cd667f742bd34ec7c55e','thumbnails/10/TzZJ3RnWAn6reCyCRkPBRK','2016-11-27 00:40:31.426154'),(21,'f9bde26a1556cd667f742bd34ec7c55e','thumbnails/11/yjbHKA9X8DEtzWTbx8UY6g','2016-11-27 00:40:31.624212'),(22,'f9bde26a1556cd667f742bd34ec7c55e','thumbnails/12/vcxmWtRhuv7YeZq7CXYxk6','2016-11-27 00:40:31.694079'),(23,'f9bde26a1556cd667f742bd34ec7c55e','thumbnails/13/vZSbmjXTokJ8v7DDTYEkgQ','2016-11-27 00:40:31.886328'),(24,'f9bde26a1556cd667f742bd34ec7c55e','thumbnails/14/w4qfFvgW5BKPyE9Byu934B','2016-11-27 00:40:32.057160'),(25,'f9bde26a1556cd667f742bd34ec7c55e','thumbnails/17/opPkrZ2bNgqcFPP8aKuF5T','2016-11-27 00:40:32.241772'),(26,'f9bde26a1556cd667f742bd34ec7c55e','thumbnails/61/7Ct3PooJEKyswmygN3MXt3','2016-11-27 11:34:54.251779'),(27,'f9bde26a1556cd667f742bd34ec7c55e','thumbnails/68/k7as9wG8jG4LFaTLwLagyS','2016-11-27 11:34:54.415004'),(28,'f9bde26a1556cd667f742bd34ec7c55e','thumbnails/69/KHBDeXbrQpBePhRzaDWKGh','2016-11-27 11:34:54.576788'),(29,'f9bde26a1556cd667f742bd34ec7c55e','thumbnails/71/Lan9TFPLLUQdDuKaceap4J','2016-11-27 11:34:58.744951'),(30,'f9bde26a1556cd667f742bd34ec7c55e','thumbnails/79/Dpv9xcEoYY2TQHyq2vtNM','2016-11-27 11:34:58.911431'),(31,'f9bde26a1556cd667f742bd34ec7c55e','logodefault.png','2017-05-18 22:38:58.726141'),(32,'f9bde26a1556cd667f742bd34ec7c55e','profiledefault.jpg','2017-10-04 01:47:26.659742'),(33,'f9bde26a1556cd667f742bd34ec7c55e','profilephotos/5/JirnUF97mafh8V2Rdx2zzD','2017-03-26 17:23:47.154994'),(34,'f9bde26a1556cd667f742bd34ec7c55e','profilephotos/6/P8RrsffsCkn8sRaV778N6i','2017-03-26 17:26:28.843706'),(35,'f9bde26a1556cd667f742bd34ec7c55e','profilephotos/7/R5rQQe2PHXyjjgwWnppGtb','2017-03-26 17:27:42.841562'),(36,'f9bde26a1556cd667f742bd34ec7c55e','profilephotos/8/s9CrPTfw8BJTU54rzDXhRo','2017-03-26 17:31:51.905389'),(37,'f9bde26a1556cd667f742bd34ec7c55e','profilephotos/9/BQTm7XRNpahAo3re64bfpf','2017-03-26 17:33:01.790366'),(38,'f9bde26a1556cd667f742bd34ec7c55e','profilephotos/12/YPuJ7xFR9x2euKTySVymTP','2017-03-26 17:37:28.361991'),(39,'f9bde26a1556cd667f742bd34ec7c55e','profilephotos/13/cGmwePetonHR2U8L4Atip7','2017-03-26 17:37:45.754947'),(40,'f9bde26a1556cd667f742bd34ec7c55e','profilephotos/14/yTDRNs7GQDeVWp2cgLkSrQ','2017-03-27 22:24:48.818550'),(41,'f9bde26a1556cd667f742bd34ec7c55e','profilephotos/14/iBYgtcxgnoSZ6SWYotJzCH','2017-03-31 15:32:36.657098'),(42,'f9bde26a1556cd667f742bd34ec7c55e','professorphotos/None/zHbyDDms3r5ajrChYBoaBJ','2017-08-27 17:43:10.894284'),(43,'f9bde26a1556cd667f742bd34ec7c55e','profilephotos/14/XhCTTZoY8MQ6dFeKjrPfie','2017-03-31 17:18:20.527493'),(44,'f9bde26a1556cd667f742bd34ec7c55e','profilephotos/14/5F9KaNsFFasw8MfLCG9mHQ','2017-03-31 17:19:17.350853'),(45,'f9bde26a1556cd667f742bd34ec7c55e','profilephotos/14/qLABpWeynaGn2Y9QgyP9qN','2017-03-31 17:36:58.186088'),(46,'f9bde26a1556cd667f742bd34ec7c55e','profilephotos/14/aTp3PHRTHA2tKBuyM3iNMM','2017-03-31 17:41:40.570873'),(47,'f9bde26a1556cd667f742bd34ec7c55e','thumbnails/4/362pbTNjZfmkmFes2ugXS4','2017-03-31 23:20:54.457085'),(48,'f9bde26a1556cd667f742bd34ec7c55e','profilephotos/1/ibuvHJ59ENVpHcRiMeiJtH','2017-03-31 23:24:57.168264'),(49,'f9bde26a1556cd667f742bd34ec7c55e','profilephotos/1/gNbWKBSvox72qYtdRpkZ9E','2017-04-01 00:36:55.523221'),(50,'f9bde26a1556cd667f742bd34ec7c55e','thumbnails/6/VPLxmpRL9weMkMsv3GedvT','2017-04-23 03:05:07.880397'),(51,'f9bde26a1556cd667f742bd34ec7c55e','thumbnails/303/GLZ9BF5NA8xSnCQHtuoJeQ','2017-09-18 19:31:14.037211'),(52,'f9bde26a1556cd667f742bd34ec7c55e','thumbnails/6/eQZGusL33dNyJkbqxUkRJJ','2017-04-23 04:15:58.188847'),(53,'f9bde26a1556cd667f742bd34ec7c55e','thumbnails/6/TuGhyC3Yw6JAuZoJz6WXNY','2017-05-06 23:07:04.828083'),(54,'f9bde26a1556cd667f742bd34ec7c55e','coursethumbnails/5/6XauCfh5vKdVpnk5Aptefk','2017-04-26 00:42:39.163837'),(55,'f9bde26a1556cd667f742bd34ec7c55e','coursethumbnails/5/mc6HJbqcFmSZBa5HJW2yMW','2017-04-26 00:45:36.721717'),(56,'f9bde26a1556cd667f742bd34ec7c55e','profilephotos/1/ewr7F4tHSKTZqQKd29UJQF','2017-04-26 01:41:47.859431'),(57,'f9bde26a1556cd667f742bd34ec7c55e','profilephotos/1/suVLa2EkU85xpRgpaNsM78','2017-04-26 01:41:54.785080'),(58,'f9bde26a1556cd667f742bd34ec7c55e','profilephotos/1/Dk5ZvDKQ3kprCAgpo3XZXb','2017-04-26 01:42:28.398946'),(59,'f9bde26a1556cd667f742bd34ec7c55e','profilephotos/1/PG34yyMxRqrGWrrM5o5o3L','2017-04-26 01:42:35.092017'),(60,'f9bde26a1556cd667f742bd34ec7c55e','profilephotos/1/LiWpynZVNqP9XANZFjepXR','2017-05-01 02:16:46.103602'),(61,'f9bde26a1556cd667f742bd34ec7c55e','coursethumbnails/5/LpzpSvddRpGmiaVj9aRacM','2017-05-03 02:31:57.074058'),(62,'f9bde26a1556cd667f742bd34ec7c55e','coursethumbnails/5/rhCXTzM8idGCjE72ZGADLo','2017-07-16 19:59:30.162706'),(63,'f9bde26a1556cd667f742bd34ec7c55e','thumbnails/8/hiUPS63Z9NWNGBChsipBAn','2017-05-06 23:07:05.103888'),(64,'f9bde26a1556cd667f742bd34ec7c55e','profilephotos/1/hzeCDv7avEPMLS7HEpGfuP.wiwL24aVFWQXhjJwakJS69','2017-05-14 00:56:54.849665'),(65,'f9bde26a1556cd667f742bd34ec7c55e','profilephotos/1/b8lo5znlo0rar9zl7dzep31na.2gafacd0ah2dh00fae230d32ag003c33g0f3','2017-05-18 23:31:56.433985'),(66,'f9bde26a1556cd667f742bd34ec7c55e','profilephotos/1/at02ohs8molytbav40rqgmx13.ecd2hge1gbbbgd11ecgb2hcb22hhe102h1d1','2017-05-22 01:49:00.819816'),(67,'f9bde26a1556cd667f742bd34ec7c55e','thumbnails/256/nD8QakDtZBAH6erC6rn6HV','2017-06-03 00:30:44.903357'),(68,'f9bde26a1556cd667f742bd34ec7c55e','thumbnails/257/4pZSrifKxiJYCzaHdyt3hT','2017-06-03 00:30:45.084070'),(69,'f9bde26a1556cd667f742bd34ec7c55e','thumbnails/258/v9mNQkkoNy6wHyioViiVJ3','2017-06-03 00:30:45.256356'),(70,'f9bde26a1556cd667f742bd34ec7c55e','thumbnails/259/fLNfpPeKFispyKWj7T63Af','2017-06-03 00:30:45.431667'),(71,'f9bde26a1556cd667f742bd34ec7c55e','thumbnails/260/f8nvqP9W2tM3Cr88cgTC2L','2017-06-03 00:30:45.608944'),(72,'f9bde26a1556cd667f742bd34ec7c55e','thumbnails/261/8DDxJmgMyYzEkDPArfco5F','2017-06-03 00:30:45.779695'),(73,'f9bde26a1556cd667f742bd34ec7c55e','thumbnails/262/WpUxiSxRJy8xWShuuCDX9f','2017-06-03 00:30:45.932860'),(74,'f9bde26a1556cd667f742bd34ec7c55e','thumbnails/263/KK6q7TDadRNe3mTuzqxo3W','2017-06-03 00:30:46.098186'),(75,'f9bde26a1556cd667f742bd34ec7c55e','thumbnails/264/EWfGUVcBHPc2n3732yjvC4','2017-06-03 00:30:46.258188'),(76,'f9bde26a1556cd667f742bd34ec7c55e','thumbnails/265/y43qzyEuWkKqsZGWkiKz9V','2017-06-03 00:30:46.418434'),(77,'f9bde26a1556cd667f742bd34ec7c55e','thumbnails/266/rovVf7CEKuEUNTuWD2gPQQ','2017-06-03 00:30:46.577532'),(78,'f9bde26a1556cd667f742bd34ec7c55e','thumbnails/267/7PaSNwZUGcarWrV9tbQGkc','2017-06-03 00:30:46.742601'),(79,'f9bde26a1556cd667f742bd34ec7c55e','thumbnails/268/TJJxGoV4tnd5pNfs4b6boV','2017-06-03 00:30:46.902204'),(80,'f9bde26a1556cd667f742bd34ec7c55e','thumbnails/269/9Fwcp3Snp6TPymMG42Tfz9','2017-06-03 00:30:47.057815'),(81,'f9bde26a1556cd667f742bd34ec7c55e','thumbnails/270/KtXRmmbXbxpwALGTiR9vxL','2017-06-03 00:30:47.215451'),(82,'f9bde26a1556cd667f742bd34ec7c55e','profilephotos/1/ca7svsylitf3tq1ebm6ca4f42.d1h3fh3d2gb0bed2eca3f23e22dafddfh323','2017-06-18 21:19:08.972730'),(83,'f9bde26a1556cd667f742bd34ec7c55e','thumbnails/198/L9NTqqjUSBGK5XkvdRKSwD','2017-07-16 19:45:14.125420'),(84,'f9bde26a1556cd667f742bd34ec7c55e','thumbnails/200/Pz2VBPiv8degmY5FD3pryN','2017-07-16 19:45:14.313470'),(85,'f9bde26a1556cd667f742bd34ec7c55e','thumbnails/202/YEhF4or337jyqsW7xf3hWi','2017-07-16 19:45:14.491230'),(86,'f9bde26a1556cd667f742bd34ec7c55e','thumbnails/204/YFAKGmqnAF9HdeCFPJnN6f','2017-07-16 19:45:14.668722'),(87,'f9bde26a1556cd667f742bd34ec7c55e','thumbnails/206/ePV7jhEXnjghWFWkFsHGQg','2017-09-16 12:39:05.401315'),(88,'f9bde26a1556cd667f742bd34ec7c55e','thumbnails/208/qaBLZPuXVhheYKjsAKpcdX','2017-09-18 19:34:43.172444'),(89,'f9bde26a1556cd667f742bd34ec7c55e','thumbnails/210/vhMDodV6WdcXALA7Swebqn','2017-07-16 19:45:15.194468'),(90,'f9bde26a1556cd667f742bd34ec7c55e','thumbnails/212/VDeqHqaazNPxbxRqfhDuaB','2017-09-16 12:39:05.464219'),(91,'f9bde26a1556cd667f742bd34ec7c55e','thumbnails/214/5DX325qu8ZnzH8AQY8AUKk','2017-09-18 19:33:34.178396'),(92,'f9bde26a1556cd667f742bd34ec7c55e','thumbnails/216/kPTRorxRVZjAMVUKEJss48','2017-07-16 19:45:15.709230'),(93,'f9bde26a1556cd667f742bd34ec7c55e','thumbnails/218/EMBUwVJzYf8mX57vwikE3P','2017-07-16 19:45:15.887348'),(94,'f9bde26a1556cd667f742bd34ec7c55e','thumbnails/219/rZdegsb4HFuDFrwXQKJ5xY','2017-07-16 19:45:16.058834'),(95,'f9bde26a1556cd667f742bd34ec7c55e','thumbnails/221/oTSAbFJWyJSAK3jwwwHyiP','2017-07-16 19:45:16.230126'),(96,'f9bde26a1556cd667f742bd34ec7c55e','thumbnails/222/ZDgaN3UmwqcgmpmbZLNxji','2017-07-16 19:45:16.409766'),(97,'f9bde26a1556cd667f742bd34ec7c55e','thumbnails/224/2P8ET6CjCHagcHSJMhsS3n','2017-07-16 19:45:16.588414'),(98,'f9bde26a1556cd667f742bd34ec7c55e','coursethumbnails/5/h964q7j5g19nz1l1vh6khwof7.JPG','2017-08-27 17:43:10.738916'),(99,'f9bde26a1556cd667f742bd34ec7c55e','profilephotos/1/ueoalr3dk2f8dwrft9pcwpg5c.af2ad1fg0bd1dfc21g11dfhf2cbabc3b3d32','2017-08-27 16:24:36.936574'),(100,'f9bde26a1556cd667f742bd34ec7c55e','thumbnails/22/VJ28cYQJtd67dXjma3i6Va','2017-08-27 17:44:38.204478'),(101,'f9bde26a1556cd667f742bd34ec7c55e','thumbnails/23/pSxGFmEuS4nxdYuScDfEYP','2017-08-27 17:44:38.365541'),(102,'f9bde26a1556cd667f742bd34ec7c55e','thumbnails/29/at2EHA3MQTnSGdemNWbZD3','2017-08-27 17:44:38.431010'),(103,'f9bde26a1556cd667f742bd34ec7c55e','thumbnails/30/8Za9dk5y2Lk3mnBgJVfYeY','2017-08-27 17:44:38.490177'),(104,'f9bde26a1556cd667f742bd34ec7c55e','thumbnails/36/mJJ4BCuBWDjUdvo8hJGqrJ','2017-08-27 17:44:38.549367'),(105,'f9bde26a1556cd667f742bd34ec7c55e','thumbnails/42/wYtetJ9Yh3fHBcaThCwojC','2017-08-27 17:44:38.608815'),(106,'f9bde26a1556cd667f742bd34ec7c55e','thumbnails/47/xzNbsQpzuarfNuTRXhSuu','2017-08-27 17:44:38.667088'),(107,'f9bde26a1556cd667f742bd34ec7c55e','thumbnails/50/qiovHV6K3499tjkG8mtxwT','2017-08-27 17:44:38.729337'),(108,'f9bde26a1556cd667f742bd34ec7c55e','thumbnails/52/TM3ZvhHTcFYUKFWAMvqm2U','2017-08-27 17:44:38.793306'),(109,'f9bde26a1556cd667f742bd34ec7c55e','thumbnails/59/HGpe7H2AEuNFMjcoPmqQUK','2017-08-27 17:44:38.860988'),(110,'f9bde26a1556cd667f742bd34ec7c55e','thumbnails/64/8VjPFmRDHAzHWAi4ojpCMN','2017-08-27 17:44:38.922500'),(111,'f9bde26a1556cd667f742bd34ec7c55e','thumbnails/74/KKmuDx7aVgQd3N3oktx4tg','2017-08-27 17:44:38.992357'),(112,'f9bde26a1556cd667f742bd34ec7c55e','thumbnails/84/9jjdfSuRFoz85bkBu3jZN7','2017-08-27 17:48:33.468341'),(113,'f9bde26a1556cd667f742bd34ec7c55e','thumbnails/87/LFj9pcFtvr3fQRpFgh9g8i','2017-09-09 18:41:01.143626'),(114,'f9bde26a1556cd667f742bd34ec7c55e','thumbnails/226/LJdb5EQtqDdyLQ5C7CaspF','2017-09-18 19:34:42.970865'),(115,'f9bde26a1556cd667f742bd34ec7c55e','thumbnails/228/MS9aa4mDn7BDVGeCRMeZQW','2017-09-16 12:39:05.123155'),(116,'f9bde26a1556cd667f742bd34ec7c55e','thumbnails/230/53UHtX6gC8ZTCXgk2NiCkn','2017-08-27 17:50:55.970585'),(117,'f9bde26a1556cd667f742bd34ec7c55e','thumbnails/231/Ge8QhzLE5XUyaiAmBXZtQC','2017-09-18 19:33:34.561368'),(118,'f9bde26a1556cd667f742bd34ec7c55e','profilephotos/1/5jlyiaiczfqooomj8cvxukvf1.b11f12cgbefafb1f1g1cfhf1g0d02d3h32c1','2017-09-01 18:56:57.871674'),(119,'f9bde26a1556cd667f742bd34ec7c55e','profilephotos/1/iv5i58osahpvh6yteor6xka4d.cea22h3eeb3ac011gh2hbg3ecdg0afdh3b31','2017-10-12 15:01:02.105739'),(120,'f9bde26a1556cd667f742bd34ec7c55e','thumbnails/21/3xUbsUKFEff5Sro2SvEPdb','2017-09-09 18:41:26.439079'),(121,'f9bde26a1556cd667f742bd34ec7c55e','thumbnails/24/YCxQjubYZ2HCzwLkFh8Aoj','2017-09-18 19:31:13.232485'),(122,'f9bde26a1556cd667f742bd34ec7c55e','thumbnails/31/P58jeQa9A2NGq8rB54mXT8','2017-09-09 18:41:26.683947'),(123,'f9bde26a1556cd667f742bd34ec7c55e','thumbnails/38/iS8umHwvzzzYvcdgs9cp6i','2017-09-09 18:41:26.861048'),(124,'f9bde26a1556cd667f742bd34ec7c55e','thumbnails/43/qo55QEenBdXRLiyF67PMuj','2017-09-09 18:41:27.039062'),(125,'f9bde26a1556cd667f742bd34ec7c55e','thumbnails/48/6toppHW43TTsCzERr98ihL','2017-09-09 18:41:27.213959'),(126,'f9bde26a1556cd667f742bd34ec7c55e','thumbnails/55/xfDyhVkA9C3hGUaBjuQWF3','2017-09-09 18:41:27.394975'),(127,'f9bde26a1556cd667f742bd34ec7c55e','thumbnails/60/LiywqfLgXcEQekh46AXRnX','2017-09-09 18:41:27.564302'),(128,'f9bde26a1556cd667f742bd34ec7c55e','thumbnails/65/6iRkXwBGfdA59fFHmVS5u5','2017-09-09 18:41:27.736485'),(129,'f9bde26a1556cd667f742bd34ec7c55e','thumbnails/70/VyQjh5EDHJ4dviyPvjuxPf','2017-09-09 18:41:27.913063'),(130,'f9bde26a1556cd667f742bd34ec7c55e','thumbnails/75/bLy2dbUnv7XunHncg8Vcj5','2017-09-09 18:41:28.097106'),(131,'f9bde26a1556cd667f742bd34ec7c55e','thumbnails/80/mzt4jU6GsamGtBmYSyLWpg','2017-09-09 18:41:28.280108'),(132,'f9bde26a1556cd667f742bd34ec7c55e','thumbnails/85/7nn7zd7Qkh5sbTEEjXf5ML','2017-09-09 18:41:28.451943'),(133,'f9bde26a1556cd667f742bd34ec7c55e','thumbnails/90/QgPzLVcubtUAhd55ubSsZN','2017-09-09 18:41:28.631345'),(134,'f9bde26a1556cd667f742bd34ec7c55e','thumbnails/94/aehUkJY2cPenVwjtmPb5hd','2017-09-18 19:33:34.231881'),(135,'f9bde26a1556cd667f742bd34ec7c55e','thumbnails/293/CQv2HarR7niwufNeWFS92i','2017-09-16 12:39:05.716546'),(136,'f9bde26a1556cd667f742bd34ec7c55e','thumbnails/299/c8SSd4TnMpFKJ8WDuE6g4Q','2017-09-16 12:39:05.810362'),(137,'f9bde26a1556cd667f742bd34ec7c55e','thumbnails/284/AUYvA4toYF9d6pH2fDFRJG','2017-09-16 12:39:05.998112'),(138,'f9bde26a1556cd667f742bd34ec7c55e','thumbnails/289/QEsdxVXfJA8H5w2T25v2QK','2017-09-16 12:39:06.183073'),(139,'f9bde26a1556cd667f742bd34ec7c55e','thumbnails/209/esyRzdHkXhdt6k4ZGvZD3V','2017-09-16 12:39:06.371069'),(140,'f9bde26a1556cd667f742bd34ec7c55e','thumbnails/282/xvcoqvC9CCDrt9eNeH4ba6','2017-09-16 12:39:06.572294'),(141,'f9bde26a1556cd667f742bd34ec7c55e','thumbnails/143/pdNLB4Q25Ww84saEuoJy6B','2017-09-16 12:39:06.755657'),(142,'f9bde26a1556cd667f742bd34ec7c55e','thumbnails/66/GkzfkrunKhzsnZfMW2M5f','2017-09-16 12:39:06.824535'),(143,'f9bde26a1556cd667f742bd34ec7c55e','thumbnails/191/dUZjEqkgDRXmZnuzrXF5qG','2017-09-16 12:39:07.013053'),(144,'f9bde26a1556cd667f742bd34ec7c55e','thumbnails/294/9FJ9XEuYcUHKGDfhMthp2m','2017-09-16 22:18:09.971340'),(145,'f9bde26a1556cd667f742bd34ec7c55e','thumbnails/96/SEof55GaXkDxWxrtNQHg79','2017-09-18 19:31:14.202771'),(146,'f9bde26a1556cd667f742bd34ec7c55e','thumbnails/86/5QtptN4aXvJzN7xXwXcRy9','2017-09-18 19:31:14.352682'),(147,'f9bde26a1556cd667f742bd34ec7c55e','thumbnails/165/2XP4zagKorhsCbeq6FkeBL','2017-09-18 19:31:14.411267'),(148,'f9bde26a1556cd667f742bd34ec7c55e','thumbnails/112/TqdFojfRX3GJrYMnNUUuof','2017-09-18 19:31:14.555064'),(149,'f9bde26a1556cd667f742bd34ec7c55e','thumbnails/185/UPM2KPF22rAKQCXZ6gNLyY','2017-09-18 19:31:14.711322'),(150,'f9bde26a1556cd667f742bd34ec7c55e','thumbnails/106/kpHdaStZ3AXZAtLNrifhi4','2017-09-18 19:31:14.856671'),(151,'f9bde26a1556cd667f742bd34ec7c55e','thumbnails/45/Ud3iQMrXhmDFYfTwEVgaCZ','2017-09-18 19:31:15.014863'),(152,'f9bde26a1556cd667f742bd34ec7c55e','thumbnails/115/5CRWY5oWEHXbpJpS9WQNEX','2017-09-18 19:31:15.169870'),(153,'f9bde26a1556cd667f742bd34ec7c55e','thumbnails/116/3G2wURMdqfxiJWnKPk3is5','2017-09-18 19:31:15.318427'),(154,'f9bde26a1556cd667f742bd34ec7c55e','thumbnails/180/hcaQpSekd4F5ezw5yQ4fAh','2017-09-18 19:31:15.474804'),(155,'f9bde26a1556cd667f742bd34ec7c55e','thumbnails/297/hrXtH8oxN9EfgeRmiZqxZk','2017-09-18 19:31:15.530443'),(156,'f9bde26a1556cd667f742bd34ec7c55e','thumbnails/302/zEcaRFynRejePmdUSWZxAe','2017-09-18 19:31:15.589701'),(157,'f9bde26a1556cd667f742bd34ec7c55e','thumbnails/93/rVZhL5dcNWWvR5HNz8zskQ','2017-09-18 19:31:15.755783'),(158,'f9bde26a1556cd667f742bd34ec7c55e','thumbnails/135/ct7uM2NqUtJ23WSnReVYpc','2017-09-18 19:33:34.818485'),(159,'f9bde26a1556cd667f742bd34ec7c55e','thumbnails/150/QF32QqUTwiNip8P35LYgpc','2017-09-18 19:33:34.984138'),(160,'f9bde26a1556cd667f742bd34ec7c55e','thumbnails/128/avbxDTJKJy9iXfCpqU53J5','2017-09-18 19:33:35.156116'),(161,'f9bde26a1556cd667f742bd34ec7c55e','thumbnails/304/xsb88vsATcYCqd8LbxtZ59','2017-09-18 19:33:35.218989'),(162,'f9bde26a1556cd667f742bd34ec7c55e','thumbnails/246/qgYiHZyqxtjsyVssXa6W56','2017-09-18 19:33:35.397471'),(163,'f9bde26a1556cd667f742bd34ec7c55e','thumbnails/229/FPqtJm5ixU2PLCAbfc9JN9','2017-09-18 19:33:35.574219'),(164,'f9bde26a1556cd667f742bd34ec7c55e','thumbnails/122/szKTgeZ2ipawtJqGoPVJCY','2017-09-18 19:33:35.743398'),(165,'f9bde26a1556cd667f742bd34ec7c55e','thumbnails/134/d6QGypw3CNTiWK3UcN7tYQ','2017-09-18 19:33:35.919900'),(166,'f9bde26a1556cd667f742bd34ec7c55e','thumbnails/137/B3Pa8uAY6FMjWo4Cfhr6db','2017-09-18 19:33:36.094018'),(167,'f9bde26a1556cd667f742bd34ec7c55e','thumbnails/139/uZvCdZZze9MVHUeTTs34LC','2017-09-18 19:33:36.265302'),(168,'f9bde26a1556cd667f742bd34ec7c55e','thumbnails/121/95rk7JFNpRXnktuqzKg3qZ','2017-09-18 19:33:36.439870'),(169,'f9bde26a1556cd667f742bd34ec7c55e','thumbnails/123/j3akDi4xb4PVDBz5n9tyy8','2017-09-18 19:33:36.505956'),(170,'f9bde26a1556cd667f742bd34ec7c55e','thumbnails/57/JbrccTRw9YB23Fk4BfsgL','2017-09-18 19:34:43.607249'),(171,'f9bde26a1556cd667f742bd34ec7c55e','thumbnails/76/235DfvqQ4V4TooMzo4HPkD','2017-09-18 19:34:43.674090'),(172,'f9bde26a1556cd667f742bd34ec7c55e','thumbnails/187/XPvfnARvjPZwixfwBH2XxT','2017-09-18 19:34:43.837050'),(173,'f9bde26a1556cd667f742bd34ec7c55e','thumbnails/175/UfkuuEPNob4BVH7BEkmi3A','2017-09-18 19:34:44.014794'),(174,'f9bde26a1556cd667f742bd34ec7c55e','thumbnails/196/oDUnMaL5u7GjrUDYHYAdT8','2017-09-18 19:34:44.193251'),(175,'f9bde26a1556cd667f742bd34ec7c55e','thumbnails/252/yYATRiKsux7WwnDoZaLZXc','2017-09-18 19:34:44.361909'),(176,'f9bde26a1556cd667f742bd34ec7c55e','thumbnails/247/T8x8EiLSbc5wGodT9bGqa8','2017-09-18 19:34:44.529330'),(177,'f9bde26a1556cd667f742bd34ec7c55e','thumbnails/81/B9mVS8naC4mbEKUtfNdVrS','2017-09-18 19:34:44.692761'),(178,'f9bde26a1556cd667f742bd34ec7c55e','thumbnails/235/yZbCTN7ufxSNP7UNeGtbyR','2017-09-18 19:34:44.861837'),(179,'f9bde26a1556cd667f742bd34ec7c55e','thumbnails/98/fLWgztkhfgfRhpgHw6F9Bo','2017-09-18 19:34:45.019477'),(180,'f9bde26a1556cd667f742bd34ec7c55e','thumbnails/183/ENzLtpM4jcYjzE4K2MgBZU','2017-09-18 19:34:45.181431'),(181,'f9bde26a1556cd667f742bd34ec7c55e','thumbnails/162/avcvudghJR7or7diV2UwDh','2017-09-18 19:34:45.352836'),(182,'f9bde26a1556cd667f742bd34ec7c55e','thumbnails/99/MGJhj8FfmnaHLzaqi8kyp6','2017-09-18 19:35:10.326410'),(183,'f9bde26a1556cd667f742bd34ec7c55e','thumbnails/88/9wGZFtRdzdbSr9ey7Jo6JF','2017-09-18 19:35:10.487370');
/*!40000 ALTER TABLE `easy_thumbnails_source` ENABLE KEYS */;
UNLOCK TABLES;

--
-- Table structure for table `easy_thumbnails_thumbnail`
--

DROP TABLE IF EXISTS `easy_thumbnails_thumbnail`;
/*!40101 SET @saved_cs_client     = @@character_set_client */;
/*!40101 SET character_set_client = utf8 */;
CREATE TABLE `easy_thumbnails_thumbnail` (
  `id` int(11) NOT NULL AUTO_INCREMENT,
  `storage_hash` varchar(40) NOT NULL,
  `name` varchar(255) NOT NULL,
  `modified` datetime(6) NOT NULL,
  `source_id` int(11) NOT NULL,
  PRIMARY KEY (`id`),
  UNIQUE KEY `easy_thumbnails_thumbnail_storage_hash_66cc758d07ef9fce_uniq` (`storage_hash`,`name`,`source_id`),
  KEY `easy_thu_source_id_50b260de7106e1b7_fk_easy_thumbnails_source_id` (`source_id`),
  KEY `easy_thumbnails_thumbnail_b454e115` (`storage_hash`),
  KEY `easy_thumbnails_thumbnail_b068931c` (`name`),
  CONSTRAINT `easy_thu_source_id_50b260de7106e1b7_fk_easy_thumbnails_source_id` FOREIGN KEY (`source_id`) REFERENCES `easy_thumbnails_source` (`id`)
) ENGINE=InnoDB AUTO_INCREMENT=334 DEFAULT CHARSET=latin1;
/*!40101 SET character_set_client = @saved_cs_client */;

--
-- Dumping data for table `easy_thumbnails_thumbnail`
--

LOCK TABLES `easy_thumbnails_thumbnail` WRITE;
/*!40000 ALTER TABLE `easy_thumbnails_thumbnail` DISABLE KEYS */;
INSERT INTO `easy_thumbnails_thumbnail` VALUES (1,'d26becbf46ac48eda79c7a39a13a02dd','thumbnails/1/9Rx8ACWCRjw5ib5vYqCa3G.275x154_q85_box-0,21280,718_crop_detail.jpg','2016-11-26 21:47:48.175655',1),(2,'d26becbf46ac48eda79c7a39a13a02dd','thumbnails/3/u3yZWR6bszikKFkBWPBe8R.275x154_q85_box-0,21280,718_crop_detail.jpg','2016-11-26 21:47:48.235330',2),(3,'d26becbf46ac48eda79c7a39a13a02dd','thumbnails/6/MfBeY7zFe2aiBDR6MovRoV.275x154_q85_box-0,21280,718_crop_detail.jpg','2016-11-26 21:47:48.297417',3),(4,'d26becbf46ac48eda79c7a39a13a02dd','thumbnails/8/y272y97pxDQTuRuRrpNw5M.275x154_q85_box-0,21280,718_crop_detail.jpg','2016-11-26 21:47:48.360031',4),(5,'d26becbf46ac48eda79c7a39a13a02dd','thumbnails/15/whjmzKmWGYceeux8hY5W94.275x154_q85_box-0,21280,718_crop_detail.jpg','2016-11-26 21:47:48.418807',5),(6,'d26becbf46ac48eda79c7a39a13a02dd','thumbnails/16/yxVuYqF96bRo66nbt3NvmM.275x154_q85_box-0,21280,718_crop_detail.jpg','2016-11-26 21:47:48.475122',6),(7,'d26becbf46ac48eda79c7a39a13a02dd','thumbnails/18/eCjhfoX4cdX4btQtRHVfi7.275x154_q85_box-0,21280,718_crop_detail.jpg','2016-11-26 21:47:48.534645',7),(8,'d26becbf46ac48eda79c7a39a13a02dd','thumbnails/25/mrBDPhwcznd5HeizNF7whe.275x154_q85_box-0,21280,718_crop_detail.jpg','2016-11-26 21:47:48.589667',8),(9,'d26becbf46ac48eda79c7a39a13a02dd','thumbnails/35/wWYwhavhsEzt8C4W856QoY.275x154_q85_box-0,21280,718_crop_detail.jpg','2016-11-26 21:47:48.644522',9),(10,'d26becbf46ac48eda79c7a39a13a02dd','thumbnails/37/HZwfmsoZoi8k2oGRwgXLN6.275x154_q85_box-0,21280,718_crop_detail.jpg','2016-11-26 21:47:48.699775',10),(11,'d26becbf46ac48eda79c7a39a13a02dd','thumbnails/51/aQLwHez866wCr8Cp54L8DF.275x154_q85_box-0,21280,718_crop_detail.jpg','2016-11-26 21:47:48.755030',11),(12,'d26becbf46ac48eda79c7a39a13a02dd','thumbnails/53/BHrkfDr5MTknTRKPALQV6X.275x154_q85_box-0,21280,718_crop_detail.jpg','2016-11-26 21:47:48.816141',12),(13,'d26becbf46ac48eda79c7a39a13a02dd','thumbnails/54/gowbwfgSCS5RMoTFsv5TSS.275x154_q85_box-0,21280,718_crop_detail.jpg','2016-11-26 21:47:48.876347',13),(14,'d26becbf46ac48eda79c7a39a13a02dd','thumbnails/56/39Hj2sjZiuJiG26yBqbUeE.275x154_q85_box-0,21280,718_crop_detail.jpg','2016-11-26 21:47:48.936724',14),(15,'d26becbf46ac48eda79c7a39a13a02dd','thumbnails/58/wRrQmhquvxPciC39maLU69.275x154_q85_box-0,21280,718_crop_detail.jpg','2016-11-26 21:47:48.997018',15),(16,'d26becbf46ac48eda79c7a39a13a02dd','thumbnails/1/9Rx8ACWCRjw5ib5vYqCa3G.1600x900_q85_box-0,21280,718_crop_detail.jpg','2016-11-26 21:47:49.195555',1),(17,'d26becbf46ac48eda79c7a39a13a02dd','thumbnails/3/u3yZWR6bszikKFkBWPBe8R.1600x900_q85_box-0,21280,718_crop_detail.jpg','2016-11-26 21:47:49.361775',2),(18,'d26becbf46ac48eda79c7a39a13a02dd','thumbnails/6/MfBeY7zFe2aiBDR6MovRoV.1600x900_q85_box-0,21280,718_crop_detail.jpg','2016-11-26 21:47:49.531323',3),(19,'d26becbf46ac48eda79c7a39a13a02dd','thumbnails/8/y272y97pxDQTuRuRrpNw5M.1600x900_q85_box-0,21280,718_crop_detail.jpg','2016-11-26 21:47:49.701008',4),(20,'d26becbf46ac48eda79c7a39a13a02dd','thumbnails/15/whjmzKmWGYceeux8hY5W94.1600x900_q85_box-0,21280,718_crop_detail.jpg','2016-11-26 21:47:49.871043',5),(21,'d26becbf46ac48eda79c7a39a13a02dd','thumbnails/16/yxVuYqF96bRo66nbt3NvmM.1600x900_q85_box-0,21280,718_crop_detail.jpg','2016-11-26 21:47:50.045002',6),(22,'d26becbf46ac48eda79c7a39a13a02dd','thumbnails/18/eCjhfoX4cdX4btQtRHVfi7.1600x900_q85_box-0,21280,718_crop_detail.jpg','2016-11-26 21:47:50.229813',7),(23,'d26becbf46ac48eda79c7a39a13a02dd','thumbnails/25/mrBDPhwcznd5HeizNF7whe.1600x900_q85_box-0,21280,718_crop_detail.jpg','2016-11-26 21:47:50.408886',8),(24,'d26becbf46ac48eda79c7a39a13a02dd','thumbnails/35/wWYwhavhsEzt8C4W856QoY.1600x900_q85_box-0,21280,718_crop_detail.jpg','2016-11-26 21:47:50.587163',9),(25,'d26becbf46ac48eda79c7a39a13a02dd','thumbnails/37/HZwfmsoZoi8k2oGRwgXLN6.1600x900_q85_box-0,21280,718_crop_detail.jpg','2016-11-26 21:47:50.763726',10),(26,'d26becbf46ac48eda79c7a39a13a02dd','thumbnails/51/aQLwHez866wCr8Cp54L8DF.1600x900_q85_box-0,21280,718_crop_detail.jpg','2016-11-26 21:47:50.951654',11),(27,'d26becbf46ac48eda79c7a39a13a02dd','thumbnails/53/BHrkfDr5MTknTRKPALQV6X.1600x900_q85_box-0,21280,718_crop_detail.jpg','2016-11-26 21:47:51.126998',12),(28,'d26becbf46ac48eda79c7a39a13a02dd','thumbnails/54/gowbwfgSCS5RMoTFsv5TSS.1600x900_q85_box-0,21280,718_crop_detail.jpg','2016-11-26 21:47:51.303436',13),(29,'d26becbf46ac48eda79c7a39a13a02dd','thumbnails/56/39Hj2sjZiuJiG26yBqbUeE.1600x900_q85_box-0,21280,718_crop_detail.jpg','2016-11-26 21:47:51.481554',14),(30,'d26becbf46ac48eda79c7a39a13a02dd','thumbnails/58/wRrQmhquvxPciC39maLU69.1600x900_q85_box-0,21280,718_crop_detail.jpg','2016-11-26 21:47:51.651796',15),(31,'d26becbf46ac48eda79c7a39a13a02dd','thumbnails/2/sjBTGT4rkqo5dLgBPpg5GD.275x154_q85_box-0,21280,718_crop_detail.jpg','2016-11-27 00:40:30.305717',16),(32,'d26becbf46ac48eda79c7a39a13a02dd','thumbnails/5/vWDd5RsmUPbWXgJ5zVbfTH.275x154_q85_box-0,61640,419_crop_detail.jpg','2016-11-27 00:40:30.337596',17),(33,'d26becbf46ac48eda79c7a39a13a02dd','thumbnails/7/ThidHEo5fUkABWCQQHRxfD.275x154_q85_box-0,61640,419_crop_detail.jpg','2016-11-27 00:40:30.368257',18),(34,'d26becbf46ac48eda79c7a39a13a02dd','thumbnails/9/XFXjCTdjKKewUAAmEMDXXc.275x154_q85_box-0,21280,718_crop_detail.jpg','2016-11-27 00:40:30.422262',19),(35,'d26becbf46ac48eda79c7a39a13a02dd','thumbnails/10/TzZJ3RnWAn6reCyCRkPBRK.275x154_q85_box-0,21280,718_crop_detail.jpg','2016-11-27 00:40:30.477476',20),(36,'d26becbf46ac48eda79c7a39a13a02dd','thumbnails/11/yjbHKA9X8DEtzWTbx8UY6g.275x154_q85_box-0,21280,718_crop_detail.jpg','2016-11-27 00:40:30.532864',21),(37,'d26becbf46ac48eda79c7a39a13a02dd','thumbnails/12/vcxmWtRhuv7YeZq7CXYxk6.275x154_q85_box-0,61640,419_crop_detail.jpg','2016-11-27 00:40:30.561504',22),(38,'d26becbf46ac48eda79c7a39a13a02dd','thumbnails/13/vZSbmjXTokJ8v7DDTYEkgQ.275x154_q85_box-0,21280,718_crop_detail.jpg','2016-11-27 00:40:30.615432',23),(39,'d26becbf46ac48eda79c7a39a13a02dd','thumbnails/14/w4qfFvgW5BKPyE9Byu934B.275x154_q85_box-0,21280,718_crop_detail.jpg','2016-11-27 00:40:30.668092',24),(40,'d26becbf46ac48eda79c7a39a13a02dd','thumbnails/17/opPkrZ2bNgqcFPP8aKuF5T.275x154_q85_box-0,21280,718_crop_detail.jpg','2016-11-27 00:40:30.730414',25),(41,'d26becbf46ac48eda79c7a39a13a02dd','thumbnails/2/sjBTGT4rkqo5dLgBPpg5GD.1600x900_q85_box-0,21280,718_crop_detail.jpg','2016-11-27 00:40:30.922231',16),(42,'d26becbf46ac48eda79c7a39a13a02dd','thumbnails/5/vWDd5RsmUPbWXgJ5zVbfTH.1600x900_q85_box-0,61640,419_crop_detail.jpg','2016-11-27 00:40:30.995525',17),(43,'d26becbf46ac48eda79c7a39a13a02dd','thumbnails/7/ThidHEo5fUkABWCQQHRxfD.1600x900_q85_box-0,61640,419_crop_detail.jpg','2016-11-27 00:40:31.068228',18),(44,'d26becbf46ac48eda79c7a39a13a02dd','thumbnails/9/XFXjCTdjKKewUAAmEMDXXc.1600x900_q85_box-0,21280,718_crop_detail.jpg','2016-11-27 00:40:31.246188',19),(45,'d26becbf46ac48eda79c7a39a13a02dd','thumbnails/10/TzZJ3RnWAn6reCyCRkPBRK.1600x900_q85_box-0,21280,718_crop_detail.jpg','2016-11-27 00:40:31.428951',20),(46,'d26becbf46ac48eda79c7a39a13a02dd','thumbnails/11/yjbHKA9X8DEtzWTbx8UY6g.1600x900_q85_box-0,21280,718_crop_detail.jpg','2016-11-27 00:40:31.627131',21),(47,'d26becbf46ac48eda79c7a39a13a02dd','thumbnails/12/vcxmWtRhuv7YeZq7CXYxk6.1600x900_q85_box-0,61640,419_crop_detail.jpg','2016-11-27 00:40:31.696258',22),(48,'d26becbf46ac48eda79c7a39a13a02dd','thumbnails/13/vZSbmjXTokJ8v7DDTYEkgQ.1600x900_q85_box-0,21280,718_crop_detail.jpg','2016-11-27 00:40:31.888532',23),(49,'d26becbf46ac48eda79c7a39a13a02dd','thumbnails/14/w4qfFvgW5BKPyE9Byu934B.1600x900_q85_box-0,21280,718_crop_detail.jpg','2016-11-27 00:40:32.059308',24),(50,'d26becbf46ac48eda79c7a39a13a02dd','thumbnails/17/opPkrZ2bNgqcFPP8aKuF5T.1600x900_q85_box-0,21280,718_crop_detail.jpg','2016-11-27 00:40:32.244268',25),(51,'d26becbf46ac48eda79c7a39a13a02dd','thumbnails/61/7Ct3PooJEKyswmygN3MXt3.1600x900_q85_box-0,21280,718_crop_detail.jpg','2016-11-27 11:34:54.254990',26),(52,'d26becbf46ac48eda79c7a39a13a02dd','thumbnails/68/k7as9wG8jG4LFaTLwLagyS.1600x900_q85_box-0,21280,718_crop_detail.jpg','2016-11-27 11:34:54.417478',27),(53,'d26becbf46ac48eda79c7a39a13a02dd','thumbnails/69/KHBDeXbrQpBePhRzaDWKGh.1600x900_q85_box-0,21280,718_crop_detail.jpg','2016-11-27 11:34:54.579124',28),(54,'d26becbf46ac48eda79c7a39a13a02dd','thumbnails/71/Lan9TFPLLUQdDuKaceap4J.1600x900_q85_box-0,21280,718_crop_detail.jpg','2016-11-27 11:34:58.747238',29),(55,'d26becbf46ac48eda79c7a39a13a02dd','thumbnails/79/Dpv9xcEoYY2TQHyq2vtNM.1600x900_q85_box-0,21280,718_crop_detail.jpg','2016-11-27 11:34:58.913801',30),(56,'d26becbf46ac48eda79c7a39a13a02dd','logodefault.png.296x150_q85_box-11,0,1589,800_crop_detail.png','2017-03-20 00:52:39.144075',31),(57,'d26becbf46ac48eda79c7a39a13a02dd','logodefault.png.45x45_q85_box-400,0,1200,800_crop_detail.png','2017-03-26 17:11:03.136315',31),(58,'d26becbf46ac48eda79c7a39a13a02dd','profiledefault.jpg.45x45_q85_box-0,0,500,500_crop_detail.jpg','2017-03-26 17:13:45.624354',32),(59,'d26becbf46ac48eda79c7a39a13a02dd','profilephotos/5/JirnUF97mafh8V2Rdx2zzD.45x45_q85_box-0,0,500,500_crop_detail.jpg','2017-03-26 17:23:47.157245',33),(60,'d26becbf46ac48eda79c7a39a13a02dd','profilephotos/6/P8RrsffsCkn8sRaV778N6i.45x45_q85_box-0,0,150,150_crop_detail.jpg','2017-03-26 17:26:28.846167',34),(61,'d26becbf46ac48eda79c7a39a13a02dd','profilephotos/7/R5rQQe2PHXyjjgwWnppGtb.45x45_q85_box-0,0,150,150_crop_detail.jpg','2017-03-26 17:27:42.843452',35),(62,'d26becbf46ac48eda79c7a39a13a02dd','profilephotos/8/s9CrPTfw8BJTU54rzDXhRo.45x45_q85_box-0,0,150,150_crop_detail.jpg','2017-03-26 17:31:51.907385',36),(63,'d26becbf46ac48eda79c7a39a13a02dd','profilephotos/9/BQTm7XRNpahAo3re64bfpf.45x45_q85_box-0,0,150,150_crop_detail.jpg','2017-03-26 17:33:01.792459',37),(64,'d26becbf46ac48eda79c7a39a13a02dd','profiledefault.jpg.45x45_q85_box-0,0,150,150_crop_detail.jpg','2017-03-26 17:33:16.015642',32),(65,'d26becbf46ac48eda79c7a39a13a02dd','profilephotos/12/YPuJ7xFR9x2euKTySVymTP.45x45_q85_box-0,0,150,150_crop_detail.jpg','2017-03-26 17:37:28.364417',38),(66,'d26becbf46ac48eda79c7a39a13a02dd','profilephotos/13/cGmwePetonHR2U8L4Atip7.45x45_q85_box-0,0,150,150_crop_detail.jpg','2017-03-26 17:37:45.757442',39),(67,'d26becbf46ac48eda79c7a39a13a02dd','profilephotos/14/yTDRNs7GQDeVWp2cgLkSrQ.45x45_q85_box-0,0,150,150_crop_detail.jpg','2017-03-27 22:24:48.821044',40),(68,'d26becbf46ac48eda79c7a39a13a02dd','profilephotos/14/iBYgtcxgnoSZ6SWYotJzCH.45x45_q85_box-0,0,150,150_crop_detail.jpg','2017-03-31 15:32:36.659852',41),(69,'d26becbf46ac48eda79c7a39a13a02dd','professorphotos/None/zHbyDDms3r5ajrChYBoaBJ.300x300_q85_detail_upscale.jpg','2017-03-31 15:33:16.015955',42),(70,'d26becbf46ac48eda79c7a39a13a02dd','professorphotos/None/zHbyDDms3r5ajrChYBoaBJ.65x65_q85_box-343,0,1705,1363_crop_detail.jpg','2017-03-31 15:33:40.780307',42),(71,'d26becbf46ac48eda79c7a39a13a02dd','logodefault.png.592x300_q85_crop_detail.png','2017-03-31 17:08:43.114633',31),(72,'d26becbf46ac48eda79c7a39a13a02dd','profilephotos/14/XhCTTZoY8MQ6dFeKjrPfie.45x45_q85_box-0,0,150,150_crop_detail.jpg','2017-03-31 17:18:20.530590',43),(73,'d26becbf46ac48eda79c7a39a13a02dd','profilephotos/14/5F9KaNsFFasw8MfLCG9mHQ.45x45_q85_box-0,0,150,150_crop_detail.jpg','2017-03-31 17:19:17.353233',44),(74,'d26becbf46ac48eda79c7a39a13a02dd','profilephotos/14/qLABpWeynaGn2Y9QgyP9qN.45x45_q85_box-0,0,150,150_crop_detail.jpg','2017-03-31 17:36:58.188608',45),(75,'d26becbf46ac48eda79c7a39a13a02dd','profilephotos/14/aTp3PHRTHA2tKBuyM3iNMM.45x45_q85_box-0,0,150,150_crop_detail.jpg','2017-03-31 17:37:07.908314',46),(76,'d26becbf46ac48eda79c7a39a13a02dd','profilephotos/14/aTp3PHRTHA2tKBuyM3iNMM.130x130_q85_box-0,0,150,150_crop_detail.jpg','2017-03-31 17:41:32.482266',46),(77,'d26becbf46ac48eda79c7a39a13a02dd','profilephotos/14/aTp3PHRTHA2tKBuyM3iNMM.260x260_q85_box-0,0,150,150_crop_detail.jpg','2017-03-31 17:41:40.573422',46),(78,'d26becbf46ac48eda79c7a39a13a02dd','logodefault.png.276x140_q85_crop_detail.png','2017-03-31 17:44:43.965218',31),(79,'d26becbf46ac48eda79c7a39a13a02dd','professorphotos/None/zHbyDDms3r5ajrChYBoaBJ.100x100_q85_box-343,0,1705,1363_crop_detail.jpg','2017-03-31 18:12:10.309898',42),(80,'d26becbf46ac48eda79c7a39a13a02dd','thumbnails/4/362pbTNjZfmkmFes2ugXS4.275x154_q85_box-0,61640,419_crop_detail.jpg','2017-03-31 23:20:54.372205',47),(81,'d26becbf46ac48eda79c7a39a13a02dd','thumbnails/4/362pbTNjZfmkmFes2ugXS4.1600x900_q85_box-0,61640,419_crop_detail.jpg','2017-03-31 23:20:54.459529',47),(82,'d26becbf46ac48eda79c7a39a13a02dd','profilephotos/1/ibuvHJ59ENVpHcRiMeiJtH.45x45_q85_box-0,0,150,150_crop_detail.jpg','2017-03-31 23:24:54.297199',48),(83,'d26becbf46ac48eda79c7a39a13a02dd','profilephotos/1/ibuvHJ59ENVpHcRiMeiJtH.130x130_q85_box-0,0,150,150_crop_detail.jpg','2017-03-31 23:24:57.170132',48),(84,'d26becbf46ac48eda79c7a39a13a02dd','logodefault.png.276x140_q85_box-11,0,1589,800_crop_detail.png','2017-04-01 00:33:55.958829',31),(85,'d26becbf46ac48eda79c7a39a13a02dd','profilephotos/1/gNbWKBSvox72qYtdRpkZ9E.45x45_q85_box-0,0,150,150_crop_detail.jpg','2017-04-01 00:35:19.304885',49),(86,'d26becbf46ac48eda79c7a39a13a02dd','profilephotos/1/gNbWKBSvox72qYtdRpkZ9E.130x130_q85_box-0,0,150,150_crop_detail.jpg','2017-04-01 00:36:55.527167',49),(87,'d26becbf46ac48eda79c7a39a13a02dd','thumbnails/8/y272y97pxDQTuRuRrpNw5M.300x300_q85_detail_upscale.jpg','2017-04-23 03:03:08.611926',4),(88,'d26becbf46ac48eda79c7a39a13a02dd','thumbnails/6/MfBeY7zFe2aiBDR6MovRoV.300x300_q85_detail_upscale.jpg','2017-04-23 03:03:10.191065',3),(89,'d26becbf46ac48eda79c7a39a13a02dd','thumbnails/6/VPLxmpRL9weMkMsv3GedvT.1600x900_q85_box-0,21280,718_crop_detail.jpg','2017-04-23 03:04:52.368501',50),(90,'d26becbf46ac48eda79c7a39a13a02dd','thumbnails/6/VPLxmpRL9weMkMsv3GedvT.300x300_q85_detail_upscale.jpg','2017-04-23 03:05:07.882640',50),(91,'d26becbf46ac48eda79c7a39a13a02dd','thumbnails/303/GLZ9BF5NA8xSnCQHtuoJeQ.300x300_q85_detail_upscale.jpg','2017-04-23 03:06:45.003892',51),(92,'d26becbf46ac48eda79c7a39a13a02dd','thumbnails/6/eQZGusL33dNyJkbqxUkRJJ.1600x900_q85_box-0,21280,718_crop_detail.jpg','2017-04-23 03:17:10.236205',52),(93,'d26becbf46ac48eda79c7a39a13a02dd','thumbnails/6/eQZGusL33dNyJkbqxUkRJJ.300x300_q85_detail_upscale.jpg','2017-04-23 04:15:58.192097',52),(94,'d26becbf46ac48eda79c7a39a13a02dd','thumbnails/6/TuGhyC3Yw6JAuZoJz6WXNY.1600x900_q85_box-0,21280,718_crop_detail.jpg','2017-04-26 00:26:17.853353',53),(95,'d26becbf46ac48eda79c7a39a13a02dd','coursethumbnails/5/6XauCfh5vKdVpnk5Aptefk.276x140_q85_box-11,0,1589,800_crop_detail.jpg','2017-04-26 00:41:47.992554',54),(96,'d26becbf46ac48eda79c7a39a13a02dd','coursethumbnails/5/6XauCfh5vKdVpnk5Aptefk.300x300_q85_detail_upscale.jpg','2017-04-26 00:42:39.167114',54),(97,'d26becbf46ac48eda79c7a39a13a02dd','coursethumbnails/5/mc6HJbqcFmSZBa5HJW2yMW.300x300_q85_detail_upscale.jpg','2017-04-26 00:43:03.741050',55),(98,'d26becbf46ac48eda79c7a39a13a02dd','coursethumbnails/5/mc6HJbqcFmSZBa5HJW2yMW.276x140_q85_box-11,0,1589,800_crop_detail.jpg','2017-04-26 00:45:36.724342',55),(99,'d26becbf46ac48eda79c7a39a13a02dd','profilephotos/1/ewr7F4tHSKTZqQKd29UJQF.45x45_q85_box-0,0,150,150_crop_detail.jpg','2017-04-26 01:41:47.862021',56),(100,'d26becbf46ac48eda79c7a39a13a02dd','profilephotos/1/suVLa2EkU85xpRgpaNsM78.45x45_q85_box-0,0,150,150_crop_detail.jpg','2017-04-26 01:41:54.793954',57),(101,'d26becbf46ac48eda79c7a39a13a02dd','profilephotos/1/Dk5ZvDKQ3kprCAgpo3XZXb.45x45_q85_box-0,0,150,150_crop_detail.jpg','2017-04-26 01:42:28.402162',58),(102,'d26becbf46ac48eda79c7a39a13a02dd','profilephotos/1/PG34yyMxRqrGWrrM5o5o3L.45x45_q85_box-0,0,150,150_crop_detail.jpg','2017-04-26 01:42:35.099805',59),(103,'d26becbf46ac48eda79c7a39a13a02dd','profilephotos/1/LiWpynZVNqP9XANZFjepXR.45x45_q85_box-0,0,150,150_crop_detail.jpg','2017-04-26 01:42:49.392171',60),(104,'d26becbf46ac48eda79c7a39a13a02dd','logodefault.png.300x300_q85_detail_upscale.png','2017-04-26 01:49:18.646135',31),(105,'d26becbf46ac48eda79c7a39a13a02dd','profilephotos/1/LiWpynZVNqP9XANZFjepXR.130x130_q85_box-0,0,150,150_crop_detail.jpg','2017-05-01 02:16:46.112169',60),(106,'d26becbf46ac48eda79c7a39a13a02dd','coursethumbnails/5/LpzpSvddRpGmiaVj9aRacM.300x300_q85_detail_upscale.jpg','2017-05-03 02:31:57.076610',61),(107,'d26becbf46ac48eda79c7a39a13a02dd','coursethumbnails/5/rhCXTzM8idGCjE72ZGADLo.276x140_q85_box-11,0,1589,800_crop_detail.jpg','2017-05-06 22:46:20.349367',62),(108,'d26becbf46ac48eda79c7a39a13a02dd','thumbnails/6/TuGhyC3Yw6JAuZoJz6WXNY.275x154_q85_box-0,21280,718_crop_detail.jpg','2017-05-06 23:07:04.830374',53),(109,'d26becbf46ac48eda79c7a39a13a02dd','thumbnails/8/hiUPS63Z9NWNGBChsipBAn.275x154_q85_box-0,21280,718_crop_detail.jpg','2017-05-06 23:07:04.894657',63),(110,'d26becbf46ac48eda79c7a39a13a02dd','thumbnails/8/hiUPS63Z9NWNGBChsipBAn.1600x900_q85_box-0,21280,718_crop_detail.jpg','2017-05-06 23:07:05.106933',63),(111,'d26becbf46ac48eda79c7a39a13a02dd','profilephotos/1/hzeCDv7avEPMLS7HEpGfuP.wiwL24aVFWQXhjJwakJS69.45x45_q85_box-0,0,150,150_crop_detail.jpg','2017-05-08 02:35:05.897036',64),(112,'d26becbf46ac48eda79c7a39a13a02dd','profilephotos/1/hzeCDv7avEPMLS7HEpGfuP.wiwL24aVFWQXhjJwakJS69.130x130_q85_box-0,0,150,150_crop_detail.jpg','2017-05-14 00:56:54.854310',64),(113,'d26becbf46ac48eda79c7a39a13a02dd','logodefault.png.592x300_q85_box-11,0,1589,800_crop_detail.png','2017-05-18 22:38:58.729040',31),(114,'d26becbf46ac48eda79c7a39a13a02dd','profilephotos/1/b8lo5znlo0rar9zl7dzep31na.2gafacd0ah2dh00fae230d32ag003c33g0f3.45x45_q85_box-0,0,150,150_crop_detail.jpg','2017-05-18 23:31:56.437431',65),(115,'d26becbf46ac48eda79c7a39a13a02dd','profiledefault.jpg.130x130_q85_box-0,0,150,150_crop_detail.jpg','2017-05-22 01:07:34.164273',32),(116,'d26becbf46ac48eda79c7a39a13a02dd','profilephotos/1/at02ohs8molytbav40rqgmx13.ecd2hge1gbbbgd11ecgb2hcb22hhe102h1d1.45x45_q85_box-0,0,150,150_crop_detail.jpg','2017-05-22 01:48:57.928360',66),(117,'d26becbf46ac48eda79c7a39a13a02dd','profilephotos/1/at02ohs8molytbav40rqgmx13.ecd2hge1gbbbgd11ecgb2hcb22hhe102h1d1.130x130_q85_box-0,0,150,150_crop_detail.jpg','2017-05-22 01:49:00.821916',66),(118,'d26becbf46ac48eda79c7a39a13a02dd','thumbnails/256/nD8QakDtZBAH6erC6rn6HV.275x154_q85_box-0,21280,718_crop_detail.jpg','2017-06-03 00:30:43.883913',67),(119,'d26becbf46ac48eda79c7a39a13a02dd','thumbnails/257/4pZSrifKxiJYCzaHdyt3hT.275x154_q85_box-0,21280,718_crop_detail.jpg','2017-06-03 00:30:43.947880',68),(120,'d26becbf46ac48eda79c7a39a13a02dd','thumbnails/258/v9mNQkkoNy6wHyioViiVJ3.275x154_q85_box-0,21280,718_crop_detail.jpg','2017-06-03 00:30:44.011588',69),(121,'d26becbf46ac48eda79c7a39a13a02dd','thumbnails/259/fLNfpPeKFispyKWj7T63Af.275x154_q85_box-0,21280,718_crop_detail.jpg','2017-06-03 00:30:44.075433',70),(122,'d26becbf46ac48eda79c7a39a13a02dd','thumbnails/260/f8nvqP9W2tM3Cr88cgTC2L.275x154_q85_box-0,21280,718_crop_detail.jpg','2017-06-03 00:30:44.137263',71),(123,'d26becbf46ac48eda79c7a39a13a02dd','thumbnails/261/8DDxJmgMyYzEkDPArfco5F.275x154_q85_box-0,21280,718_crop_detail.jpg','2017-06-03 00:30:44.200545',72),(124,'d26becbf46ac48eda79c7a39a13a02dd','thumbnails/262/WpUxiSxRJy8xWShuuCDX9f.275x154_q85_box-0,21280,718_crop_detail.jpg','2017-06-03 00:30:44.257741',73),(125,'d26becbf46ac48eda79c7a39a13a02dd','thumbnails/263/KK6q7TDadRNe3mTuzqxo3W.275x154_q85_box-0,21280,718_crop_detail.jpg','2017-06-03 00:30:44.314657',74),(126,'d26becbf46ac48eda79c7a39a13a02dd','thumbnails/264/EWfGUVcBHPc2n3732yjvC4.275x154_q85_box-0,21280,718_crop_detail.jpg','2017-06-03 00:30:44.373857',75),(127,'d26becbf46ac48eda79c7a39a13a02dd','thumbnails/265/y43qzyEuWkKqsZGWkiKz9V.275x154_q85_box-0,21280,718_crop_detail.jpg','2017-06-03 00:30:44.434022',76),(128,'d26becbf46ac48eda79c7a39a13a02dd','thumbnails/266/rovVf7CEKuEUNTuWD2gPQQ.275x154_q85_box-0,21280,718_crop_detail.jpg','2017-06-03 00:30:44.495520',77),(129,'d26becbf46ac48eda79c7a39a13a02dd','thumbnails/267/7PaSNwZUGcarWrV9tbQGkc.275x154_q85_box-0,21280,718_crop_detail.jpg','2017-06-03 00:30:44.558271',78),(130,'d26becbf46ac48eda79c7a39a13a02dd','thumbnails/268/TJJxGoV4tnd5pNfs4b6boV.275x154_q85_box-0,21280,718_crop_detail.jpg','2017-06-03 00:30:44.618118',79),(131,'d26becbf46ac48eda79c7a39a13a02dd','thumbnails/269/9Fwcp3Snp6TPymMG42Tfz9.275x154_q85_box-0,21280,718_crop_detail.jpg','2017-06-03 00:30:44.672634',80),(132,'d26becbf46ac48eda79c7a39a13a02dd','thumbnails/270/KtXRmmbXbxpwALGTiR9vxL.275x154_q85_box-0,21280,718_crop_detail.jpg','2017-06-03 00:30:44.730710',81),(133,'d26becbf46ac48eda79c7a39a13a02dd','thumbnails/256/nD8QakDtZBAH6erC6rn6HV.1600x900_q85_box-0,21280,718_crop_detail.jpg','2017-06-03 00:30:44.905845',67),(134,'d26becbf46ac48eda79c7a39a13a02dd','thumbnails/257/4pZSrifKxiJYCzaHdyt3hT.1600x900_q85_box-0,21280,718_crop_detail.jpg','2017-06-03 00:30:45.086884',68),(135,'d26becbf46ac48eda79c7a39a13a02dd','thumbnails/258/v9mNQkkoNy6wHyioViiVJ3.1600x900_q85_box-0,21280,718_crop_detail.jpg','2017-06-03 00:30:45.258975',69),(136,'d26becbf46ac48eda79c7a39a13a02dd','thumbnails/259/fLNfpPeKFispyKWj7T63Af.1600x900_q85_box-0,21280,718_crop_detail.jpg','2017-06-03 00:30:45.434722',70),(137,'d26becbf46ac48eda79c7a39a13a02dd','thumbnails/260/f8nvqP9W2tM3Cr88cgTC2L.1600x900_q85_box-0,21280,718_crop_detail.jpg','2017-06-03 00:30:45.611641',71),(138,'d26becbf46ac48eda79c7a39a13a02dd','thumbnails/261/8DDxJmgMyYzEkDPArfco5F.1600x900_q85_box-0,21280,718_crop_detail.jpg','2017-06-03 00:30:45.781692',72),(139,'d26becbf46ac48eda79c7a39a13a02dd','thumbnails/262/WpUxiSxRJy8xWShuuCDX9f.1600x900_q85_box-0,21280,718_crop_detail.jpg','2017-06-03 00:30:45.935246',73),(140,'d26becbf46ac48eda79c7a39a13a02dd','thumbnails/263/KK6q7TDadRNe3mTuzqxo3W.1600x900_q85_box-0,21280,718_crop_detail.jpg','2017-06-03 00:30:46.100494',74),(141,'d26becbf46ac48eda79c7a39a13a02dd','thumbnails/264/EWfGUVcBHPc2n3732yjvC4.1600x900_q85_box-0,21280,718_crop_detail.jpg','2017-06-03 00:30:46.260700',75),(142,'d26becbf46ac48eda79c7a39a13a02dd','thumbnails/265/y43qzyEuWkKqsZGWkiKz9V.1600x900_q85_box-0,21280,718_crop_detail.jpg','2017-06-03 00:30:46.420765',76),(143,'d26becbf46ac48eda79c7a39a13a02dd','thumbnails/266/rovVf7CEKuEUNTuWD2gPQQ.1600x900_q85_box-0,21280,718_crop_detail.jpg','2017-06-03 00:30:46.579917',77),(144,'d26becbf46ac48eda79c7a39a13a02dd','thumbnails/267/7PaSNwZUGcarWrV9tbQGkc.1600x900_q85_box-0,21280,718_crop_detail.jpg','2017-06-03 00:30:46.745053',78),(145,'d26becbf46ac48eda79c7a39a13a02dd','thumbnails/268/TJJxGoV4tnd5pNfs4b6boV.1600x900_q85_box-0,21280,718_crop_detail.jpg','2017-06-03 00:30:46.904860',79),(146,'d26becbf46ac48eda79c7a39a13a02dd','thumbnails/269/9Fwcp3Snp6TPymMG42Tfz9.1600x900_q85_box-0,21280,718_crop_detail.jpg','2017-06-03 00:30:47.060322',80),(147,'d26becbf46ac48eda79c7a39a13a02dd','thumbnails/270/KtXRmmbXbxpwALGTiR9vxL.1600x900_q85_box-0,21280,718_crop_detail.jpg','2017-06-03 00:30:47.218553',81),(148,'d26becbf46ac48eda79c7a39a13a02dd','profilephotos/1/ca7svsylitf3tq1ebm6ca4f42.d1h3fh3d2gb0bed2eca3f23e22dafddfh323.45x45_q85_box-0,0,150,150_crop_detail.jpg','2017-06-18 21:18:40.851225',82),(149,'d26becbf46ac48eda79c7a39a13a02dd','profilephotos/1/ca7svsylitf3tq1ebm6ca4f42.d1h3fh3d2gb0bed2eca3f23e22dafddfh323.130x130_q85_box-0,0,150,150_crop_detail.jpg','2017-06-18 21:19:08.975295',82),(150,'d26becbf46ac48eda79c7a39a13a02dd','thumbnails/198/L9NTqqjUSBGK5XkvdRKSwD.1600x900_q85_box-0,21280,718_crop_detail.jpg','2017-07-16 19:45:14.130310',83),(151,'d26becbf46ac48eda79c7a39a13a02dd','thumbnails/200/Pz2VBPiv8degmY5FD3pryN.1600x900_q85_box-0,21280,718_crop_detail.jpg','2017-07-16 19:45:14.315718',84),(152,'d26becbf46ac48eda79c7a39a13a02dd','thumbnails/202/YEhF4or337jyqsW7xf3hWi.1600x900_q85_box-0,21280,718_crop_detail.jpg','2017-07-16 19:45:14.493581',85),(153,'d26becbf46ac48eda79c7a39a13a02dd','thumbnails/204/YFAKGmqnAF9HdeCFPJnN6f.1600x900_q85_box-0,21280,718_crop_detail.jpg','2017-07-16 19:45:14.671238',86),(154,'d26becbf46ac48eda79c7a39a13a02dd','thumbnails/206/ePV7jhEXnjghWFWkFsHGQg.1600x900_q85_box-0,21280,718_crop_detail.jpg','2017-07-16 19:45:14.847876',87),(155,'d26becbf46ac48eda79c7a39a13a02dd','thumbnails/208/qaBLZPuXVhheYKjsAKpcdX.1600x900_q85_box-0,21280,718_crop_detail.jpg','2017-07-16 19:45:15.021582',88),(156,'d26becbf46ac48eda79c7a39a13a02dd','thumbnails/210/vhMDodV6WdcXALA7Swebqn.1600x900_q85_box-0,21280,718_crop_detail.jpg','2017-07-16 19:45:15.196565',89),(157,'d26becbf46ac48eda79c7a39a13a02dd','thumbnails/212/VDeqHqaazNPxbxRqfhDuaB.1600x900_q85_box-0,21280,718_crop_detail.jpg','2017-07-16 19:45:15.370670',90),(158,'d26becbf46ac48eda79c7a39a13a02dd','thumbnails/214/5DX325qu8ZnzH8AQY8AUKk.1600x900_q85_box-0,21280,718_crop_detail.jpg','2017-07-16 19:45:15.541528',91),(159,'d26becbf46ac48eda79c7a39a13a02dd','thumbnails/216/kPTRorxRVZjAMVUKEJss48.1600x900_q85_box-0,21280,718_crop_detail.jpg','2017-07-16 19:45:15.711803',92),(160,'d26becbf46ac48eda79c7a39a13a02dd','thumbnails/218/EMBUwVJzYf8mX57vwikE3P.1600x900_q85_box-0,21280,718_crop_detail.jpg','2017-07-16 19:45:15.889538',93),(161,'d26becbf46ac48eda79c7a39a13a02dd','thumbnails/219/rZdegsb4HFuDFrwXQKJ5xY.1600x900_q85_box-0,21280,718_crop_detail.jpg','2017-07-16 19:45:16.061310',94),(162,'d26becbf46ac48eda79c7a39a13a02dd','thumbnails/221/oTSAbFJWyJSAK3jwwwHyiP.1600x900_q85_box-0,21280,718_crop_detail.jpg','2017-07-16 19:45:16.232363',95),(163,'d26becbf46ac48eda79c7a39a13a02dd','thumbnails/222/ZDgaN3UmwqcgmpmbZLNxji.1600x900_q85_box-0,21280,718_crop_detail.jpg','2017-07-16 19:45:16.412564',96),(164,'d26becbf46ac48eda79c7a39a13a02dd','thumbnails/224/2P8ET6CjCHagcHSJMhsS3n.1600x900_q85_box-0,21280,718_crop_detail.jpg','2017-07-16 19:45:16.590562',97),(165,'d26becbf46ac48eda79c7a39a13a02dd','coursethumbnails/5/rhCXTzM8idGCjE72ZGADLo.296x150_q85_box-11,0,1589,800_crop_detail.jpg','2017-07-16 19:56:57.805005',62),(166,'d26becbf46ac48eda79c7a39a13a02dd','professorphotos/None/zHbyDDms3r5ajrChYBoaBJ.30x30_q85_box-343,0,1705,1363_crop_detail.jpg','2017-07-16 19:56:57.931639',42),(167,'d26becbf46ac48eda79c7a39a13a02dd','coursethumbnails/5/rhCXTzM8idGCjE72ZGADLo.300x300_q85_detail_upscale.jpg','2017-07-16 19:59:30.165078',62),(168,'d26becbf46ac48eda79c7a39a13a02dd','coursethumbnails/5/h964q7j5g19nz1l1vh6khwof7.JPG.296x150_q85_box-11,0,1589,800_crop_detail.jpg','2017-07-16 20:00:50.114681',98),(169,'d26becbf46ac48eda79c7a39a13a02dd','profilephotos/1/ueoalr3dk2f8dwrft9pcwpg5c.af2ad1fg0bd1dfc21g11dfhf2cbabc3b3d32.45x45_q85_box-0,0,150,150_crop_detail.jpg','2017-08-27 16:24:32.597307',99),(170,'d26becbf46ac48eda79c7a39a13a02dd','profilephotos/1/ueoalr3dk2f8dwrft9pcwpg5c.af2ad1fg0bd1dfc21g11dfhf2cbabc3b3d32.130x130_q85_box-0,0,150,150_crop_detail.jpg','2017-08-27 16:24:36.939450',99),(171,'d26becbf46ac48eda79c7a39a13a02dd','coursethumbnails/5/h964q7j5g19nz1l1vh6khwof7.JPG.276x140_q85_box-11,0,1589,800_crop_detail.jpg','2017-08-27 16:24:37.173721',98),(172,'d26becbf46ac48eda79c7a39a13a02dd','coursethumbnails/5/h964q7j5g19nz1l1vh6khwof7.JPG.592x300_q85_box-11,0,1589,800_crop_detail.jpg','2017-08-27 17:43:10.741518',98),(173,'d26becbf46ac48eda79c7a39a13a02dd','professorphotos/None/zHbyDDms3r5ajrChYBoaBJ.320x320_q85_box-343,0,1705,1363_crop_detail.jpg','2017-08-27 17:43:10.896456',42),(174,'d26becbf46ac48eda79c7a39a13a02dd','thumbnails/22/VJ28cYQJtd67dXjma3i6Va.275x154_q85_box-0,21280,718_crop_detail.jpg','2017-08-27 17:44:37.694463',100),(175,'d26becbf46ac48eda79c7a39a13a02dd','thumbnails/23/pSxGFmEuS4nxdYuScDfEYP.275x154_q85_box-0,21280,718_crop_detail.jpg','2017-08-27 17:44:37.748097',101),(176,'d26becbf46ac48eda79c7a39a13a02dd','thumbnails/29/at2EHA3MQTnSGdemNWbZD3.275x154_q85_box-0,61640,419_crop_detail.jpg','2017-08-27 17:44:37.778316',102),(177,'d26becbf46ac48eda79c7a39a13a02dd','thumbnails/30/8Za9dk5y2Lk3mnBgJVfYeY.275x154_q85_box-0,61640,419_crop_detail.jpg','2017-08-27 17:44:37.807749',103),(178,'d26becbf46ac48eda79c7a39a13a02dd','thumbnails/36/mJJ4BCuBWDjUdvo8hJGqrJ.275x154_q85_box-0,61640,419_crop_detail.jpg','2017-08-27 17:44:37.837219',104),(179,'d26becbf46ac48eda79c7a39a13a02dd','thumbnails/42/wYtetJ9Yh3fHBcaThCwojC.275x154_q85_box-0,61640,419_crop_detail.jpg','2017-08-27 17:44:37.865979',105),(180,'d26becbf46ac48eda79c7a39a13a02dd','thumbnails/47/xzNbsQpzuarfNuTRXhSuu.275x154_q85_box-0,61640,419_crop_detail.jpg','2017-08-27 17:44:37.894180',106),(181,'d26becbf46ac48eda79c7a39a13a02dd','thumbnails/50/qiovHV6K3499tjkG8mtxwT.275x154_q85_box-0,61640,419_crop_detail.jpg','2017-08-27 17:44:37.925566',107),(182,'d26becbf46ac48eda79c7a39a13a02dd','thumbnails/52/TM3ZvhHTcFYUKFWAMvqm2U.275x154_q85_box-0,61640,419_crop_detail.jpg','2017-08-27 17:44:37.953962',108),(183,'d26becbf46ac48eda79c7a39a13a02dd','thumbnails/59/HGpe7H2AEuNFMjcoPmqQUK.275x154_q85_box-0,61640,419_crop_detail.jpg','2017-08-27 17:44:37.983107',109),(184,'d26becbf46ac48eda79c7a39a13a02dd','thumbnails/64/8VjPFmRDHAzHWAi4ojpCMN.275x154_q85_box-0,61640,419_crop_detail.jpg','2017-08-27 17:44:38.011531',110),(185,'d26becbf46ac48eda79c7a39a13a02dd','thumbnails/74/KKmuDx7aVgQd3N3oktx4tg.275x154_q85_box-0,61640,419_crop_detail.jpg','2017-08-27 17:44:38.039911',111),(186,'d26becbf46ac48eda79c7a39a13a02dd','thumbnails/22/VJ28cYQJtd67dXjma3i6Va.1600x900_q85_box-0,21280,718_crop_detail.jpg','2017-08-27 17:44:38.207358',100),(187,'d26becbf46ac48eda79c7a39a13a02dd','thumbnails/23/pSxGFmEuS4nxdYuScDfEYP.1600x900_q85_box-0,21280,718_crop_detail.jpg','2017-08-27 17:44:38.367892',101),(188,'d26becbf46ac48eda79c7a39a13a02dd','thumbnails/29/at2EHA3MQTnSGdemNWbZD3.1600x900_q85_box-0,61640,419_crop_detail.jpg','2017-08-27 17:44:38.433342',102),(189,'d26becbf46ac48eda79c7a39a13a02dd','thumbnails/30/8Za9dk5y2Lk3mnBgJVfYeY.1600x900_q85_box-0,61640,419_crop_detail.jpg','2017-08-27 17:44:38.492711',103),(190,'d26becbf46ac48eda79c7a39a13a02dd','thumbnails/36/mJJ4BCuBWDjUdvo8hJGqrJ.1600x900_q85_box-0,61640,419_crop_detail.jpg','2017-08-27 17:44:38.551857',104),(191,'d26becbf46ac48eda79c7a39a13a02dd','thumbnails/42/wYtetJ9Yh3fHBcaThCwojC.1600x900_q85_box-0,61640,419_crop_detail.jpg','2017-08-27 17:44:38.611361',105),(192,'d26becbf46ac48eda79c7a39a13a02dd','thumbnails/47/xzNbsQpzuarfNuTRXhSuu.1600x900_q85_box-0,61640,419_crop_detail.jpg','2017-08-27 17:44:38.669615',106),(193,'d26becbf46ac48eda79c7a39a13a02dd','thumbnails/50/qiovHV6K3499tjkG8mtxwT.1600x900_q85_box-0,61640,419_crop_detail.jpg','2017-08-27 17:44:38.732947',107),(194,'d26becbf46ac48eda79c7a39a13a02dd','thumbnails/52/TM3ZvhHTcFYUKFWAMvqm2U.1600x900_q85_box-0,61640,419_crop_detail.jpg','2017-08-27 17:44:38.796068',108),(195,'d26becbf46ac48eda79c7a39a13a02dd','thumbnails/59/HGpe7H2AEuNFMjcoPmqQUK.1600x900_q85_box-0,61640,419_crop_detail.jpg','2017-08-27 17:44:38.863321',109),(196,'d26becbf46ac48eda79c7a39a13a02dd','thumbnails/64/8VjPFmRDHAzHWAi4ojpCMN.1600x900_q85_box-0,61640,419_crop_detail.jpg','2017-08-27 17:44:38.925730',110),(197,'d26becbf46ac48eda79c7a39a13a02dd','thumbnails/74/KKmuDx7aVgQd3N3oktx4tg.1600x900_q85_box-0,61640,419_crop_detail.jpg','2017-08-27 17:44:38.995819',111),(198,'d26becbf46ac48eda79c7a39a13a02dd','thumbnails/84/9jjdfSuRFoz85bkBu3jZN7.1600x900_q85_box-0,21280,718_crop_detail.jpg','2017-08-27 17:48:33.471774',112),(199,'d26becbf46ac48eda79c7a39a13a02dd','thumbnails/87/LFj9pcFtvr3fQRpFgh9g8i.1600x900_q85_box-0,21280,718_crop_detail.jpg','2017-08-27 17:48:33.656928',113),(200,'d26becbf46ac48eda79c7a39a13a02dd','thumbnails/226/LJdb5EQtqDdyLQ5C7CaspF.1600x900_q85_box-0,21280,718_crop_detail.jpg','2017-08-27 17:48:40.538894',114),(201,'d26becbf46ac48eda79c7a39a13a02dd','thumbnails/228/MS9aa4mDn7BDVGeCRMeZQW.1600x900_q85_box-0,21280,718_crop_detail.jpg','2017-08-27 17:48:40.711978',115),(202,'d26becbf46ac48eda79c7a39a13a02dd','thumbnails/230/53UHtX6gC8ZTCXgk2NiCkn.1600x900_q85_box-0,21280,718_crop_detail.jpg','2017-08-27 17:50:55.973130',116),(203,'d26becbf46ac48eda79c7a39a13a02dd','thumbnails/231/Ge8QhzLE5XUyaiAmBXZtQC.1600x900_q85_box-0,21280,718_crop_detail.jpg','2017-08-27 17:50:56.176102',117),(204,'d26becbf46ac48eda79c7a39a13a02dd','profilephotos/1/5jlyiaiczfqooomj8cvxukvf1.b11f12cgbefafb1f1g1cfhf1g0d02d3h32c1.45x45_q85_box-0,0,150,150_crop_detail.jpg','2017-09-01 18:56:26.168017',118),(205,'d26becbf46ac48eda79c7a39a13a02dd','profilephotos/1/5jlyiaiczfqooomj8cvxukvf1.b11f12cgbefafb1f1g1cfhf1g0d02d3h32c1.130x130_q85_box-0,0,150,150_crop_detail.jpg','2017-09-01 18:56:57.873625',118),(206,'d26becbf46ac48eda79c7a39a13a02dd','profilephotos/1/iv5i58osahpvh6yteor6xka4d.cea22h3eeb3ac011gh2hbg3ecdg0afdh3b31.45x45_q85_box-0,0,150,150_crop_detail.jpg','2017-09-09 18:05:05.091789',119),(207,'d26becbf46ac48eda79c7a39a13a02dd','thumbnails/87/LFj9pcFtvr3fQRpFgh9g8i.275x154_q85_box-0,21280,718_crop_detail.jpg','2017-09-09 18:41:01.146027',113),(208,'d26becbf46ac48eda79c7a39a13a02dd','thumbnails/21/3xUbsUKFEff5Sro2SvEPdb.1600x900_q85_box-0,21280,718_crop_detail.jpg','2017-09-09 18:41:26.442851',120),(209,'d26becbf46ac48eda79c7a39a13a02dd','thumbnails/24/YCxQjubYZ2HCzwLkFh8Aoj.1600x900_q85_box-0,21280,718_crop_detail.jpg','2017-09-09 18:41:26.620019',121),(210,'d26becbf46ac48eda79c7a39a13a02dd','thumbnails/31/P58jeQa9A2NGq8rB54mXT8.1600x900_q85_box-0,61640,419_crop_detail.jpg','2017-09-09 18:41:26.686992',122),(211,'d26becbf46ac48eda79c7a39a13a02dd','thumbnails/38/iS8umHwvzzzYvcdgs9cp6i.1600x900_q85_box-0,21280,718_crop_detail.jpg','2017-09-09 18:41:26.863315',123),(212,'d26becbf46ac48eda79c7a39a13a02dd','thumbnails/43/qo55QEenBdXRLiyF67PMuj.1600x900_q85_box-0,21280,718_crop_detail.jpg','2017-09-09 18:41:27.041722',124),(213,'d26becbf46ac48eda79c7a39a13a02dd','thumbnails/48/6toppHW43TTsCzERr98ihL.1600x900_q85_box-0,21280,718_crop_detail.jpg','2017-09-09 18:41:27.216152',125),(214,'d26becbf46ac48eda79c7a39a13a02dd','thumbnails/55/xfDyhVkA9C3hGUaBjuQWF3.1600x900_q85_box-0,21280,718_crop_detail.jpg','2017-09-09 18:41:27.397028',126),(215,'d26becbf46ac48eda79c7a39a13a02dd','thumbnails/60/LiywqfLgXcEQekh46AXRnX.1600x900_q85_box-0,21280,718_crop_detail.jpg','2017-09-09 18:41:27.566596',127),(216,'d26becbf46ac48eda79c7a39a13a02dd','thumbnails/65/6iRkXwBGfdA59fFHmVS5u5.1600x900_q85_box-0,21280,718_crop_detail.jpg','2017-09-09 18:41:27.740015',128),(217,'d26becbf46ac48eda79c7a39a13a02dd','thumbnails/70/VyQjh5EDHJ4dviyPvjuxPf.1600x900_q85_box-0,21280,718_crop_detail.jpg','2017-09-09 18:41:27.915365',129),(218,'d26becbf46ac48eda79c7a39a13a02dd','thumbnails/75/bLy2dbUnv7XunHncg8Vcj5.1600x900_q85_box-0,21280,718_crop_detail.jpg','2017-09-09 18:41:28.100281',130),(219,'d26becbf46ac48eda79c7a39a13a02dd','thumbnails/80/mzt4jU6GsamGtBmYSyLWpg.1600x900_q85_box-0,21280,718_crop_detail.jpg','2017-09-09 18:41:28.282080',131),(220,'d26becbf46ac48eda79c7a39a13a02dd','thumbnails/85/7nn7zd7Qkh5sbTEEjXf5ML.1600x900_q85_box-0,21280,718_crop_detail.jpg','2017-09-09 18:41:28.454879',132),(221,'d26becbf46ac48eda79c7a39a13a02dd','thumbnails/90/QgPzLVcubtUAhd55ubSsZN.1600x900_q85_box-0,21280,718_crop_detail.jpg','2017-09-09 18:41:28.633100',133),(222,'d26becbf46ac48eda79c7a39a13a02dd','thumbnails/94/aehUkJY2cPenVwjtmPb5hd.1600x900_q85_box-0,21280,718_crop_detail.jpg','2017-09-09 18:41:30.024919',134),(223,'d26becbf46ac48eda79c7a39a13a02dd','thumbnails/293/CQv2HarR7niwufNeWFS92i.275x154_q85_box-0,21280,718_crop_detail.jpg','2017-09-16 12:39:04.895141',135),(224,'d26becbf46ac48eda79c7a39a13a02dd','thumbnails/299/c8SSd4TnMpFKJ8WDuE6g4Q.275x154_q85_box-0,61640,419_crop_detail.jpg','2017-09-16 12:39:04.937164',136),(225,'d26becbf46ac48eda79c7a39a13a02dd','thumbnails/284/AUYvA4toYF9d6pH2fDFRJG.275x154_q85_box-0,21280,718_crop_detail.jpg','2017-09-16 12:39:05.002472',137),(226,'d26becbf46ac48eda79c7a39a13a02dd','thumbnails/289/QEsdxVXfJA8H5w2T25v2QK.275x154_q85_box-0,21280,718_crop_detail.jpg','2017-09-16 12:39:05.061482',138),(227,'d26becbf46ac48eda79c7a39a13a02dd','thumbnails/228/MS9aa4mDn7BDVGeCRMeZQW.275x154_q85_box-0,21280,718_crop_detail.jpg','2017-09-16 12:39:05.126911',115),(228,'d26becbf46ac48eda79c7a39a13a02dd','thumbnails/209/esyRzdHkXhdt6k4ZGvZD3V.275x154_q85_box-0,21280,718_crop_detail.jpg','2017-09-16 12:39:05.188374',139),(229,'d26becbf46ac48eda79c7a39a13a02dd','thumbnails/282/xvcoqvC9CCDrt9eNeH4ba6.275x154_q85_box-0,21280,718_crop_detail.jpg','2017-09-16 12:39:05.248340',140),(230,'d26becbf46ac48eda79c7a39a13a02dd','thumbnails/143/pdNLB4Q25Ww84saEuoJy6B.275x154_q85_box-0,21280,718_crop_detail.jpg','2017-09-16 12:39:05.308977',141),(231,'d26becbf46ac48eda79c7a39a13a02dd','thumbnails/66/GkzfkrunKhzsnZfMW2M5f.275x154_q85_box-0,61640,419_crop_detail.jpg','2017-09-16 12:39:05.341609',142),(232,'d26becbf46ac48eda79c7a39a13a02dd','thumbnails/206/ePV7jhEXnjghWFWkFsHGQg.275x154_q85_box-0,21280,718_crop_detail.jpg','2017-09-16 12:39:05.404409',87),(233,'d26becbf46ac48eda79c7a39a13a02dd','thumbnails/212/VDeqHqaazNPxbxRqfhDuaB.275x154_q85_box-0,21280,718_crop_detail.jpg','2017-09-16 12:39:05.466413',90),(234,'d26becbf46ac48eda79c7a39a13a02dd','thumbnails/191/dUZjEqkgDRXmZnuzrXF5qG.275x154_q85_box-0,21280,718_crop_detail.jpg','2017-09-16 12:39:05.529139',143),(235,'d26becbf46ac48eda79c7a39a13a02dd','thumbnails/293/CQv2HarR7niwufNeWFS92i.1600x900_q85_box-0,21280,718_crop_detail.jpg','2017-09-16 12:39:05.721289',135),(236,'d26becbf46ac48eda79c7a39a13a02dd','thumbnails/299/c8SSd4TnMpFKJ8WDuE6g4Q.1600x900_q85_box-0,61640,419_crop_detail.jpg','2017-09-16 12:39:05.813507',136),(237,'d26becbf46ac48eda79c7a39a13a02dd','thumbnails/284/AUYvA4toYF9d6pH2fDFRJG.1600x900_q85_box-0,21280,718_crop_detail.jpg','2017-09-16 12:39:06.000298',137),(238,'d26becbf46ac48eda79c7a39a13a02dd','thumbnails/289/QEsdxVXfJA8H5w2T25v2QK.1600x900_q85_box-0,21280,718_crop_detail.jpg','2017-09-16 12:39:06.187192',138),(239,'d26becbf46ac48eda79c7a39a13a02dd','thumbnails/209/esyRzdHkXhdt6k4ZGvZD3V.1600x900_q85_box-0,21280,718_crop_detail.jpg','2017-09-16 12:39:06.374576',139),(240,'d26becbf46ac48eda79c7a39a13a02dd','thumbnails/282/xvcoqvC9CCDrt9eNeH4ba6.1600x900_q85_box-0,21280,718_crop_detail.jpg','2017-09-16 12:39:06.575966',140),(241,'d26becbf46ac48eda79c7a39a13a02dd','thumbnails/143/pdNLB4Q25Ww84saEuoJy6B.1600x900_q85_box-0,21280,718_crop_detail.jpg','2017-09-16 12:39:06.758501',141),(242,'d26becbf46ac48eda79c7a39a13a02dd','thumbnails/66/GkzfkrunKhzsnZfMW2M5f.1600x900_q85_box-0,61640,419_crop_detail.jpg','2017-09-16 12:39:06.826821',142),(243,'d26becbf46ac48eda79c7a39a13a02dd','thumbnails/191/dUZjEqkgDRXmZnuzrXF5qG.1600x900_q85_box-0,21280,718_crop_detail.jpg','2017-09-16 12:39:07.015363',143),(244,'d26becbf46ac48eda79c7a39a13a02dd','thumbnails/294/9FJ9XEuYcUHKGDfhMthp2m.275x154_q85_box-0,21280,718_crop_detail.jpg','2017-09-16 22:18:09.790847',144),(245,'d26becbf46ac48eda79c7a39a13a02dd','thumbnails/294/9FJ9XEuYcUHKGDfhMthp2m.1600x900_q85_box-0,21280,718_crop_detail.jpg','2017-09-16 22:18:09.974329',144),(246,'d26becbf46ac48eda79c7a39a13a02dd','thumbnails/303/GLZ9BF5NA8xSnCQHtuoJeQ.275x154_q85_box-0,21280,718_crop_detail.jpg','2017-09-18 19:31:13.178190',51),(247,'d26becbf46ac48eda79c7a39a13a02dd','thumbnails/24/YCxQjubYZ2HCzwLkFh8Aoj.275x154_q85_box-0,21280,718_crop_detail.jpg','2017-09-18 19:31:13.234898',121),(248,'d26becbf46ac48eda79c7a39a13a02dd','thumbnails/96/SEof55GaXkDxWxrtNQHg79.275x154_q85_box-0,21280,718_crop_detail.jpg','2017-09-18 19:31:13.289766',145),(249,'d26becbf46ac48eda79c7a39a13a02dd','thumbnails/86/5QtptN4aXvJzN7xXwXcRy9.275x154_q85_box-0,21280,718_crop_detail.jpg','2017-09-18 19:31:13.343402',146),(250,'d26becbf46ac48eda79c7a39a13a02dd','thumbnails/165/2XP4zagKorhsCbeq6FkeBL.275x154_q85_box-0,61640,419_crop_detail.jpg','2017-09-18 19:31:13.375725',147),(251,'d26becbf46ac48eda79c7a39a13a02dd','thumbnails/112/TqdFojfRX3GJrYMnNUUuof.275x154_q85_box-0,21280,718_crop_detail.jpg','2017-09-18 19:31:13.431994',148),(252,'d26becbf46ac48eda79c7a39a13a02dd','thumbnails/185/UPM2KPF22rAKQCXZ6gNLyY.275x154_q85_box-0,21280,718_crop_detail.jpg','2017-09-18 19:31:13.486185',149),(253,'d26becbf46ac48eda79c7a39a13a02dd','thumbnails/106/kpHdaStZ3AXZAtLNrifhi4.275x154_q85_box-0,21280,718_crop_detail.jpg','2017-09-18 19:31:13.536599',150),(254,'d26becbf46ac48eda79c7a39a13a02dd','thumbnails/45/Ud3iQMrXhmDFYfTwEVgaCZ.275x154_q85_box-0,21280,718_crop_detail.jpg','2017-09-18 19:31:13.588591',151),(255,'d26becbf46ac48eda79c7a39a13a02dd','thumbnails/115/5CRWY5oWEHXbpJpS9WQNEX.275x154_q85_box-0,21280,718_crop_detail.jpg','2017-09-18 19:31:13.639866',152),(256,'d26becbf46ac48eda79c7a39a13a02dd','thumbnails/116/3G2wURMdqfxiJWnKPk3is5.275x154_q85_box-0,21280,718_crop_detail.jpg','2017-09-18 19:31:13.690786',153),(257,'d26becbf46ac48eda79c7a39a13a02dd','thumbnails/180/hcaQpSekd4F5ezw5yQ4fAh.275x154_q85_box-0,21280,718_crop_detail.jpg','2017-09-18 19:31:13.745861',154),(258,'d26becbf46ac48eda79c7a39a13a02dd','thumbnails/297/hrXtH8oxN9EfgeRmiZqxZk.275x154_q85_box-0,61640,419_crop_detail.jpg','2017-09-18 19:31:13.776193',155),(259,'d26becbf46ac48eda79c7a39a13a02dd','thumbnails/302/zEcaRFynRejePmdUSWZxAe.275x154_q85_box-0,61640,419_crop_detail.jpg','2017-09-18 19:31:13.804600',156),(260,'d26becbf46ac48eda79c7a39a13a02dd','thumbnails/93/rVZhL5dcNWWvR5HNz8zskQ.275x154_q85_box-0,21280,718_crop_detail.jpg','2017-09-18 19:31:13.863642',157),(261,'d26becbf46ac48eda79c7a39a13a02dd','thumbnails/303/GLZ9BF5NA8xSnCQHtuoJeQ.1600x900_q85_box-0,21280,718_crop_detail.jpg','2017-09-18 19:31:14.039458',51),(262,'d26becbf46ac48eda79c7a39a13a02dd','thumbnails/96/SEof55GaXkDxWxrtNQHg79.1600x900_q85_box-0,21280,718_crop_detail.jpg','2017-09-18 19:31:14.205396',145),(263,'d26becbf46ac48eda79c7a39a13a02dd','thumbnails/86/5QtptN4aXvJzN7xXwXcRy9.1600x900_q85_box-0,21280,718_crop_detail.jpg','2017-09-18 19:31:14.355243',146),(264,'d26becbf46ac48eda79c7a39a13a02dd','thumbnails/165/2XP4zagKorhsCbeq6FkeBL.1600x900_q85_box-0,61640,419_crop_detail.jpg','2017-09-18 19:31:14.413712',147),(265,'d26becbf46ac48eda79c7a39a13a02dd','thumbnails/112/TqdFojfRX3GJrYMnNUUuof.1600x900_q85_box-0,21280,718_crop_detail.jpg','2017-09-18 19:31:14.557476',148),(266,'d26becbf46ac48eda79c7a39a13a02dd','thumbnails/185/UPM2KPF22rAKQCXZ6gNLyY.1600x900_q85_box-0,21280,718_crop_detail.jpg','2017-09-18 19:31:14.713417',149),(267,'d26becbf46ac48eda79c7a39a13a02dd','thumbnails/106/kpHdaStZ3AXZAtLNrifhi4.1600x900_q85_box-0,21280,718_crop_detail.jpg','2017-09-18 19:31:14.859693',150),(268,'d26becbf46ac48eda79c7a39a13a02dd','thumbnails/45/Ud3iQMrXhmDFYfTwEVgaCZ.1600x900_q85_box-0,21280,718_crop_detail.jpg','2017-09-18 19:31:15.017712',151),(269,'d26becbf46ac48eda79c7a39a13a02dd','thumbnails/115/5CRWY5oWEHXbpJpS9WQNEX.1600x900_q85_box-0,21280,718_crop_detail.jpg','2017-09-18 19:31:15.172444',152),(270,'d26becbf46ac48eda79c7a39a13a02dd','thumbnails/116/3G2wURMdqfxiJWnKPk3is5.1600x900_q85_box-0,21280,718_crop_detail.jpg','2017-09-18 19:31:15.320906',153),(271,'d26becbf46ac48eda79c7a39a13a02dd','thumbnails/180/hcaQpSekd4F5ezw5yQ4fAh.1600x900_q85_box-0,21280,718_crop_detail.jpg','2017-09-18 19:31:15.477205',154),(272,'d26becbf46ac48eda79c7a39a13a02dd','thumbnails/297/hrXtH8oxN9EfgeRmiZqxZk.1600x900_q85_box-0,61640,419_crop_detail.jpg','2017-09-18 19:31:15.532945',155),(273,'d26becbf46ac48eda79c7a39a13a02dd','thumbnails/302/zEcaRFynRejePmdUSWZxAe.1600x900_q85_box-0,61640,419_crop_detail.jpg','2017-09-18 19:31:15.592653',156),(274,'d26becbf46ac48eda79c7a39a13a02dd','thumbnails/93/rVZhL5dcNWWvR5HNz8zskQ.1600x900_q85_box-0,21280,718_crop_detail.jpg','2017-09-18 19:31:15.758112',157),(275,'d26becbf46ac48eda79c7a39a13a02dd','thumbnails/135/ct7uM2NqUtJ23WSnReVYpc.275x154_q85_box-0,21280,718_crop_detail.jpg','2017-09-18 19:33:33.934381',158),(276,'d26becbf46ac48eda79c7a39a13a02dd','thumbnails/150/QF32QqUTwiNip8P35LYgpc.275x154_q85_box-0,21280,718_crop_detail.jpg','2017-09-18 19:33:33.987592',159),(277,'d26becbf46ac48eda79c7a39a13a02dd','thumbnails/128/avbxDTJKJy9iXfCpqU53J5.275x154_q85_box-0,21280,718_crop_detail.jpg','2017-09-18 19:33:34.040857',160),(278,'d26becbf46ac48eda79c7a39a13a02dd','thumbnails/304/xsb88vsATcYCqd8LbxtZ59.275x154_q85_box-0,61640,419_crop_detail.jpg','2017-09-18 19:33:34.071602',161),(279,'d26becbf46ac48eda79c7a39a13a02dd','thumbnails/246/qgYiHZyqxtjsyVssXa6W56.275x154_q85_box-0,21280,718_crop_detail.jpg','2017-09-18 19:33:34.127385',162),(280,'d26becbf46ac48eda79c7a39a13a02dd','thumbnails/214/5DX325qu8ZnzH8AQY8AUKk.275x154_q85_box-0,21280,718_crop_detail.jpg','2017-09-18 19:33:34.180894',91),(281,'d26becbf46ac48eda79c7a39a13a02dd','thumbnails/94/aehUkJY2cPenVwjtmPb5hd.275x154_q85_box-0,21280,718_crop_detail.jpg','2017-09-18 19:33:34.234076',134),(282,'d26becbf46ac48eda79c7a39a13a02dd','thumbnails/229/FPqtJm5ixU2PLCAbfc9JN9.275x154_q85_box-0,21280,718_crop_detail.jpg','2017-09-18 19:33:34.290627',163),(283,'d26becbf46ac48eda79c7a39a13a02dd','thumbnails/122/szKTgeZ2ipawtJqGoPVJCY.275x154_q85_box-0,21280,718_crop_detail.jpg','2017-09-18 19:33:34.344483',164),(284,'d26becbf46ac48eda79c7a39a13a02dd','thumbnails/134/d6QGypw3CNTiWK3UcN7tYQ.275x154_q85_box-0,21280,718_crop_detail.jpg','2017-09-18 19:33:34.397175',165),(285,'d26becbf46ac48eda79c7a39a13a02dd','thumbnails/137/B3Pa8uAY6FMjWo4Cfhr6db.275x154_q85_box-0,21280,718_crop_detail.jpg','2017-09-18 19:33:34.449894',166),(286,'d26becbf46ac48eda79c7a39a13a02dd','thumbnails/139/uZvCdZZze9MVHUeTTs34LC.275x154_q85_box-0,21280,718_crop_detail.jpg','2017-09-18 19:33:34.503941',167),(287,'d26becbf46ac48eda79c7a39a13a02dd','thumbnails/231/Ge8QhzLE5XUyaiAmBXZtQC.275x154_q85_box-0,21280,718_crop_detail.jpg','2017-09-18 19:33:34.563852',117),(288,'d26becbf46ac48eda79c7a39a13a02dd','thumbnails/121/95rk7JFNpRXnktuqzKg3qZ.275x154_q85_box-0,21280,718_crop_detail.jpg','2017-09-18 19:33:34.621458',168),(289,'d26becbf46ac48eda79c7a39a13a02dd','thumbnails/123/j3akDi4xb4PVDBz5n9tyy8.275x154_q85_box-0,61640,419_crop_detail.jpg','2017-09-18 19:33:34.652126',169),(290,'d26becbf46ac48eda79c7a39a13a02dd','thumbnails/135/ct7uM2NqUtJ23WSnReVYpc.1600x900_q85_box-0,21280,718_crop_detail.jpg','2017-09-18 19:33:34.820477',158),(291,'d26becbf46ac48eda79c7a39a13a02dd','thumbnails/150/QF32QqUTwiNip8P35LYgpc.1600x900_q85_box-0,21280,718_crop_detail.jpg','2017-09-18 19:33:34.986985',159),(292,'d26becbf46ac48eda79c7a39a13a02dd','thumbnails/128/avbxDTJKJy9iXfCpqU53J5.1600x900_q85_box-0,21280,718_crop_detail.jpg','2017-09-18 19:33:35.158510',160),(293,'d26becbf46ac48eda79c7a39a13a02dd','thumbnails/304/xsb88vsATcYCqd8LbxtZ59.1600x900_q85_box-0,61640,419_crop_detail.jpg','2017-09-18 19:33:35.221319',161),(294,'d26becbf46ac48eda79c7a39a13a02dd','thumbnails/246/qgYiHZyqxtjsyVssXa6W56.1600x900_q85_box-0,21280,718_crop_detail.jpg','2017-09-18 19:33:35.401019',162),(295,'d26becbf46ac48eda79c7a39a13a02dd','thumbnails/229/FPqtJm5ixU2PLCAbfc9JN9.1600x900_q85_box-0,21280,718_crop_detail.jpg','2017-09-18 19:33:35.576884',163),(296,'d26becbf46ac48eda79c7a39a13a02dd','thumbnails/122/szKTgeZ2ipawtJqGoPVJCY.1600x900_q85_box-0,21280,718_crop_detail.jpg','2017-09-18 19:33:35.745951',164),(297,'d26becbf46ac48eda79c7a39a13a02dd','thumbnails/134/d6QGypw3CNTiWK3UcN7tYQ.1600x900_q85_box-0,21280,718_crop_detail.jpg','2017-09-18 19:33:35.922232',165),(298,'d26becbf46ac48eda79c7a39a13a02dd','thumbnails/137/B3Pa8uAY6FMjWo4Cfhr6db.1600x900_q85_box-0,21280,718_crop_detail.jpg','2017-09-18 19:33:36.098264',166),(299,'d26becbf46ac48eda79c7a39a13a02dd','thumbnails/139/uZvCdZZze9MVHUeTTs34LC.1600x900_q85_box-0,21280,718_crop_detail.jpg','2017-09-18 19:33:36.268840',167),(300,'d26becbf46ac48eda79c7a39a13a02dd','thumbnails/121/95rk7JFNpRXnktuqzKg3qZ.1600x900_q85_box-0,21280,718_crop_detail.jpg','2017-09-18 19:33:36.442927',168),(301,'d26becbf46ac48eda79c7a39a13a02dd','thumbnails/123/j3akDi4xb4PVDBz5n9tyy8.1600x900_q85_box-0,61640,419_crop_detail.jpg','2017-09-18 19:33:36.509545',169),(302,'d26becbf46ac48eda79c7a39a13a02dd','thumbnails/57/JbrccTRw9YB23Fk4BfsgL.275x154_q85_box-0,21280,718_crop_detail.jpg','2017-09-18 19:34:42.634836',170),(303,'d26becbf46ac48eda79c7a39a13a02dd','thumbnails/76/235DfvqQ4V4TooMzo4HPkD.275x154_q85_box-0,61640,419_crop_detail.jpg','2017-09-18 19:34:42.667175',171),(304,'d26becbf46ac48eda79c7a39a13a02dd','thumbnails/187/XPvfnARvjPZwixfwBH2XxT.275x154_q85_box-0,21280,718_crop_detail.jpg','2017-09-18 19:34:42.723124',172),(305,'d26becbf46ac48eda79c7a39a13a02dd','thumbnails/175/UfkuuEPNob4BVH7BEkmi3A.275x154_q85_box-0,21280,718_crop_detail.jpg','2017-09-18 19:34:42.788374',173),(306,'d26becbf46ac48eda79c7a39a13a02dd','thumbnails/196/oDUnMaL5u7GjrUDYHYAdT8.275x154_q85_box-0,21280,718_crop_detail.jpg','2017-09-18 19:34:42.857648',174),(307,'d26becbf46ac48eda79c7a39a13a02dd','thumbnails/252/yYATRiKsux7WwnDoZaLZXc.275x154_q85_box-0,21280,718_crop_detail.jpg','2017-09-18 19:34:42.916305',175),(308,'d26becbf46ac48eda79c7a39a13a02dd','thumbnails/226/LJdb5EQtqDdyLQ5C7CaspF.275x154_q85_box-0,21280,718_crop_detail.jpg','2017-09-18 19:34:42.973152',114),(309,'d26becbf46ac48eda79c7a39a13a02dd','thumbnails/247/T8x8EiLSbc5wGodT9bGqa8.275x154_q85_box-0,21280,718_crop_detail.jpg','2017-09-18 19:34:43.040472',176),(310,'d26becbf46ac48eda79c7a39a13a02dd','thumbnails/81/B9mVS8naC4mbEKUtfNdVrS.275x154_q85_box-0,21280,718_crop_detail.jpg','2017-09-18 19:34:43.107272',177),(311,'d26becbf46ac48eda79c7a39a13a02dd','thumbnails/208/qaBLZPuXVhheYKjsAKpcdX.275x154_q85_box-0,21280,718_crop_detail.jpg','2017-09-18 19:34:43.175198',88),(312,'d26becbf46ac48eda79c7a39a13a02dd','thumbnails/235/yZbCTN7ufxSNP7UNeGtbyR.275x154_q85_box-0,21280,718_crop_detail.jpg','2017-09-18 19:34:43.244077',178),(313,'d26becbf46ac48eda79c7a39a13a02dd','thumbnails/98/fLWgztkhfgfRhpgHw6F9Bo.275x154_q85_box-0,21280,718_crop_detail.jpg','2017-09-18 19:34:43.305160',179),(314,'d26becbf46ac48eda79c7a39a13a02dd','thumbnails/183/ENzLtpM4jcYjzE4K2MgBZU.275x154_q85_box-0,21280,718_crop_detail.jpg','2017-09-18 19:34:43.364623',180),(315,'d26becbf46ac48eda79c7a39a13a02dd','thumbnails/162/avcvudghJR7or7diV2UwDh.275x154_q85_box-0,21280,718_crop_detail.jpg','2017-09-18 19:34:43.425896',181),(316,'d26becbf46ac48eda79c7a39a13a02dd','thumbnails/57/JbrccTRw9YB23Fk4BfsgL.1600x900_q85_box-0,21280,718_crop_detail.jpg','2017-09-18 19:34:43.610407',170),(317,'d26becbf46ac48eda79c7a39a13a02dd','thumbnails/76/235DfvqQ4V4TooMzo4HPkD.1600x900_q85_box-0,61640,419_crop_detail.jpg','2017-09-18 19:34:43.676267',171),(318,'d26becbf46ac48eda79c7a39a13a02dd','thumbnails/187/XPvfnARvjPZwixfwBH2XxT.1600x900_q85_box-0,21280,718_crop_detail.jpg','2017-09-18 19:34:43.839394',172),(319,'d26becbf46ac48eda79c7a39a13a02dd','thumbnails/175/UfkuuEPNob4BVH7BEkmi3A.1600x900_q85_box-0,21280,718_crop_detail.jpg','2017-09-18 19:34:44.016978',173),(320,'d26becbf46ac48eda79c7a39a13a02dd','thumbnails/196/oDUnMaL5u7GjrUDYHYAdT8.1600x900_q85_box-0,21280,718_crop_detail.jpg','2017-09-18 19:34:44.195782',174),(321,'d26becbf46ac48eda79c7a39a13a02dd','thumbnails/252/yYATRiKsux7WwnDoZaLZXc.1600x900_q85_box-0,21280,718_crop_detail.jpg','2017-09-18 19:34:44.364151',175),(322,'d26becbf46ac48eda79c7a39a13a02dd','thumbnails/247/T8x8EiLSbc5wGodT9bGqa8.1600x900_q85_box-0,21280,718_crop_detail.jpg','2017-09-18 19:34:44.532579',176),(323,'d26becbf46ac48eda79c7a39a13a02dd','thumbnails/81/B9mVS8naC4mbEKUtfNdVrS.1600x900_q85_box-0,21280,718_crop_detail.jpg','2017-09-18 19:34:44.694974',177),(324,'d26becbf46ac48eda79c7a39a13a02dd','thumbnails/235/yZbCTN7ufxSNP7UNeGtbyR.1600x900_q85_box-0,21280,718_crop_detail.jpg','2017-09-18 19:34:44.864112',178),(325,'d26becbf46ac48eda79c7a39a13a02dd','thumbnails/98/fLWgztkhfgfRhpgHw6F9Bo.1600x900_q85_box-0,21280,718_crop_detail.jpg','2017-09-18 19:34:45.022132',179),(326,'d26becbf46ac48eda79c7a39a13a02dd','thumbnails/183/ENzLtpM4jcYjzE4K2MgBZU.1600x900_q85_box-0,21280,718_crop_detail.jpg','2017-09-18 19:34:45.184098',180),(327,'d26becbf46ac48eda79c7a39a13a02dd','thumbnails/162/avcvudghJR7or7diV2UwDh.1600x900_q85_box-0,21280,718_crop_detail.jpg','2017-09-18 19:34:45.354874',181),(328,'d26becbf46ac48eda79c7a39a13a02dd','thumbnails/99/MGJhj8FfmnaHLzaqi8kyp6.275x154_q85_box-0,21280,718_crop_detail.jpg','2017-09-18 19:35:10.102139',182),(329,'d26becbf46ac48eda79c7a39a13a02dd','thumbnails/88/9wGZFtRdzdbSr9ey7Jo6JF.275x154_q85_box-0,21280,718_crop_detail.jpg','2017-09-18 19:35:10.157851',183),(330,'d26becbf46ac48eda79c7a39a13a02dd','thumbnails/99/MGJhj8FfmnaHLzaqi8kyp6.1600x900_q85_box-0,21280,718_crop_detail.jpg','2017-09-18 19:35:10.328961',182),(331,'d26becbf46ac48eda79c7a39a13a02dd','thumbnails/88/9wGZFtRdzdbSr9ey7Jo6JF.1600x900_q85_box-0,21280,718_crop_detail.jpg','2017-09-18 19:35:10.489826',183),(332,'d26becbf46ac48eda79c7a39a13a02dd','profiledefault.jpg.320x320_q85_box-0,0,150,150_crop_detail.jpg','2017-10-04 01:47:26.664094',32),(333,'d26becbf46ac48eda79c7a39a13a02dd','profilephotos/1/iv5i58osahpvh6yteor6xka4d.cea22h3eeb3ac011gh2hbg3ecdg0afdh3b31.130x130_q85_box-0,0,150,150_crop_detail.jpg','2017-10-12 15:01:02.111395',119);
/*!40000 ALTER TABLE `easy_thumbnails_thumbnail` ENABLE KEYS */;
UNLOCK TABLES;

--
-- Table structure for table `easy_thumbnails_thumbnaildimensions`
--

DROP TABLE IF EXISTS `easy_thumbnails_thumbnaildimensions`;
/*!40101 SET @saved_cs_client     = @@character_set_client */;
/*!40101 SET character_set_client = utf8 */;
CREATE TABLE `easy_thumbnails_thumbnaildimensions` (
  `id` int(11) NOT NULL AUTO_INCREMENT,
  `thumbnail_id` int(11) NOT NULL,
  `width` int(10) unsigned DEFAULT NULL,
  `height` int(10) unsigned DEFAULT NULL,
  PRIMARY KEY (`id`),
  UNIQUE KEY `thumbnail_id` (`thumbnail_id`),
  CONSTRAINT `ea_thumbnail_id_29ad34faceb3c17c_fk_easy_thumbnails_thumbnail_id` FOREIGN KEY (`thumbnail_id`) REFERENCES `easy_thumbnails_thumbnail` (`id`)
) ENGINE=InnoDB DEFAULT CHARSET=latin1;
/*!40101 SET character_set_client = @saved_cs_client */;

--
-- Dumping data for table `easy_thumbnails_thumbnaildimensions`
--

LOCK TABLES `easy_thumbnails_thumbnaildimensions` WRITE;
/*!40000 ALTER TABLE `easy_thumbnails_thumbnaildimensions` DISABLE KEYS */;
/*!40000 ALTER TABLE `easy_thumbnails_thumbnaildimensions` ENABLE KEYS */;
UNLOCK TABLES;

--
-- Table structure for table `hitcount_blacklist_ip`
--

DROP TABLE IF EXISTS `hitcount_blacklist_ip`;
/*!40101 SET @saved_cs_client     = @@character_set_client */;
/*!40101 SET character_set_client = utf8 */;
CREATE TABLE `hitcount_blacklist_ip` (
  `id` int(11) NOT NULL AUTO_INCREMENT,
  `ip` varchar(40) NOT NULL,
  PRIMARY KEY (`id`),
  UNIQUE KEY `ip` (`ip`)
) ENGINE=InnoDB DEFAULT CHARSET=latin1;
/*!40101 SET character_set_client = @saved_cs_client */;

--
-- Dumping data for table `hitcount_blacklist_ip`
--

LOCK TABLES `hitcount_blacklist_ip` WRITE;
/*!40000 ALTER TABLE `hitcount_blacklist_ip` DISABLE KEYS */;
/*!40000 ALTER TABLE `hitcount_blacklist_ip` ENABLE KEYS */;
UNLOCK TABLES;

--
-- Table structure for table `hitcount_blacklist_user_agent`
--

DROP TABLE IF EXISTS `hitcount_blacklist_user_agent`;
/*!40101 SET @saved_cs_client     = @@character_set_client */;
/*!40101 SET character_set_client = utf8 */;
CREATE TABLE `hitcount_blacklist_user_agent` (
  `id` int(11) NOT NULL AUTO_INCREMENT,
  `user_agent` varchar(255) NOT NULL,
  PRIMARY KEY (`id`),
  UNIQUE KEY `user_agent` (`user_agent`)
) ENGINE=InnoDB DEFAULT CHARSET=latin1;
/*!40101 SET character_set_client = @saved_cs_client */;

--
-- Dumping data for table `hitcount_blacklist_user_agent`
--

LOCK TABLES `hitcount_blacklist_user_agent` WRITE;
/*!40000 ALTER TABLE `hitcount_blacklist_user_agent` DISABLE KEYS */;
/*!40000 ALTER TABLE `hitcount_blacklist_user_agent` ENABLE KEYS */;
UNLOCK TABLES;

--
-- Table structure for table `hitcount_hit`
--

DROP TABLE IF EXISTS `hitcount_hit`;
/*!40101 SET @saved_cs_client     = @@character_set_client */;
/*!40101 SET character_set_client = utf8 */;
CREATE TABLE `hitcount_hit` (
  `id` int(11) NOT NULL AUTO_INCREMENT,
  `created` datetime(6) NOT NULL,
  `ip` varchar(40) NOT NULL,
  `session` varchar(40) NOT NULL,
  `user_agent` varchar(255) NOT NULL,
  `hitcount_id` int(11) NOT NULL,
  `user_id` int(11),
  PRIMARY KEY (`id`),
  KEY `hitcount_hit_e2fa5388` (`created`),
  KEY `hitcount_hit_hitcount_id_b7971910_fk_hitcount_hit_count_id` (`hitcount_id`),
  KEY `hitcount_hit_user_id_f7067f66_fk_users_myuser_id` (`user_id`),
  CONSTRAINT `hitcount_hit_hitcount_id_b7971910_fk_hitcount_hit_count_id` FOREIGN KEY (`hitcount_id`) REFERENCES `hitcount_hit_count` (`id`),
  CONSTRAINT `hitcount_hit_user_id_f7067f66_fk_users_myuser_id` FOREIGN KEY (`user_id`) REFERENCES `users_myuser` (`id`)
) ENGINE=InnoDB AUTO_INCREMENT=11 DEFAULT CHARSET=latin1;
/*!40101 SET character_set_client = @saved_cs_client */;

--
-- Dumping data for table `hitcount_hit`
--

LOCK TABLES `hitcount_hit` WRITE;
/*!40000 ALTER TABLE `hitcount_hit` DISABLE KEYS */;
INSERT INTO `hitcount_hit` VALUES (1,'2017-03-31 23:23:24.396127','127.0.0.1','5uf0cll6hl1thcaoe9gzp9rkuygdumzw','Mozilla/5.0 (Macintosh; Intel Mac OS X 10_12_3) AppleWebKit/602.4.8 (KHTML, like Gecko) Version/10.0.3 Safari/602.4.8',1,NULL),(2,'2017-05-06 23:07:08.412313','127.0.0.1','b4cjffj8rlpriy50fyfz3ova63f4lkgf','Mozilla/5.0 (Macintosh; Intel Mac OS X 10_12_4) AppleWebKit/603.1.30 (KHTML, like Gecko) Version/10.1 Safari/603.1.30',2,1),(3,'2017-08-27 17:46:54.609638','127.0.0.1','az1x0vvxr6p9v5lxq74qr26qbbbn6fgs','Mozilla/5.0 (Macintosh; Intel Mac OS X 10_12_5) AppleWebKit/603.2.4 (KHTML, like Gecko) Version/10.1.1 Safari/603.2.4',3,1),(4,'2017-08-27 17:48:33.267085','127.0.0.1','az1x0vvxr6p9v5lxq74qr26qbbbn6fgs','Mozilla/5.0 (Macintosh; Intel Mac OS X 10_12_5) AppleWebKit/603.2.4 (KHTML, like Gecko) Version/10.1.1 Safari/603.2.4',2,1),(5,'2017-08-27 17:48:40.341963','127.0.0.1','az1x0vvxr6p9v5lxq74qr26qbbbn6fgs','Mozilla/5.0 (Macintosh; Intel Mac OS X 10_12_5) AppleWebKit/603.2.4 (KHTML, like Gecko) Version/10.1.1 Safari/603.2.4',4,1),(6,'2017-08-27 17:50:55.733337','127.0.0.1','az1x0vvxr6p9v5lxq74qr26qbbbn6fgs','Mozilla/5.0 (Macintosh; Intel Mac OS X 10_12_5) AppleWebKit/603.2.4 (KHTML, like Gecko) Version/10.1.1 Safari/603.2.4',5,1),(7,'2017-08-27 17:52:27.026257','127.0.0.1','az1x0vvxr6p9v5lxq74qr26qbbbn6fgs','Mozilla/5.0 (Macintosh; Intel Mac OS X 10_12_5) AppleWebKit/603.2.4 (KHTML, like Gecko) Version/10.1.1 Safari/603.2.4',6,1),(8,'2017-09-09 18:41:18.263660','127.0.0.1','o0n5jy9oluuyh3hzr79w5kgkiq0rzv49','Mozilla/5.0 (Macintosh; Intel Mac OS X 10_12_6) AppleWebKit/603.3.8 (KHTML, like Gecko) Version/10.1.2 Safari/603.3.8',4,NULL),(9,'2017-09-09 18:41:20.164813','127.0.0.1','o0n5jy9oluuyh3hzr79w5kgkiq0rzv49','Mozilla/5.0 (Macintosh; Intel Mac OS X 10_12_6) AppleWebKit/603.3.8 (KHTML, like Gecko) Version/10.1.2 Safari/603.3.8',6,NULL),(10,'2017-09-09 18:41:29.818248','127.0.0.1','o0n5jy9oluuyh3hzr79w5kgkiq0rzv49','Mozilla/5.0 (Macintosh; Intel Mac OS X 10_12_6) AppleWebKit/603.3.8 (KHTML, like Gecko) Version/10.1.2 Safari/603.3.8',7,NULL);
/*!40000 ALTER TABLE `hitcount_hit` ENABLE KEYS */;
UNLOCK TABLES;

--
-- Table structure for table `hitcount_hit_count`
--

DROP TABLE IF EXISTS `hitcount_hit_count`;
/*!40101 SET @saved_cs_client     = @@character_set_client */;
/*!40101 SET character_set_client = utf8 */;
CREATE TABLE `hitcount_hit_count` (
  `id` int(11) NOT NULL AUTO_INCREMENT,
  `hits` int(10) unsigned NOT NULL,
  `modified` datetime(6) NOT NULL,
  `object_pk` int(10) unsigned NOT NULL,
  `content_type_id` int(11) NOT NULL,
  PRIMARY KEY (`id`),
  UNIQUE KEY `hitcount_hit_count_content_type_id_4dacb610_uniq` (`content_type_id`,`object_pk`),
  CONSTRAINT `hitcount_hit__content_type_id_4a734fe1_fk_django_content_type_id` FOREIGN KEY (`content_type_id`) REFERENCES `django_content_type` (`id`)
) ENGINE=InnoDB AUTO_INCREMENT=8 DEFAULT CHARSET=latin1;
/*!40101 SET character_set_client = @saved_cs_client */;

--
-- Dumping data for table `hitcount_hit_count`
--

LOCK TABLES `hitcount_hit_count` WRITE;
/*!40000 ALTER TABLE `hitcount_hit_count` DISABLE KEYS */;
INSERT INTO `hitcount_hit_count` VALUES (1,1,'2017-03-31 23:23:24.394382',1,7),(2,2,'2017-08-27 17:48:33.264663',8,7),(3,1,'2017-08-27 17:46:54.606903',3,7),(4,2,'2017-09-09 18:41:18.261811',198,7),(5,1,'2017-08-27 17:50:55.731465',202,7),(6,2,'2017-09-09 18:41:20.161959',200,7),(7,1,'2017-09-09 18:41:29.816820',13,7);
/*!40000 ALTER TABLE `hitcount_hit_count` ENABLE KEYS */;
UNLOCK TABLES;

--
-- Table structure for table `mailing_mailingemail`
--

DROP TABLE IF EXISTS `mailing_mailingemail`;
/*!40101 SET @saved_cs_client     = @@character_set_client */;
/*!40101 SET character_set_client = utf8 */;
CREATE TABLE `mailing_mailingemail` (
  `id` int(11) NOT NULL AUTO_INCREMENT,
  `email` varchar(254) NOT NULL,
  `date_added` datetime(6) NOT NULL,
  PRIMARY KEY (`id`)
) ENGINE=InnoDB AUTO_INCREMENT=2 DEFAULT CHARSET=latin1;
/*!40101 SET character_set_client = @saved_cs_client */;

--
-- Dumping data for table `mailing_mailingemail`
--

LOCK TABLES `mailing_mailingemail` WRITE;
/*!40000 ALTER TABLE `mailing_mailingemail` DISABLE KEYS */;
INSERT INTO `mailing_mailingemail` VALUES (1,'fabio@direitoemtela.com.br','2017-09-09 22:58:41.458560');
/*!40000 ALTER TABLE `mailing_mailingemail` ENABLE KEYS */;
UNLOCK TABLES;

--
-- Table structure for table `payments_billinginfo`
--

DROP TABLE IF EXISTS `payments_billinginfo`;
/*!40101 SET @saved_cs_client     = @@character_set_client */;
/*!40101 SET character_set_client = utf8 */;
CREATE TABLE `payments_billinginfo` (
  `id` int(11) NOT NULL AUTO_INCREMENT,
  `cpf` varchar(20) NOT NULL,
  `phone` varchar(20) NOT NULL,
  `user_id` int(11) NOT NULL,
  `address` longtext NOT NULL,
  `address_no` varchar(6) NOT NULL,
  `asaas_id` varchar(30) NOT NULL,
  `postal_code` varchar(15) NOT NULL,
  PRIMARY KEY (`id`),
  UNIQUE KEY `user_id` (`user_id`),
  CONSTRAINT `payments_billinginfo_user_id_9764b8d3_fk_users_myuser_id` FOREIGN KEY (`user_id`) REFERENCES `users_myuser` (`id`)
) ENGINE=InnoDB AUTO_INCREMENT=3 DEFAULT CHARSET=latin1;
/*!40101 SET character_set_client = @saved_cs_client */;

--
-- Dumping data for table `payments_billinginfo`
--

LOCK TABLES `payments_billinginfo` WRITE;
/*!40000 ALTER TABLE `payments_billinginfo` DISABLE KEYS */;
INSERT INTO `payments_billinginfo` VALUES (2,'07864092900','47999844844',1,'Rua Dona Francisca','260','cus_000000026167','89201250');
/*!40000 ALTER TABLE `payments_billinginfo` ENABLE KEYS */;
UNLOCK TABLES;

--
-- Table structure for table `payments_creditcard`
--

DROP TABLE IF EXISTS `payments_creditcard`;
/*!40101 SET @saved_cs_client     = @@character_set_client */;
/*!40101 SET character_set_client = utf8 */;
CREATE TABLE `payments_creditcard` (
  `id` int(11) NOT NULL AUTO_INCREMENT,
  `brand` varchar(20) NOT NULL,
  `last_four` varchar(4) NOT NULL,
  `user_id` int(11) NOT NULL,
  `asaas_token` varchar(80) NOT NULL,
  PRIMARY KEY (`id`),
  KEY `payments_creditcard_user_id_b0235df0_fk_users_myuser_id` (`user_id`),
  CONSTRAINT `payments_creditcard_user_id_b0235df0_fk_users_myuser_id` FOREIGN KEY (`user_id`) REFERENCES `users_myuser` (`id`)
) ENGINE=InnoDB AUTO_INCREMENT=4 DEFAULT CHARSET=latin1;
/*!40101 SET character_set_client = @saved_cs_client */;

--
-- Dumping data for table `payments_creditcard`
--

LOCK TABLES `payments_creditcard` WRITE;
/*!40000 ALTER TABLE `payments_creditcard` DISABLE KEYS */;
INSERT INTO `payments_creditcard` VALUES (1,'VISA','2160',1,''),(2,'VISA','2610',1,''),(3,'MASTERCARD','7848',1,'');
/*!40000 ALTER TABLE `payments_creditcard` ENABLE KEYS */;
UNLOCK TABLES;

--
-- Table structure for table `payments_payment`
--

DROP TABLE IF EXISTS `payments_payment`;
/*!40101 SET @saved_cs_client     = @@character_set_client */;
/*!40101 SET character_set_client = utf8 */;
CREATE TABLE `payments_payment` (
  `id` int(11) NOT NULL AUTO_INCREMENT,
  `amount` decimal(6,2) NOT NULL,
  `billing_type` varchar(20) NOT NULL,
  `done` tinyint(1) NOT NULL,
  `description` varchar(80) NOT NULL,
  `user_id` int(11) NOT NULL,
  `failed` tinyint(1) NOT NULL,
  `credit_card_id` int(11) DEFAULT NULL,
  PRIMARY KEY (`id`),
  KEY `payments_payment_user_id_f9db060a_fk_users_myuser_id` (`user_id`),
  KEY `payments_payment_credit_card_id_22a93fef_fk_payments_` (`credit_card_id`),
  CONSTRAINT `payments_payment_credit_card_id_22a93fef_fk_payments_` FOREIGN KEY (`credit_card_id`) REFERENCES `payments_creditcard` (`id`),
  CONSTRAINT `payments_payment_user_id_f9db060a_fk_users_myuser_id` FOREIGN KEY (`user_id`) REFERENCES `users_myuser` (`id`)
) ENGINE=InnoDB AUTO_INCREMENT=21 DEFAULT CHARSET=latin1;
/*!40101 SET character_set_client = @saved_cs_client */;

--
-- Dumping data for table `payments_payment`
--

LOCK TABLES `payments_payment` WRITE;
/*!40000 ALTER TABLE `payments_payment` DISABLE KEYS */;
INSERT INTO `payments_payment` VALUES (1,5.00,'CREDIT_CARD',0,'Direito do Trabalho',1,0,NULL),(2,5.00,'CREDIT_CARD',0,'Direito do Trabalho',1,0,NULL),(3,5.00,'CREDIT_CARD',0,'Direito do Trabalho',1,0,NULL),(4,5.00,'CREDIT_CARD',0,'Direito do Trabalho',1,0,NULL),(5,5.00,'CREDIT_CARD',0,'Direito do Trabalho',1,0,NULL),(6,5.00,'CREDIT_CARD',0,'Direito do Trabalho',1,0,NULL),(7,5.00,'CREDIT_CARD',0,'Direito do Trabalho',1,0,NULL),(8,5.00,'CREDIT_CARD',0,'Direito do Trabalho',1,0,NULL),(9,5.00,'CREDIT_CARD',0,'Direito do Trabalho',1,0,NULL),(10,5.00,'CREDIT_CARD',0,'Direito do Trabalho',1,0,NULL),(11,5.00,'CREDIT_CARD',0,'Direito do Trabalho',1,0,NULL),(12,11.00,'CREDIT_CARD',0,'Direito do Trabalho',1,0,NULL),(13,11.00,'CREDIT_CARD',0,'Direito do Trabalho',1,0,NULL),(14,11.00,'CREDIT_CARD',0,'Direito do Trabalho',1,0,NULL),(15,11.00,'CREDIT_CARD',0,'Direito do Trabalho',1,0,NULL),(16,11.00,'CREDIT_CARD',0,'Direito do Trabalho',1,0,NULL),(17,11.00,'CREDIT_CARD',1,'Direito do Trabalho',1,0,1),(18,11.00,'CREDIT_CARD',1,'Direito do Trabalho',1,0,1),(19,11.00,'CREDIT_CARD',1,'Direito do Trabalho',1,0,2),(20,11.00,'CREDIT_CARD',1,'Direito do Trabalho',1,0,3);
/*!40000 ALTER TABLE `payments_payment` ENABLE KEYS */;
UNLOCK TABLES;

--
-- Table structure for table `readings_reading`
--

DROP TABLE IF EXISTS `readings_reading`;
/*!40101 SET @saved_cs_client     = @@character_set_client */;
/*!40101 SET character_set_client = utf8 */;
CREATE TABLE `readings_reading` (
  `id` int(11) NOT NULL AUTO_INCREMENT,
  `reading_file` varchar(100) NOT NULL,
  `description` longtext NOT NULL,
  `title` varchar(100) NOT NULL,
  PRIMARY KEY (`id`)
) ENGINE=InnoDB AUTO_INCREMENT=3 DEFAULT CHARSET=latin1;
/*!40101 SET character_set_client = @saved_cs_client */;

--
-- Dumping data for table `readings_reading`
--

LOCK TABLES `readings_reading` WRITE;
/*!40000 ALTER TABLE `readings_reading` DISABLE KEYS */;
INSERT INTO `readings_reading` VALUES (1,'readings/1/13918c26-470a-47e8-8ac2-51d80c63c306.pdf','this is the first reading of the course','first reading'),(2,'readings/None/aadff21a-78e0-4fd5-9a19-03771caefe0e.pdf','Leitura 1','Leitura 1');
/*!40000 ALTER TABLE `readings_reading` ENABLE KEYS */;
UNLOCK TABLES;

--
-- Table structure for table `social_auth_association`
--

DROP TABLE IF EXISTS `social_auth_association`;
/*!40101 SET @saved_cs_client     = @@character_set_client */;
/*!40101 SET character_set_client = utf8 */;
CREATE TABLE `social_auth_association` (
  `id` int(11) NOT NULL AUTO_INCREMENT,
  `server_url` varchar(255) NOT NULL,
  `handle` varchar(255) NOT NULL,
  `secret` varchar(255) NOT NULL,
  `issued` int(11) NOT NULL,
  `lifetime` int(11) NOT NULL,
  `assoc_type` varchar(64) NOT NULL,
  PRIMARY KEY (`id`),
  UNIQUE KEY `social_auth_association_server_url_078befa2_uniq` (`server_url`,`handle`)
) ENGINE=InnoDB DEFAULT CHARSET=latin1;
/*!40101 SET character_set_client = @saved_cs_client */;

--
-- Dumping data for table `social_auth_association`
--

LOCK TABLES `social_auth_association` WRITE;
/*!40000 ALTER TABLE `social_auth_association` DISABLE KEYS */;
/*!40000 ALTER TABLE `social_auth_association` ENABLE KEYS */;
UNLOCK TABLES;

--
-- Table structure for table `social_auth_code`
--

DROP TABLE IF EXISTS `social_auth_code`;
/*!40101 SET @saved_cs_client     = @@character_set_client */;
/*!40101 SET character_set_client = utf8 */;
CREATE TABLE `social_auth_code` (
  `id` int(11) NOT NULL AUTO_INCREMENT,
  `email` varchar(254) NOT NULL,
  `code` varchar(32) NOT NULL,
  `verified` tinyint(1) NOT NULL,
  PRIMARY KEY (`id`),
  UNIQUE KEY `social_auth_code_email_801b2d02_uniq` (`email`,`code`),
  KEY `social_auth_code_c1336794` (`code`)
) ENGINE=InnoDB DEFAULT CHARSET=latin1;
/*!40101 SET character_set_client = @saved_cs_client */;

--
-- Dumping data for table `social_auth_code`
--

LOCK TABLES `social_auth_code` WRITE;
/*!40000 ALTER TABLE `social_auth_code` DISABLE KEYS */;
/*!40000 ALTER TABLE `social_auth_code` ENABLE KEYS */;
UNLOCK TABLES;

--
-- Table structure for table `social_auth_nonce`
--

DROP TABLE IF EXISTS `social_auth_nonce`;
/*!40101 SET @saved_cs_client     = @@character_set_client */;
/*!40101 SET character_set_client = utf8 */;
CREATE TABLE `social_auth_nonce` (
  `id` int(11) NOT NULL AUTO_INCREMENT,
  `server_url` varchar(255) NOT NULL,
  `timestamp` int(11) NOT NULL,
  `salt` varchar(65) NOT NULL,
  PRIMARY KEY (`id`),
  UNIQUE KEY `social_auth_nonce_server_url_f6284463_uniq` (`server_url`,`timestamp`,`salt`)
) ENGINE=InnoDB DEFAULT CHARSET=latin1;
/*!40101 SET character_set_client = @saved_cs_client */;

--
-- Dumping data for table `social_auth_nonce`
--

LOCK TABLES `social_auth_nonce` WRITE;
/*!40000 ALTER TABLE `social_auth_nonce` DISABLE KEYS */;
/*!40000 ALTER TABLE `social_auth_nonce` ENABLE KEYS */;
UNLOCK TABLES;

--
-- Table structure for table `social_auth_partial`
--

DROP TABLE IF EXISTS `social_auth_partial`;
/*!40101 SET @saved_cs_client     = @@character_set_client */;
/*!40101 SET character_set_client = utf8 */;
CREATE TABLE `social_auth_partial` (
  `id` int(11) NOT NULL AUTO_INCREMENT,
  `token` varchar(32) NOT NULL,
  `next_step` smallint(5) unsigned NOT NULL,
  `backend` varchar(32) NOT NULL,
  `data` longtext NOT NULL,
  PRIMARY KEY (`id`),
  KEY `social_auth_partial_94a08da1` (`token`)
) ENGINE=InnoDB DEFAULT CHARSET=latin1;
/*!40101 SET character_set_client = @saved_cs_client */;

--
-- Dumping data for table `social_auth_partial`
--

LOCK TABLES `social_auth_partial` WRITE;
/*!40000 ALTER TABLE `social_auth_partial` DISABLE KEYS */;
/*!40000 ALTER TABLE `social_auth_partial` ENABLE KEYS */;
UNLOCK TABLES;

--
-- Table structure for table `social_auth_usersocialauth`
--

DROP TABLE IF EXISTS `social_auth_usersocialauth`;
/*!40101 SET @saved_cs_client     = @@character_set_client */;
/*!40101 SET character_set_client = utf8 */;
CREATE TABLE `social_auth_usersocialauth` (
  `id` int(11) NOT NULL AUTO_INCREMENT,
  `provider` varchar(32) NOT NULL,
  `uid` varchar(223) NOT NULL,
  `extra_data` longtext NOT NULL,
  `user_id` int(11) NOT NULL,
  PRIMARY KEY (`id`),
  UNIQUE KEY `social_auth_usersocialauth_provider_e6b5e668_uniq` (`provider`,`uid`),
  KEY `social_auth_usersocialauth_user_id_17d28448_fk_users_myuser_id` (`user_id`),
  CONSTRAINT `social_auth_usersocialauth_user_id_17d28448_fk_users_myuser_id` FOREIGN KEY (`user_id`) REFERENCES `users_myuser` (`id`)
) ENGINE=InnoDB AUTO_INCREMENT=4 DEFAULT CHARSET=latin1;
/*!40101 SET character_set_client = @saved_cs_client */;

--
-- Dumping data for table `social_auth_usersocialauth`
--

LOCK TABLES `social_auth_usersocialauth` WRITE;
/*!40000 ALTER TABLE `social_auth_usersocialauth` DISABLE KEYS */;
INSERT INTO `social_auth_usersocialauth` VALUES (1,'facebook','10213222693348657','{\"granted_scopes\": [\"email\", \"public_profile\"], \"access_token\": \"EAABme5mG3qMBAJkaeet0yv73nZBE1WvPUdVLdHYQaU1Y6vRSsvMBXSMNzkLDoBQpWuuHJfkCVXzwbD4JxwSZAg9UuW54t2v30mph5hUtat71ht9EwFlGpCdZB5TiZAnl3cVjXnD1KwJR3LtDg0djMCB6IKZBddZAG7xaxIzlSsNwZDZD\", \"expires\": 5184000, \"denied_scopes\": null, \"token_type\": null, \"auth_time\": 1504980304, \"id\": \"10213222693348657\"}',1),(2,'google-oauth2','fabio.gelbcke@gmail.com','{\"access_token\": \"ya29.Gl1tBDkUv6xnRDCK9m2twDlLcJhOffIGSzbIxWX6Z5A-mJH3wzsqWskNWZ8-Bcau0mq3DuwkQFgBzagOxMjfuGFQLIq8j5EQZD1ENODrHEK18U9JAfKIBmFRB8EE-Hs\", \"expires\": 3600, \"token_type\": \"Bearer\", \"auth_time\": 1497820720}',1),(3,'linkedin-oauth2','4XB33DSQwd','{\"first_name\": \"F\\u00e1bio\", \"last_name\": \"Gelbcke\", \"access_token\": \"AQXLBFlaWJK0O2tZsOzes_LQefkXrZBHH3PPITXYUyv7iPEmT6udi5GfvhD6lHgHvRYP9DbpXVqp7gzIQaouoKTu2xuBF0jAjsYgvY7lz18-Tw8S6UEfl_hXtJPD-Phyff2J2ZfChU0w6wUZwKtqnqdPym3wv5grZZhIQ9Cn14wSMWvf7Eg\", \"image\": null, \"expires\": 5184000, \"id\": \"4XB33DSQwd\", \"token_type\": null, \"auth_time\": 1493170954, \"email\": null}',1);
/*!40000 ALTER TABLE `social_auth_usersocialauth` ENABLE KEYS */;
UNLOCK TABLES;

--
-- Table structure for table `users_myuser`
--

DROP TABLE IF EXISTS `users_myuser`;
/*!40101 SET @saved_cs_client     = @@character_set_client */;
/*!40101 SET character_set_client = utf8 */;
CREATE TABLE `users_myuser` (
  `id` int(11) NOT NULL AUTO_INCREMENT,
  `password` varchar(128) NOT NULL,
  `last_login` datetime(6) DEFAULT NULL,
  `username` varchar(255) NOT NULL,
  `email` varchar(255) NOT NULL,
  `is_active` tinyint(1) NOT NULL,
  `is_admin` tinyint(1) NOT NULL,
  `first_name` varchar(40) NOT NULL,
  `last_name` varchar(80) NOT NULL,
  `profile_image` varchar(100) NOT NULL,
  `profile_ratio` varchar(255) NOT NULL,
  `email_confirmed` tinyint(1) NOT NULL,
  `course_hours` int(11) NOT NULL,
  `is_beta` tinyint(1) NOT NULL,
  PRIMARY KEY (`id`),
  UNIQUE KEY `username` (`username`),
  UNIQUE KEY `email` (`email`)
) ENGINE=InnoDB AUTO_INCREMENT=5 DEFAULT CHARSET=latin1;
/*!40101 SET character_set_client = @saved_cs_client */;

--
-- Dumping data for table `users_myuser`
--

LOCK TABLES `users_myuser` WRITE;
/*!40000 ALTER TABLE `users_myuser` DISABLE KEYS */;
INSERT INTO `users_myuser` VALUES (1,'pbkdf2_sha256$36000$EtnrI0k0WwOz$YFeweZWXjIrAG4OBEaZNyMtu6kdwZONyqnks2+D9w/w=','2017-10-12 15:00:55.594935','FbioSchubertGelbcke','fabio.gelbcke@gmail.com',1,1,'Fábio','Schubert Gelbcke','profilephotos/1/iv5i58osahpvh6yteor6xka4d.cea22h3eeb3ac011gh2hbg3ecdg0afdh3b31','0,0,150,150',0,102,0),(2,'pbkdf2_sha256$36000$12eFkjcP6c5q$cMZHFyPz4YOUsfNg9B37kXFX/O2CTwsHboE7pKRz/FI=',NULL,'giglooperrorlog@gmail.com','giglooperrorlog@gmail.com',1,0,'fabio','gelbcke','profiledefault.jpg','0,0,150,150',0,0,0),(3,'pbkdf2_sha256$36000$CknRTzM58VyH$EpUyKDPmDAZnF+Mc1MZwd85FSGNi0shdpIfV5Pxp1xo=','2017-09-20 20:28:11.712894','fabiogelbcke@gmail.com','fabiogelbcke@gmail.com',1,1,'Fábio','Gelbcke','profiledefault.jpg','0,0,150,150',0,68,1),(4,'',NULL,'uprjuimslusfqh90z89xcoxs','',1,0,'','','profiledefault.jpg','0,0,150,150',0,0,0);
/*!40000 ALTER TABLE `users_myuser` ENABLE KEYS */;
UNLOCK TABLES;

--
-- Table structure for table `videos_complementarymaterial`
--

DROP TABLE IF EXISTS `videos_complementarymaterial`;
/*!40101 SET @saved_cs_client     = @@character_set_client */;
/*!40101 SET character_set_client = utf8 */;
CREATE TABLE `videos_complementarymaterial` (
  `id` int(11) NOT NULL AUTO_INCREMENT,
  `title` varchar(200) NOT NULL,
  `url` varchar(300) NOT NULL,
  `material_file` varchar(100) DEFAULT NULL,
  `video_id` int(11) DEFAULT NULL,
  PRIMARY KEY (`id`),
  KEY `videos_complementary_video_id_0e204ea3_fk_videos_vi` (`video_id`),
  CONSTRAINT `videos_complementary_video_id_0e204ea3_fk_videos_vi` FOREIGN KEY (`video_id`) REFERENCES `videos_video` (`id`)
) ENGINE=InnoDB AUTO_INCREMENT=4 DEFAULT CHARSET=latin1;
/*!40101 SET character_set_client = @saved_cs_client */;

--
-- Dumping data for table `videos_complementarymaterial`
--

LOCK TABLES `videos_complementarymaterial` WRITE;
/*!40000 ALTER TABLE `videos_complementarymaterial` DISABLE KEYS */;
INSERT INTO `videos_complementarymaterial` VALUES (1,'Link para o direito em tela','https://www.direitoemtela.com.br/','',6),(2,'Pdf X','','materials/Hzjq5jYHWJkSKyphSWsyeg',6),(3,'Slide','','materials/QZpHrZUGt8Kiqpo4wxMwbR',6);
/*!40000 ALTER TABLE `videos_complementarymaterial` ENABLE KEYS */;
UNLOCK TABLES;

--
-- Table structure for table `videos_tag`
--

DROP TABLE IF EXISTS `videos_tag`;
/*!40101 SET @saved_cs_client     = @@character_set_client */;
/*!40101 SET character_set_client = utf8 */;
CREATE TABLE `videos_tag` (
  `id` int(11) NOT NULL AUTO_INCREMENT,
  `name` varchar(100) NOT NULL,
  `video_id` int(11) NOT NULL,
  PRIMARY KEY (`id`),
  KEY `videos_tag_video_id_5f21b269be5421b3_fk_videos_video_id` (`video_id`),
  CONSTRAINT `videos_tag_video_id_5f21b269be5421b3_fk_videos_video_id` FOREIGN KEY (`video_id`) REFERENCES `videos_video` (`id`)
) ENGINE=InnoDB AUTO_INCREMENT=3781 DEFAULT CHARSET=latin1;
/*!40101 SET character_set_client = @saved_cs_client */;

--
-- Dumping data for table `videos_tag`
--

LOCK TABLES `videos_tag` WRITE;
/*!40000 ALTER TABLE `videos_tag` DISABLE KEYS */;
INSERT INTO `videos_tag` VALUES (1,'iMovie',1),(2,'art 1º código civil',1),(3,'pessoa',1),(4,'personalidade',1),(5,'toda pessoa é capaz de direitos e deveres na ordem civil',1),(6,'diferença pessoa personalidade',1),(7,'sujeito de direitos',1),(8,'CTB',2),(9,'Art. 1º do CTB',2),(10,'vídeos aula',2),(11,'códito de trânsito',2),(12,'art. 1º Código de Trânsito',2),(13,'conceito de trânsito',2),(14,'definição de trânsito',2),(15,'responsabilidade do Estado trânsito',2),(16,'responsabilidade objetiva estado trânsito',2),(17,'direitos e deveres trânsito',2),(18,'aulas de direito',2),(19,'aulas gratuitas',2),(20,'trânsito',2),(21,'código de trânsito',2),(22,'iMovie',3),(23,'vacatio legis',3),(24,'vigor da lei',3),(25,'vigência',3),(26,'publicação da lei',3),(27,'45 dias',3),(28,'Decreto Lei 4657/42',3),(29,'Art. 1o do Decreto-lei 4657/42',3),(30,'vídeos aula',3),(31,'lei de introdução ao código civil',3),(32,'lei entra em vigor',3),(33,'lei de introdução',3),(34,'lei de introdução as normas do direito brasileiro',3),(35,'iMovie',4),(36,'Poder Moderador',4),(37,'Constituição do Império',4),(38,'Constituição de 1824',4),(39,'Direito Constitucional',4),(40,'constituição do império',4),(41,'constituções brasileiras',4),(42,'primeira constituição do brasil',4),(43,'iMovie',5),(44,'DIREITO DO TRABALHO',5),(45,'relação individual do trabalho',5),(46,'relação coletiva',5),(47,'empregado',5),(48,'empregador',5),(49,'vídeos de direito',5),(50,'AULAS DE DIREITO DO TRABALHO',5),(51,'CLT',5),(52,'codigo civil',6),(53,'direito civil',6),(54,'videoaula',6),(55,'videos aula',6),(56,'aula de dereito',6),(57,'aulas gratuitas',6),(58,'personalidade',6),(59,'pessoa',6),(60,'direitos e deveres',6),(61,'direito em tela',6),(62,'capacidade',6),(63,'auals de direito civil',6),(64,'pessoa natural',6),(65,'iMovie',7),(66,'DIREITO DO TRABALHO',7),(67,'relação individual do trabalho',7),(68,'relação coletiva',7),(69,'empregado',7),(70,'empregador',7),(71,'vídeos de direito',7),(72,'AULAS DE DIREITO DO TRABALHO',7),(73,'CLT',7),(74,'codigo civil',8),(75,'direito civil',8),(76,'videoaula',8),(77,'videos aula',8),(78,'aula de dereito',8),(79,'aulas gratuitas',8),(80,'personalidade',8),(81,'pessoa',8),(82,'direitos e deveres',8),(83,'direito em tela',8),(84,'capacidade',8),(85,'auals de direito civil',8),(86,'pessoa natural',8),(87,'iMovie',9),(88,'vídeos aulas',9),(89,'aulas de direito',9),(90,'CTB',9),(91,'Código de Trânsito Brasileiro',9),(92,'Lei 13146/2015',9),(93,'vias abertas',9),(94,'cirulação pública',9),(95,'estacionamento',9),(96,'estacionamento privado',9),(97,'estacionamento coletivo',9),(98,'iMovie',10),(99,'Art. 1o Lei de Introdução',10),(100,'vídeos aula de direito',10),(101,'vacatio legis',10),(102,'direito em tela',10),(103,'correção de lei',10),(104,'LICC',10),(105,'AULAS DE DIREITO',10),(106,'iMovie',11),(107,'Art. 133 da CRFB/88',11),(108,'o advogado é indispensável',11),(109,'Estatuto da OAB',11),(110,'advocacia múnus público',11),(111,'defesa do cliente',11),(112,'Art. 2o do Estatudo da OAB',11),(113,'vídeos aula',11),(114,'exame da oab',11),(115,'advogado',11),(116,'causídico',11),(117,'procurador',11),(118,'procurador público',11),(119,'o advogado presta serviço público',11),(120,'o advogado exerce função social',11),(121,'ART. 133 CONSTITUIÇÃO',11),(122,'iMovie',12),(123,'Constituição da República',12),(124,'Direito Constitucional',12),(125,'Constituição de 1891',12),(126,'Vídeos aula',12),(127,'primeira constituição da república',12),(128,'tripartição dos poderes',12),(129,'classificação das constituições',12),(130,'constituições brasileiras',12),(131,'direito em tela',12),(132,'aulas de constitucional',12),(133,'iMovie',13),(134,'direito constitucional',13),(135,'classificação das constituições',13),(136,'outorgada',13),(137,'promulgada',13),(138,'materialmente constitucional',13),(139,'formalmente constitucionais',13),(140,'vídeos aula',13),(141,'constituição rígida',13),(142,'constituíção flexivel',13),(143,'vídeos aula de direito',13),(144,'CLT',14),(145,'ART. 2',14),(146,'relação de emprego',14),(147,'relação de trabalho',14),(148,'objeto do direito do trabalho',14),(149,'AULAS DE DIREITO DO TRABALHO',14),(150,'direitoemtela',15),(151,'videoaula',15),(152,'Capacidade Plena',15),(153,'Capacidade',15),(154,'vídeos aulas',15),(155,'vídeos aula gratuitos',15),(156,'personalidade',15),(157,'pessoa',15),(158,'direito em tela',15),(159,'direitoemtela',16),(160,'videoaula',16),(161,'Capacidade Plena',16),(162,'Capacidade',16),(163,'vídeos aulas',16),(164,'vídeos aula gratuitos',16),(165,'personalidade',16),(166,'pessoa',16),(167,'direito em tela',16),(168,'iMovie',17),(169,'videos aula',17),(170,'aulas de direito constitucional',17),(171,'aula constituição 1943',17),(172,'getulio vargas',17),(173,'ação popular',17),(174,'quando surgiu o mandado de segurança',17),(175,'quando surgiu a ação popular',17),(176,'quando surgiu o voto feminino',17),(177,'voto feminino',17),(178,'constituição promulgada',17),(179,'governo provisório',17),(180,'bicameralismo imperfeito',17),(181,'revolução de 1930',17),(182,'república velha',17),(183,'iMovie',18),(184,'personalidade',18),(185,'nascimento',18),(186,'pessoa',18),(187,'vídeos aula',18),(188,'vídeos de direito',18),(189,'aulas de direito',18),(190,'art. 2o do CC',18),(191,'nascituro',18),(192,'direitos do nascituro',18),(193,'videos aula de direito',18),(194,'aulas de dieito civil',18),(195,'iMovie',19),(196,'art. 2o da lei de introdução',19),(197,'revogação',19),(198,'derrogação',19),(199,'ab-rogação',19),(200,'lei permanente',19),(201,'lei temporária',19),(202,'direito em tela',19),(203,'vídeos aula',19),(204,'aulas gratuitas',19),(205,'aulas de direito',19),(206,'Decreto-le 4657/42',19),(207,'vigor',19),(208,'vigëcia',19),(209,'revogação expressa',19),(210,'revogação tácita',19),(211,'iMovie',20),(212,'advogados',20),(213,'vídeos aula',20),(214,'concurso público',20),(215,'direito em tela',20),(216,'ricardo schubert',20),(217,'advocacia privada',20),(218,'advocacia pública',20),(219,'inscrição na OAB',20),(220,'estagiário da OAB',20),(221,'estagiario',20),(222,'art. 3 da lei 8.906/94',20),(223,'denominação de advogado',20),(224,'Art. 5 XVIII da crfb/88',20),(225,'quem pode ser chamado de advogado',20),(226,'funcionários públicos',20),(227,'inscrição do advogado na oab',20),(228,'iMovie',21),(229,'Direito em tela',21),(230,'séfora schubert',21),(231,'classificação da constituição',21),(232,'outorgada',21),(233,'promulgada',21),(234,'analítica',21),(235,'sintética',21),(236,'escrita',21),(237,'vídeos aula',21),(238,'direito em tela',21),(239,'aulas de direito',21),(240,'CRFB/88',21),(241,'AULAS DE DIREITO CONSTITUCIONAL',21),(242,'empregado',22),(243,'empregador',22),(244,'trabalho',22),(245,'art. 488 da clt',22),(246,'vídeos aula',22),(247,'aulas de direito',22),(248,'exame da oab',22),(249,'direito em tela',22),(250,'trabalhador',22),(251,'empreendimento',22),(252,'aulas de direito do trabalho',22),(253,'CLT',22),(254,'VIDEOS DE DIREITO DO TRABALHO',22),(255,'empregado',23),(256,'empregador',23),(257,'trabalho',23),(258,'art. 488 da clt',23),(259,'vídeos aula',23),(260,'aulas de direito',23),(261,'exame da oab',23),(262,'direito em tela',23),(263,'trabalhador',23),(264,'empreendimento',23),(265,'aulas de direito do trabalho',23),(266,'CLT',23),(267,'VIDEOS DE DIREITO DO TRABALHO',23),(268,'iMovie',24),(269,'video aula',24),(270,'aulas de direito',24),(271,'normas jurídicas',24),(272,'aula de constitucional',24),(273,'CRFB/1988',24),(274,'constituição do brasil',24),(275,'carta magna',24),(276,'constituição',24),(277,'princípios constitucionais',24),(278,'direitos fundamentais',24),(279,'constituição federal',24),(280,'normas constitucionais',24),(281,'iMovie',25),(282,'direito em tela',25),(283,'vídeos aula',25),(284,'aulas de direito',25),(285,'art. 2 do cc',25),(286,'art. 2 do código civil',25),(287,'personalidade',25),(288,'pessoa',25),(289,'concepção',25),(290,'teoria natalista',25),(291,'teoria concepcionista',25),(292,'direitos da personalidade',25),(293,'nascituro',25),(294,'iMovie',26),(295,'Art. 2o do Decreto-lei 4657/42',26),(296,'Lei de introdução as normas do direito brasileiro',26),(297,'vídeos aula',26),(298,'aulas de direito',26),(299,'direito em tela',26),(300,'revogação',26),(301,'ab-rogação',26),(302,'derrogação',26),(303,'lei incompatível',26),(304,'regular inteiramente a máteria',26),(305,'revogação expressa',26),(306,'Revogação tácita',26),(307,'iMovie',27),(308,'vídeos aula de direito',27),(309,'estatuto da OAB',27),(310,'direito em tela',27),(311,'advogado impedido',27),(312,'advogado licenciado',27),(313,'advogado suspeito',27),(314,'inscrição na OAB',27),(315,'advogado suspenso',27),(316,'advogados impedidos',27),(317,'advogados licenciados',27),(318,'advogado que exerce atividade incompatível com a advocacia',27),(319,'iMovie',28),(320,'CF 1937',28),(321,'Constituições do Brasil',28),(322,'getúlio vargas',28),(323,'constituição populista',28),(324,'constituição polaca',28),(325,'direito em tela',28),(326,'constituiçoes brasileiras',28),(327,'aulas de direito constitucional',28),(328,'direito constitucional',28),(329,'1937',28),(330,'dissolveu o congresso',28),(331,'iMovie',29),(332,'Direito do Trabalho',29),(333,'Video aula',29),(334,'empregado',29),(335,'riscos da atividade',29),(336,'assalariado',29),(337,'subordinação',29),(338,'trabalhador',29),(339,'CLT',29),(340,'AULAS DE DIREITO DO TRABALHO',29),(341,'iMovie',30),(342,'Direito do Trabalho',30),(343,'Video aula',30),(344,'empregado',30),(345,'riscos da atividade',30),(346,'assalariado',30),(347,'subordinação',30),(348,'trabalhador',30),(349,'CLT',30),(350,'AULAS DE DIREITO DO TRABALHO',30),(351,'iMovie',31),(352,'video aula',31),(353,'aula de direito constitucional',31),(354,'princípios constitucionais',31),(355,'aula de direito em video',31),(356,'aulas de direito',31),(357,'regra do tudo ou nada',31),(358,'all or nothing',31),(359,'CRFB/1988',31),(360,'regras constitucionais',31),(361,'normas constitucionais',31),(362,'iMovie',32),(363,'videos aulas',32),(364,'aulas de constitucional',32),(365,'gaspar dutra',32),(366,'getúlio vargas',32),(367,'ditadura',32),(368,'manifesto mineiro',32),(369,'constituiçoes brasileiras',32),(370,'constituçoes do brasil',32),(371,'abolição da pena de morte',32),(372,'ressurgimento da democracia',32),(373,'forças armadas expulsa getulio vargas',32),(374,'eleições diretas para presidente',32),(375,'constituição federal',32),(376,'iMovie',33),(377,'revogação',33),(378,'vídeos aula',33),(379,'aulas de direito',33),(380,'repristinação',33),(381,'direito em tela',33),(382,'séfora schubert',33),(383,'a lei se restaura',33),(384,'lei revogadora',33),(385,'lei revogada',33),(386,'iMovie',34),(387,'procuração',34),(388,'mandato',34),(389,'procuração de advogado',34),(390,'vídeos aula',34),(391,'videos de direito',34),(392,'aulas de direito',34),(393,'responsabilidade do advogado',34),(394,'AULAS ESTATUTO DA OAB',34),(395,'capacidade plena',35),(396,'negócios jurídicos',35),(397,'manifestação da vontade',35),(398,'direito em tela',35),(399,'personalidade',35),(400,'capacidade de fato',35),(401,'capacidade de direito',35),(402,'incapacidade',35),(403,'video aulas',35),(404,'aulas de direito civil',35),(405,'código civil',35),(406,'iMovie',36),(407,'dirige o serviço',36),(408,'empregador',36),(409,'empregado',36),(410,'pessoalidade',36),(411,'vídeos aula',36),(412,'aulas de direito',36),(413,'AULAS DE DIREITO DO TRABALHO',36),(414,'CLT',36),(415,'capacidade plena',37),(416,'negócios jurídicos',37),(417,'manifestação da vontade',37),(418,'direito em tela',37),(419,'personalidade',37),(420,'capacidade de fato',37),(421,'capacidade de direito',37),(422,'incapacidade',37),(423,'video aulas',37),(424,'aulas de direito civil',37),(425,'código civil',37),(426,'iMovie',38),(427,'vídeo aula',38),(428,'aula de direito constitucional',38),(429,'nova constituição',38),(430,'direito constitucional',38),(431,'soberania',38),(432,'quem faz a constituição',38),(433,'assembléia constituinte',38),(434,'nova ordem jurídica',38),(435,'todo poder emana do povo',38),(436,'criar uma nova constituição',38),(437,'outorgada',38),(438,'promulgada',38),(439,'Poder Constituinte de 1o grau',38),(440,'poder revolucionário',38),(441,'poder histórico',38),(442,'iMovie',39),(443,'videos aula',39),(444,'aulas de direito constitucional',39),(445,'aulas de direito',39),(446,'videos de direito',39),(447,'constituição do brasil',39),(448,'constituição brasileira',39),(449,'revolução de 1964',39),(450,'ditadura',39),(451,'golpe da ditadura',39),(452,'joão goular foi deposto',39),(453,'AI 5',39),(454,'AI 1',39),(455,'Ato Institucional 5',39),(456,'concurso público',39),(457,'golpe militar',39),(458,'direito em tela',39),(459,'constituição outorgada',39),(460,'suspensão dos direiros políticos',39),(461,'estado de sítio',39),(462,'iMovie',40),(463,'vídeos aula',40),(464,'aulas de direito',40),(465,'vídeos de direito',40),(466,'norma absoluta',40),(467,'lei imperativa',40),(468,'lei dispositiva',40),(469,'direito em tela',40),(470,'lei obrigatória',40),(471,'lei facultativa',40),(472,'lei permissiva',40),(473,'lei supletiva',40),(474,'iMovie',41),(475,'estatuto da oab',41),(476,'igualdade entre juízes e advogados',41),(477,'vídeos aula',41),(478,'aulas de direito',41),(479,'profissão de advogado',41),(480,'exame da oab',41),(481,'direito em tela',41),(482,'iMovie',42),(483,'direito do trabalho',42),(484,'equiparados a empregador',42),(485,'empregado',42),(486,'profissionais liberais',42),(487,'vídeos aula',42),(488,'aulas de direito',42),(489,'relação de emprego',42),(490,'instituições de beneficencia',42),(491,'Art. 2o da CLT',42),(492,'instituições sem fins lucrativos',42),(493,'AULAS DE DIREITO DO TRABALHO',42),(494,'iMovie',43),(495,'constituinte derivado',43),(496,'poder constituinte',43),(497,'poder constituinte derivado reformador',43),(498,'poder constituinte originário',43),(499,'videos aula',43),(500,'aulas de direito constitucional',43),(501,'aulas de direito',43),(502,'Poder derivado',43),(503,'poder constituído',43),(504,'poder constituinte de 2o grau',43),(505,'poder constituinte secundário',43),(506,'poder instituído',43),(507,'art. 60 da CRFB/1988',43),(508,'Art. 60 constituição',43),(509,'Emenda constitucional',43),(510,'iMovie',44),(511,'videos aula',44),(512,'aulas de direito constitucional',44),(513,'constituiçoes brasileiras',44),(514,'reforma partidária',44),(515,'lei da anistia',44),(516,'pacote de abril de 1977',44),(517,'pacote de junho de 1978',44),(518,'diretas já',44),(519,'pec 05/83',44),(520,'lei 6767/79',44),(521,'lei 6683/79',44),(522,'ernesto geisel',44),(523,'direito em tela',44),(524,'AI 12/69',44),(525,'junta militar',44),(526,'ditadura',44),(527,'Emenda Constitucional 01/',44),(528,'EC 1/69',44),(529,'redemocratização',44),(530,'constituições do brasil',44),(531,'iMovie',45),(532,'exame da oab',45),(533,'onde exercer a advocacia',45),(534,'como exercer a advocacia',45),(535,'onde posso advogar',45),(536,'concurso público',45),(537,'estatuto da oab',45),(538,'aulas de direito',45),(539,'aulas gratuitas',45),(540,'iMovie',46),(541,'integração normativa',46),(542,'lei geral',46),(543,'lei abstrata',46),(544,'subsunção',46),(545,'caso concreto',46),(546,'aplicação da lei',46),(547,'colmatação de lacunas',46),(548,'videos aula',46),(549,'aulas de direito',46),(550,'lei de introdução',46),(551,'licc',46),(552,'decreto-lei 4657/42',46),(553,'iMovie',47),(554,'grupo econônico',47),(555,'direito do trabalho',47),(556,'clt',47),(557,'concurso público',47),(558,'direito em tela',47),(559,'Art 2o da CLT',47),(560,'EMPRESAS',47),(561,'vídeos aula',47),(562,'grupo comercial',47),(563,'grupo industrial',47),(564,'AULAS DE DIREITO',47),(565,'AULAS DE DIREITO DO TRABALHO',47),(566,'empresas subordinadas',47),(567,'iMovie',48),(568,'vídeos aula',48),(569,'video aula',48),(570,'aulas de direito constitucional',48),(571,'poder constituinte',48),(572,'poder constituinte derivado',48),(573,'poder derivado decorrente',48),(574,'reforma da constituição estadual',48),(575,'criar a constituição do estado',48),(576,'art. 11 ADCT',48),(577,'criação da constituição',48),(578,'constituição estadual',48),(579,'competência do poder constituinte[',48),(580,'iMovie',49),(581,'aulas de direito constitucional',49),(582,'vídeos de direito constitucional',49),(583,'CRFB/1988',49),(584,'CRFB/88',49),(585,'plebiscito',49),(586,'emenda de revisão',49),(587,'diretas já',49),(588,'sistema de estado presidencilista',49),(589,'conselho nacional de justiça',49),(590,'emenda constitucional 45/2004',49),(591,'iMovie',50),(592,'vídeos aula',50),(593,'exame da oab',50),(594,'aulas de direito',50),(595,'aulas rapidas e objetivas',50),(596,'direito em tela',50),(597,'exercicio da advocacia',50),(598,'inviolabilidade do escritório',50),(599,'local de trabalho do advogado',50),(600,'inviolabilidade de correspondência',50),(601,'lei 11767/2008',50),(602,'escritório de advocacia',50),(603,'iMovie',51),(604,'subsunção',51),(605,'integração normativa',51),(606,'caso concreto',51),(607,'aplicação da lei',51),(608,'aulas de direito civil',51),(609,'art. 4o Decreto-lei 4657/42',51),(610,'Lei de Introdução as normas dos direito brasileiro',51),(611,'LICC',51),(612,'direito em tela',51),(613,'iMovie',52),(614,'conceito de empregado',52),(615,'art. 3 da CLT',52),(616,'serviço eventual',52),(617,'VIDEOS AULAS',52),(618,'AULAS DE DIREITO DO TRABALHO',52),(619,'CLT',52),(620,'maioridade',53),(621,'capacidade plena',53),(622,'art. 5o do cc',53),(623,'capacidade',53),(624,'incapacidade',53),(625,'aulas de direito',53),(626,'vídeos aula',53),(627,'exame da oab',53),(628,'código civil',53),(629,'código civil parte geral',53),(630,'maioridade',54),(631,'capacidade plena',54),(632,'art. 5o do cc',54),(633,'capacidade',54),(634,'incapacidade',54),(635,'aulas de direito',54),(636,'vídeos aula',54),(637,'exame da oab',54),(638,'código civil',54),(639,'código civil parte geral',54),(640,'iMovie',55),(641,'videos aula',55),(642,'aulas de direito',55),(643,'direito constitucional',55),(644,'CRFB/1988',55),(645,'CF',55),(646,'CONSTITUIÇÃO FEDERAL',55),(647,'PODER CONSTITUINTE',55),(648,'PODER CONSTITUINTE DERIVADO',55),(649,'PODER DE REVISÃO',55),(650,'REVISÃO DA CONSTITUIÇÃO',55),(651,'EMENDA CONSTITUCIONAL DE REVISÃO',55),(652,'EMENDA CONSTITUCIONAL REVISÃO',55),(653,'iMovie',56),(654,'sefora schubert',56),(655,'vídeos aulas',56),(656,'aulas de direito civil',56),(657,'direito civil parte geral',56),(658,'emancipar',56),(659,'como emancipar',56),(660,'emancipar menor',56),(661,'emancipar é',56),(662,'emancipação de menor',56),(663,'emancipação menor',56),(664,'significado de emancipar',56),(665,'significado de emancipação',56),(666,'emancipação voluntária',56),(667,'emancipação judicial',56),(668,'emancipação legal',56),(669,'como se emancipar',56),(670,'como emancipar menor',56),(671,'iMovie',57),(672,'videos aula',57),(673,'aulas de direito',57),(674,'exame da oab',57),(675,'direito em tela',57),(676,'Art. 5. LXIII da CRFB/88',57),(677,'PRESO INCOMUNICÁVEL',57),(678,'O PRESO PODE FALAR COM SEU ADVOGADO',57),(679,'ASSITÊNCIA DE UM ADVOGADO',57),(680,'FALAR RESERVADAMENTE COM O PRESO',57),(681,'DIREITO DO PRESO',57),(682,'ADVOGADO TEM DIREITO DE COMUNICAR-SE COM SEU CLIENTE',57),(683,'DIREITO PENAL',57),(684,'ADVOGADO SEM PROCURAÇÃO',57),(685,'iMovie',58),(686,'videos aula',58),(687,'aulas de direito',58),(688,'direito civil',58),(689,'saber direito',58),(690,'analogia',58),(691,'colmatação de lacunas',58),(692,'lacunas na lei',58),(693,'lei omissa',58),(694,'subsunção',58),(695,'omissão da lei',58),(696,'integração normativa',58),(697,'brechas na lei',58),(698,'iMovie',59),(699,'vídeos aula',59),(700,'empregado',59),(701,'direito do trabalho',59),(702,'direito em tela',59),(703,'trabalhador',59),(704,'aulas de direito',59),(705,'subordinação',59),(706,'art. 3 da clt',59),(707,'serviço não eventual',59),(708,'iMovie',60),(709,'videos',60),(710,'videoaula',60),(711,'videos aula',60),(712,'aulas de direito constitucional',60),(713,'recepção',60),(714,'revogação',60),(715,'normas infraconstitucionais',60),(716,'recepção das normas',60),(717,'revogação das normas',60),(718,'compatibilidade material',60),(719,'teoria da desconstitucionalização',60),(720,'iMovie',61),(721,'videos aula',61),(722,'aulas de direito civil',61),(723,'direito civil parte geral',61),(724,'emancipação',61),(725,'tipos de emancipação',61),(726,'como faz para emancipar',61),(727,'emancipar',61),(728,'o que emancipação',61),(729,'emancipação é',61),(730,'é emancipação',61),(731,'emancipação menor',61),(732,'emancipação de menor',61),(733,'como emancipar',61),(734,'significado emancipar',61),(735,'emancipar menor',61),(736,'como se emancipar',61),(737,'como emancipar menor',61),(738,'significado de emancipar',61),(739,'aulas de direito',61),(740,'iMovie',62),(741,'videos aula',62),(742,'aulas de direito',62),(743,'DIREITO EM TELA',62),(744,'PRISÃO DO ADVOGADO',62),(745,'ADVOGADO FOI PRESO',62),(746,'QUAL O DIREITO DO ADVOGADO PRESO',62),(747,'ADI 1127 stf',62),(748,'ADI 1127',62),(749,'concurso público',62),(750,'Art. 7º Lei 8906/94',62),(751,'assitência da OAB',62),(752,'PRISÃO EM FLAGRANTE',62),(753,'ADVOGADO PRESO',62),(754,'iMovie',63),(755,'vídeos aula',63),(756,'aulas de direito',63),(757,'costumes praeter legem',63),(758,'costumes contra legem',63),(759,'costumes secundum legem',63),(760,'colmatação de lacunas',63),(761,'omissão da lei',63),(762,'integração normativa',63),(763,'direito em tela',63),(764,'lacunas na lei',63),(765,'lei omissa',63),(766,'tempo de trabalho',64),(767,'direito em tela',64),(768,'vídeos aula',64),(769,'art. 4 da CLT',64),(770,'serviço efetivo',64),(771,'o empregado está aguardando o empregador',64),(772,'aulas de direito',64),(773,'CLT',64),(774,'iMovie',65),(775,'videoaulas',65),(776,'aulas de direito constitucional',65),(777,'eficácia das normas constitucionais',65),(778,'normas de eficácia plena',65),(779,'eficácia plena',65),(780,'normas constitucionais de eficácia plena',65),(781,'iMovie',66),(782,'videos aula',66),(783,'exame da oab',66),(784,'estatuto da oab',66),(785,'lei 8906/94',66),(786,'art. 7º',66),(787,'prisão do advogado',66),(788,'ADI 1127 STF',66),(789,'SALA DE ESTADO MAIOR',66),(790,'advogado preso',66),(791,'prisão em flagrante do advogado',66),(792,'direito em tela',66),(793,'sao direitos dos advogados',66),(794,'aulas para exame da oab',66),(795,'videos aulas de direito',66),(796,'iMovie',67),(797,'integração normativa',67),(798,'colmatação de lacunas',67),(799,'omissão da Lei',67),(800,'lei de introdução as normas do direito brasileiro',67),(801,'videos aula',67),(802,'videos de direito',67),(803,'aulas de direito',67),(804,'lei omissa',67),(805,'iMovie',68),(806,'Direito Civil',68),(807,'Emancipação',68),(808,'Emancipação Judicial',68),(809,'vídeos aula',68),(810,'tutor',68),(811,'sentença do juiz',68),(812,'16 anos completos',68),(813,'maioridade',68),(814,'capacidade',68),(815,'capacidade plena',68),(816,'ouvido o tutor',68),(817,'antecipação da capacidade.',68),(818,'iMovie',69),(819,'Direito Civil',69),(820,'Emancipação',69),(821,'Emancipação Judicial',69),(822,'vídeos aula',69),(823,'tutor',69),(824,'sentença do juiz',69),(825,'16 anos completos',69),(826,'maioridade',69),(827,'capacidade',69),(828,'capacidade plena',69),(829,'ouvido o tutor',69),(830,'antecipação da capacidade.',69),(831,'iMovie',70),(832,'videoaulas',70),(833,'videos aula',70),(834,'aulas de direito constitucional',70),(835,'normas constitucionais de eficácia contida',70),(836,'exemplos de normas de eficácia contida',70),(837,'normas eficácia contida exemplos',70),(838,'eficácia contida',70),(839,'eficácia das normas constitucionais',70),(840,'aplicabilidade das normas',70),(841,'videos aula',71),(842,'aulas de direito civil',71),(843,'aulas de direito civil parte geral',71),(844,'emancipação',71),(845,'emancipação pelo casamento',71),(846,'emancipação pela exercício de emprego público efetivo',71),(847,'amancipação por estalecimento comercial',71),(848,'emancipação após os 16 anos',71),(849,'emancipação colação de grau ensino superior',71),(850,'capacidade civil',71),(851,'emancipar',71),(852,'iMovie',72),(853,'videos aula',72),(854,'aulas sobre o estatuto da oab',72),(855,'presença do advogado',72),(856,'são direitos do advogado',72),(857,'o advogado pode representar seu client',72),(858,'cancelos',72),(859,'Art. 7º vi da lei 8.906/94',72),(860,'o advogado pode permanecer em pé ou sentado',72),(861,'o advogado pode entrar no espaço reservado',72),(862,'iMovie',73),(863,'integração normativa',73),(864,'decreto lei 4657/42',73),(865,'lei de introdução as normas do direito brasileiro',73),(866,'vídeos aula',73),(867,'aulas de direito',73),(868,'aulas gratuitas',73),(869,'vídeos de direito',73),(870,'direito em tela',73),(871,'analogia',73),(872,'costumes',73),(873,'lacuna na lei',73),(874,'omissão da lei',73),(875,'vacancia da lei',73),(876,'colmatação de lacunas',73),(877,'iMovie',74),(878,'Art. 6 da CLT',74),(879,'DOMICILIO DO EMPREGADO',74),(880,'DIREITO EM TELA',74),(881,'VÍDEOS AULA',74),(882,'aulas de direito do trabalho',74),(883,'empregador',74),(884,'iMovie',75),(885,'videoaulas',75),(886,'aulas de dieito constitucional',75),(887,'Normas eficácia limitada',75),(888,'eficácia limitada',75),(889,'eficácia das normas constitucionais',75),(890,'exemplos noma eficácia limitada',75),(891,'exemplo norma constitucional eficácia limitada',75),(892,'iMovie',76),(893,'video aula',76),(894,'aula de direito da OAB',76),(895,'lei 8.906/94',76),(896,'aulas de direito',76),(897,'EOAB',76),(898,'agendar horário para falar com o juiz',76),(899,'advogado pode falar com o juiz',76),(900,'o advogado pode ir no gabinete do juiz',76),(901,'o juiz não atende o advogado',76),(902,'iMovie',77),(903,'vídeos aula',77),(904,'aulas de direito',77),(905,'aulas de direito civil',77),(906,'direito em tela',77),(907,'antinomia',77),(908,'critério hierarquico',77),(909,'critério da especialidade',77),(910,'lei geral',77),(911,'lei especial',77),(912,'critério cronológico',77),(913,'lei revogada',77),(914,'contradição entre leis',77),(915,'conflito de leis',77),(916,'como resolver o conflito de leis',77),(917,'iMovie',78),(918,'Art. 7º CLT',78),(919,'vídeos aula',78),(920,'direito do trabalho',78),(921,'empregado doméstico',78),(922,'CLT',78),(923,'empregos não regulamentados',78),(924,'trabalhador rural',78),(925,'funcionário público',78),(926,'trabalhadores rurais',78),(927,'servidores públicos',78),(928,'aulas de direito do trabalho',78),(929,'iMovie',79),(930,'morte real',79),(931,'extinção personalidade',79),(932,'morte presumida',79),(933,'morte',79),(934,'falecimento',79),(935,'vídeos aula',79),(936,'direito civil parte geral',79),(937,'iMovie',80),(938,'videoaulas',80),(939,'video aulas',80),(940,'aulas de direito constitucional',80),(941,'eficácia das normas constitucionais',80),(942,'norma programática',80),(943,'norma organizativa',80),(944,'norma institutiva',80),(945,'norma constitucional programática',80),(946,'exemplo norma programática',80),(947,'exemplo norma institutiva',80),(948,'exemplo norma organizativa',80),(949,'iMovie',81),(950,'vídeos aula de direito',81),(951,'EOAB',81),(952,'exame da oab',81),(953,'aulas sobre o estatuto da oab',81),(954,'estatuto da advocacia',81),(955,'art. 7 do estatuto da oab',81),(956,'art. 7º do estatuto da advocacia',81),(957,'direto em tela',81),(958,'quando o advogado pode falar?',81),(959,'direitos do advogado',81),(960,'sustentar oralmente',81),(961,'usar a palavra',81),(962,'ADI 1105-7',81),(963,'ADIN 1127-8',81),(964,'ART. 554 DO CPC',81),(965,'ART. 937 DO NOVO CPC',81),(966,'iMovie',82),(967,'videos aula',82),(968,'aulas de direito',82),(969,'como resolver o conflito entre leis',82),(970,'revogação da lei',82),(971,'contradição de leis',82),(972,'critério cronológico',82),(973,'critério hierárquico',82),(974,'critério da especialidade',82),(975,'lei especial',82),(976,'lei geral',82),(977,'conflito de leis',82),(978,'direito em tela',82),(979,'como resolver o conflito de leis',82),(980,'iMovie',83),(981,'Direito do Trabalho',83),(982,'vídeos aula',83),(983,'vídeo aula',83),(984,'contrato individual do trabalho',83),(985,'contrato de emprego',83),(986,'Art. 442 da CLT',83),(987,'contrato do trabalho expresso',83),(988,'contrato do trabalho tácito',83),(989,'direito em tela',83),(990,'vídeos gratuitos de direito',83),(991,'morte presumida',84),(992,'direito civil',84),(993,'perigo de morte',84),(994,'aulas de direito',84),(995,'vídeos de direito',84),(996,'art. 7º do cc',84),(997,'2 anos após a guerra',84),(998,'morte presumida sem decretação de ausência',84),(999,'iMovie',85),(1000,'direito constituional',85),(1001,'normas constitucionais',85),(1002,'eficácia das normas constitucionais',85),(1003,'eficacia contida',85),(1004,'eficacia limitada',85),(1005,'eficacia plena',85),(1006,'normas de eficácia plena',85),(1007,'normas de eficacia limitada',85),(1008,'nomras de eficácia contida',85),(1009,'iMovie',86),(1010,'videos aula',86),(1011,'aulas do estatuto da oab',86),(1012,'estatuto da oab',86),(1013,'exame da oab',86),(1014,'EOAB',86),(1015,'lei .906/94',86),(1016,'carga processo',86),(1017,'advogado pode pegar o processo',86),(1018,'advogado carga processo',86),(1019,'advogado examinar processo',86),(1020,'ver o processo',86),(1021,'analisar o processo',86),(1022,'fotocópia do processo',86),(1023,'processos conclusos',86),(1024,'carga processos findos',86),(1025,'carga processo segredo justiça',86),(1026,'iMovie',87),(1027,'videos aula',87),(1028,'CC',87),(1029,'direito civil parte geral',87),(1030,'aulas de direito civil',87),(1031,'vídeos aulas de direito civil',87),(1032,'aulas gratuitas de direito',87),(1033,'morte simultânea',87),(1034,'premoriência',87),(1035,'pós-moriência',87),(1036,'morreram juntos',87),(1037,'morreram na mesma ocsião',87),(1038,'morte ao mesmo tempo',87),(1039,'extinção da personalidade',87),(1040,'direito em tela',87),(1041,'comorientes',87),(1042,'iMovie',88),(1043,'vídeos aulas',88),(1044,'aulas de direito',88),(1045,'lei de introdução as normas do direito',88),(1046,'vídeos de direito',88),(1047,'direito em tela',88),(1048,'finalidade social',88),(1049,'função social da lei',88),(1050,'exigências do bem comum',88),(1051,'BEM COMUM',88),(1052,'iMovie',89),(1053,'CTPS',89),(1054,'VÍDEOS AULA',89),(1055,'ANOTAÇÕES NA CARTEIRA DE TRABALHO',89),(1056,'CARTEIRA DE TRABALHO',89),(1057,'ANOTAÇÕES DESABONADORAS',89),(1058,'aulas gratuitas',89),(1059,'anotações na carteira',89),(1060,'o que pode ser anotado na carteira de trabalho',89),(1061,'emprego',89),(1062,'CLT',89),(1063,'AULAS DE DIREITO DO TRABALHO',89),(1064,'iMovie',90),(1065,'video aulas',90),(1066,'aulas de direito constitucional',90),(1067,'inconstitucionalidade',90),(1068,'lei inconstitucional',90),(1069,'constitucionalidade',90),(1070,'controle de constitucionalidade',90),(1071,'supremacia da constituição',90),(1072,'compatibilidade vertical das normas',90),(1073,'compatibilidade verticial',90),(1074,'iMovie',91),(1075,'vídeos aula',91),(1076,'aulas de direito',91),(1077,'exame da oab',91),(1078,'estatuto da advocacia',91),(1079,'estatuto do advogado',91),(1080,'carga de processo',91),(1081,'o que é carga de processo',91),(1082,'processo em carga',91),(1083,'processo em segredo de justiça',91),(1084,'o advogado pode consultar processo em segredo de justiça',91),(1085,'devolver o processo no prazo legal',91),(1086,'carga',91),(1087,'analisar processo',91),(1088,'ver processo',91),(1089,'iMovie',92),(1090,'videos aulas',92),(1091,'lei de introdução',92),(1092,'lei de introdução às normas direito brasileiro',92),(1093,'aulas objetivas',92),(1094,'direito em tela',92),(1095,'saber direito',92),(1096,'irretroatividade',92),(1097,'art. 5º XXXVI da CRFB/88',92),(1098,'retroatividade',92),(1099,'retroação',92),(1100,'retroagir',92),(1101,'direitos da personalidade',93),(1102,'atributos aos direitos da personanlidade',93),(1103,'vídeo aula',93),(1104,'direito civil',93),(1105,'absolutos',93),(1106,'prerrogativas dos direitos da personalidade',93),(1107,'vídeos aula',93),(1108,'aulas rapidas',93),(1109,'direito em tela',93),(1110,'indisponíveis',93),(1111,'direitos fundamentais',93),(1112,'iMovie',94),(1113,'video aulas',94),(1114,'aulas de direito constitucional',94),(1115,'inconstitucionalidade',94),(1116,'insconstitucionalidade por ação',94),(1117,'inconstitucionalidade por omissão',94),(1118,'inconstitucionalidade omissiva',94),(1119,'Inconstitucionalidade comissiva',94),(1120,'inconstitucionalidade por atuação',94),(1121,'lacuna inconstitucional',94),(1122,'iMovie',95),(1123,'EOAB',95),(1124,'vídeos aula',95),(1125,'o advogado foi ofendido em sua honra',95),(1126,'ofensa ao advogado',95),(1127,'nota de repúdio',95),(1128,'aulas de direito',95),(1129,'aulas de direito para exame da oab',95),(1130,'repúdio',95),(1131,'o advogado foi ofendido',95),(1132,'direitos do advogado',95),(1133,'vídeos aula de direito',95),(1134,'exame da oab',95),(1135,'iMovie',96),(1136,'vídeos aula',96),(1137,'direito civil',96),(1138,'direito em tela',96),(1139,'coisa julgada',96),(1140,'ato jurídico perfeito',96),(1141,'direito já pode exercer',96),(1142,'LICC',96),(1143,'iMovie',97),(1144,'jornada de trabalho',97),(1145,'duração do trabalho',97),(1146,'horário de trabalho',97),(1147,'direito em tela',97),(1148,'Art. 74 da CLT',97),(1149,'44h semanais',97),(1150,'8h por dia',97),(1151,'horas extras',97),(1152,'horas suplementares',97),(1153,'art. 57 da CLT',97),(1154,'aulas de direito',97),(1155,'aulas de direito do trabalho',97),(1156,'iMovie',98),(1157,'vídeos aula',98),(1158,'aulas de direito',98),(1159,'exame da oab',98),(1160,'OAB',98),(1161,'SÍMBOLOS DO ADVOGADO',98),(1162,'BECA',98),(1163,'VESTES TALARES',98),(1164,'INSIGNIA',98),(1165,'EOAB',98),(1166,'MODELO DA BECA',98),(1167,'MODELO DAS VESTES TALARES',98),(1168,'DECRETO FEDERAL Nº 393 DE 23/11/1844',98),(1169,'PROVIMENTO DO CONSELHO FEDERAL DA OAB Nº 08/1964',98),(1170,'TOGA',98),(1171,'MODELO DE TOGA PARA ADVOGADO',98),(1172,'BECA DE ADVOGADO',98),(1173,'iMovie',99),(1174,'vídeos aula',99),(1175,'aulas de direito',99),(1176,'direito em tela',99),(1177,'transito em julgado',99),(1178,'não cabe mais recurso',99),(1179,'não cabe recurso',99),(1180,'irretroatividade da lei',99),(1181,'retroatividade',99),(1182,'iMovie',100),(1183,'jornada de trabalho',100),(1184,'tempo de trabalho',100),(1185,'tempo a disposição do empregador',100),(1186,'8h de trabalho',100),(1187,'Art. 4o CLT',100),(1188,'sumula 366 do TST',100),(1189,'tolerância de atraso no emprego',100),(1190,'cartão ponto',100),(1191,'limite de 10min de atraso',100),(1192,'início da jornada',100),(1193,'término da jornada',100),(1194,'horas in itenere',100),(1195,'vídeos aula',100),(1196,'direito em tela',100),(1197,'AULAS DE DIREITO DO TRABALHO',100),(1198,'iMovie',101),(1199,'direito em tela',101),(1200,'vídeos aula de direito',101),(1201,'transplante de órgãos',101),(1202,'doação de órgãos',101),(1203,'art. 12 do CC',101),(1204,'integridade física',101),(1205,'art. 13 do cc',101),(1206,'código civil parte geral',101),(1207,'transfusão de sangue',101),(1208,'doador de órgão',101),(1209,'doação de órgão',101),(1210,'direito a vida',101),(1211,'iMovie',102),(1212,'vídeos aula',102),(1213,'sigilo profissional',102),(1214,'segredo profissional',102),(1215,'o sigilo profissional',102),(1216,'sigilo profissional advogado',102),(1217,'sigilo advogado',102),(1218,'ética profissional',102),(1219,'o advogado pode ser testemunha?',102),(1220,'exame da oab',102),(1221,'iMovie',103),(1222,'videos aula',103),(1223,'aulas de direito',103),(1224,'licc',103),(1225,'lei de introdução as normas do direito brasileiros',103),(1226,'revogação',103),(1227,'vigência',103),(1228,'Art. 5 XXXVI CRFB/88',103),(1229,'direito adquirido',103),(1230,'coisa julgada',103),(1231,'ato juridico perfeito',103),(1232,'direito em tela',103),(1233,'iMovie',104),(1234,'testamento vital',104),(1235,'tratamento médico',104),(1236,'cirurgia',104),(1237,'princípio da autonomia da vontade',104),(1238,'princípio da dignidade da pessoa humana',104),(1239,'transfusão de sangue',104),(1240,'testemunha de geová',104),(1241,'Enunciado 403 da V Jornada de Direito Civil',104),(1242,'Art 5 VI da CRFB/88',104),(1243,'Resolução 1995 do Conselho Federal de Medicina',104),(1244,'vídeos aula',104),(1245,'iMovie',105),(1246,'Art. 59 da CLT',105),(1247,'horas suplementares',105),(1248,'horas excedentes',105),(1249,'jornada de trabalho',105),(1250,'compensação de horário',105),(1251,'horas extras',105),(1252,'vídeos aula',105),(1253,'horário de trabalho do empregado',105),(1254,'horas extraordinárias',105),(1255,'44h semanais',105),(1256,'8h por dia',105),(1257,'semana inglesa',105),(1258,'semana espanhola',105),(1259,'súmula 65 do TST',105),(1260,'aulas de direito do trabalho',105),(1261,'iMovie',106),(1262,'videos aula',106),(1263,'aulas de direito',106),(1264,'exame da oab',106),(1265,'advogado',106),(1266,'audiência',106),(1267,'atraso na audiência',106),(1268,'o advogado pode se retirar',106),(1269,'audiencia atrasada',106),(1270,'ausentar-se do recinto',106),(1271,'oab',106),(1272,'exame da ordem',106),(1273,'advogado pode deixar a audiência',106),(1274,'iMovie',107),(1275,'videos aula',107),(1276,'aulas de direito',107),(1277,'direito em tela',107),(1278,'LICC',107),(1279,'Decreto-lei 4657/42',107),(1280,'revogação',107),(1281,'vigor',107),(1282,'vigência',107),(1283,'lei revogada',107),(1284,'vídeos de direito',107),(1285,'lei já revogada',107),(1286,'doação de órgãos',108),(1287,'vídeos aula',108),(1288,'transplante de órgãos',108),(1289,'art. 14 do CC',108),(1290,'autorização para doação de órgãos',108),(1291,'doador de órgáos',108),(1292,'integridade física',108),(1293,'aula de direito',108),(1294,'AULAS DE DIREITO',108),(1295,'DIREITO EM TELA',108),(1296,'SABER DIREITO',108),(1297,'iMovie',109),(1298,'videos aula',109),(1299,'aulas de direito',109),(1300,'exame da oab',109),(1301,'estuto da advocacia',109),(1302,'estatuto advogado',109),(1303,'EOAB',109),(1304,'salas de advogados',109),(1305,'salas da OAB no forum',109),(1306,'sala no presídio',109),(1307,'sala de advogado nas delegacias de policia',109),(1308,'salas dos advogados nos tribunais',109),(1309,'sala de advogado',109),(1310,'sala da OAB',109),(1311,'iMovie',110),(1312,'Art. 60 CLT',110),(1313,'Necessidade imperiosa',110),(1314,'prorrogação jornada de trabalho',110),(1315,'hora extra',110),(1316,'DIREITO EM TELA',110),(1317,'ART. 61 DA CLT',110),(1318,'horas extraordinárias',110),(1319,'Art. 501 da CLT',110),(1320,'videos de direito do trabalho',110),(1321,'aulas de direito do trabalho',110),(1322,'iMovie',111),(1323,'vídeos aula',111),(1324,'Art. 17 do CC',111),(1325,'Art. 18 do CC',111),(1326,'Art. 19 do CC',111),(1327,'sobrenome',111),(1328,'pseudônimo',111),(1329,'prenome',111),(1330,'direito civil',111),(1331,'nao pode usar o nome alheior',111),(1332,'não se pode usar o nome alheio',111),(1333,'agnome',111),(1334,'vídeos de direito',111),(1335,'iMovie',112),(1336,'vídeos aula',112),(1337,'aulas de direito',112),(1338,'exame da oab',112),(1339,'estatuto da oab',112),(1340,'estuto do advogado',112),(1341,'direitos do advogado',112),(1342,'lei 13.245/2016',112),(1343,'assistir aos clientes investigados',112),(1344,'interrogatório',112),(1345,'depoimento',112),(1346,'o advogado pode apresentar razões ou quesitos',112),(1347,'o advogado pode assitir ao cliente durante as investigações',112),(1348,'nulidade do interrogatório',112),(1349,'iMovie',113),(1350,'video aula',113),(1351,'aulas de direito',113),(1352,'aulas de direito civil',113),(1353,'direito civil parte geral',113),(1354,'ausência',113),(1355,'desaparecer',113),(1356,'morte presumida',113),(1357,'curadoria do ausente',113),(1358,'curador para o ausente',113),(1359,'aulas rapidas de direito',113),(1360,'videos de direito',113),(1361,'código civil',113),(1362,'art. 22 do CC',113),(1363,'Art. 23 do CC',113),(1364,'Art. 24 do CC',113),(1365,'art. 25 do CC',113),(1366,'iMovie',114),(1367,'paralisação da empresa',114),(1368,'horas extras',114),(1369,'força maior',114),(1370,'pagamento das horas extras',114),(1371,'acordo coletivo',114),(1372,'horas extraordinárias',114),(1373,'vídeos aula de direito',114),(1374,'direito em tela',114),(1375,'aulas de direito do trabalho',114),(1376,'iMovie',115),(1377,'videoaula',115),(1378,'vídeos aula',115),(1379,'video aula',115),(1380,'aulas de direito',115),(1381,'exame da oab',115),(1382,'autos de flagrante',115),(1383,'direito de o advogado consultar os autos',115),(1384,'direito do advogado autos de flagrante',115),(1385,'direitos do advogado',115),(1386,'o advogado pode consultar os autos',115),(1387,'quanto o advogado pode ver o flagrante',115),(1388,'limitação dos direitos do advogado',115),(1389,'iMovie',116),(1390,'videoaula',116),(1391,'vídeos aula',116),(1392,'video aula',116),(1393,'aulas de direito',116),(1394,'exame da oab',116),(1395,'autos de flagrante',116),(1396,'direito de o advogado consultar os autos',116),(1397,'direito do advogado autos de flagrante',116),(1398,'direitos do advogado',116),(1399,'o advogado pode consultar os autos',116),(1400,'quanto o advogado pode ver o flagrante',116),(1401,'limitação dos direitos do advogado',116),(1402,'iMovie',117),(1403,'videos aula',117),(1404,'aulas de direito',117),(1405,'direito civil parte geral',117),(1406,'aulas de direito civil',117),(1407,'curadoria',117),(1408,'abertura da sucessão provisória',117),(1409,'herdeiros presumidos',117),(1410,'abrir o inventário da pessoa ausente',117),(1411,'pessoa desaparecida',117),(1412,'ausente',117),(1413,'pessoa ausente',117),(1414,'o que fazer quando uma pessoa desaparece',117),(1415,'art. 26 do Código Civil',117),(1416,'Art. 27 do código civil',117),(1417,'art. 28 do código civil',117),(1418,'art. 29 do código civil',117),(1419,'art. 31 do código civil',117),(1420,'art. 36 do código civil',117),(1421,'iMovie',118),(1422,'horas extras',118),(1423,'motoristas',118),(1424,'gerentes',118),(1425,'vendedores externos',118),(1426,'jornada de trabalho',118),(1427,'ARt. 62 da CLT',118),(1428,'vídeos aula',118),(1429,'horas de trabalho',118),(1430,'controle de jornada',118),(1431,'atividade externa',118),(1432,'chefes de departamento',118),(1433,'AULAS DE DIREITO',118),(1434,'AULAS DE DIREITO DO TRABALHO',118),(1435,'iMovie',119),(1436,'videos aula',119),(1437,'videoaula',119),(1438,'aulas de direito',119),(1439,'exame da oab',119),(1440,'estatuto da ordem',119),(1441,'estatuto da oab',119),(1442,'direitos do advogado',119),(1443,'advogado tem direito de consultar o processo',119),(1444,'advogado tem direito de consultar os autos',119),(1445,'advogado pode olhar o processo do cliente',119),(1446,'advogado pode examinar o processo',119),(1447,'advogado por ter vistas do processo',119),(1448,'advogado autos de prisão em flagrante',119),(1449,'Art. 7 da Lei 8904/96',119),(1450,'iMovie',120),(1451,'videos aula',120),(1452,'direito civil parte geral',120),(1453,'código civil',120),(1454,'ausente',120),(1455,'morte presumida',120),(1456,'art. 6 do Código Civil',120),(1457,'Art. 37 do Código Civil',120),(1458,'Art. 38 do Código Civil',120),(1459,'artigo 39 do Código Civil',120),(1460,'exame da oab',120),(1461,'pessoa',120),(1462,'pessoa desaparecida',120),(1463,'Sucessão provisória',120),(1464,'quando o ausente é dado como morto?',120),(1465,'aulas de direito civil',120),(1466,'aulas de direito',120),(1467,'direito online',120),(1468,'aulas rapidas',120),(1469,'videos gratuito',120),(1470,'aulas gratuitas de direito',120),(1471,'iMovie',121),(1472,'Art. 66 CLT',121),(1473,'jornada de trabalho',121),(1474,'horário de descanso',121),(1475,'horário entre jornadas',121),(1476,'vídeos aula',121),(1477,'aulas de direito',121),(1478,'descanso',121),(1479,'AULAS DE DIREITO DO TRABALHO',121),(1480,'DIREITO EM TELA',121),(1481,'iMovie',122),(1482,'inscrição na oab',122),(1483,'inscrição da oab',122),(1484,'requisitos inscrição oab',122),(1485,'o que precisa para inscrever na OAB',122),(1486,'inscrever na OAB',122),(1487,'ART. 8º lei 8.906/94',122),(1488,'videos aula',122),(1489,'videoaulas',122),(1490,'estatuto da oab',122),(1491,'inscrito na oab',122),(1492,'oab se inscrever',122),(1493,'iMovie',123),(1494,'art. 71 da CLT',123),(1495,'vídeos aula',123),(1496,'descanso',123),(1497,'intervalo',123),(1498,'horas extras',123),(1499,'descanso de 1h',123),(1500,'descanso de 15min',123),(1501,'intervalo para alimentação',123),(1502,'intervalo de almoço',123),(1503,'jornada de trabalho',123),(1504,'iMovie',124),(1505,'ausência',124),(1506,'curadoria',124),(1507,'sucessão provisória',124),(1508,'sucessão definitiva',124),(1509,'morte presumida',124),(1510,'curador',124),(1511,'ausente',124),(1512,'pessoa desaparecida',124),(1513,'vídeos aula',124),(1514,'morte presumida sem decretação de ausência',124),(1515,'declaração de morte',124),(1516,'pessoa sumiu de casa',124),(1517,'morte sem corpo',124),(1518,'iMovie',125),(1519,'video aulas',125),(1520,'videoaulas',125),(1521,'exame da oab',125),(1522,'revalida',125),(1523,'diploma estrangeiro',125),(1524,'inscrição na oab',125),(1525,'estrangeiro pode se inscrever na oab',125),(1526,'inscrever na oab',125),(1527,'revalida oab',125),(1528,'valida o diploma',125),(1529,'validar o diploma',125),(1530,'validar o diploma estrangeiro',125),(1531,'graduação no exterior',125),(1532,'revalida diploma',125),(1533,'revalida diploma estrangeiro',125),(1534,'iMovie',126),(1535,'concurso público',126),(1536,'exame da oab',126),(1537,'vídeos aula',126),(1538,'aulas de direito',126),(1539,'horário de descanso',126),(1540,'horário de almoço',126),(1541,'horas extras',126),(1542,'parada para almoço',126),(1543,'quanto o empregado precisa descansar',126),(1544,'sumula 437 TST',126),(1545,'aulas de direito do trabalho',126),(1546,'iMovie',127),(1547,'domicilio',127),(1548,'residencia',127),(1549,'casa',127),(1550,'animo definitivo',127),(1551,'moradia',127),(1552,'domicilio legal',127),(1553,'domicilio voluntário',127),(1554,'vídeos aula',127),(1555,'direito em tela',127),(1556,'Art. 70 do CC',127),(1557,'aulas de direito',127),(1558,'AULAS DE DIREITO CIVIL',127),(1559,'AULA SOBRE DOMICILIO',127),(1560,'iMovie',128),(1561,'video aula',128),(1562,'videoaulas',128),(1563,'videos aula',128),(1564,'aulas de direito',128),(1565,'exame da oab',128),(1566,'inidoneidade',128),(1567,'idoneidade',128),(1568,'idoneidade do candidato',128),(1569,'inidoneidade do candidato',128),(1570,'inscrição na oab',128),(1571,'reputação ilibada',128),(1572,'idoneo',128),(1573,'idôneo',128),(1574,'art 8 lei 8906/94',128),(1575,'estatuto da oab',128),(1576,'iMovie',129),(1577,'lei dos caminhoneiros',129),(1578,'descando de caminhoneiro',129),(1579,'transporte de passageiros',129),(1580,'descanso de 1h',129),(1581,'descando de 15 min',129),(1582,'jornada de trabalho',129),(1583,'horas extras',129),(1584,'intrajornada fracionada',129),(1585,'caminhoneiro',129),(1586,'transporte rodoviário',129),(1587,'vídeos aula',129),(1588,'direito em tela',129),(1589,'motorista de onibus',129),(1590,'motorista',129),(1591,'aulas de direito do trabalho',129),(1592,'iMovie',130),(1593,'bens imóveis',130),(1594,'bens imóveis por acessão industrial',130),(1595,'bens imóveis pela própria natureza',130),(1596,'dos bens considerados em sí mesmos',130),(1597,'vídeos aula',130),(1598,'direito em tela',130),(1599,'Art. 79 do código civil',130),(1600,'art. 80 do código civil',130),(1601,'art. 81 do código civil',130),(1602,'aulas de direito',130),(1603,'iMovie',131),(1604,'videos aulas',131),(1605,'vídeoaulas',131),(1606,'estatuto da OAB',131),(1607,'estagiário',131),(1608,'estágio profissional',131),(1609,'quem pode ser estagiário?',131),(1610,'estagio oab',131),(1611,'estagiário oab',131),(1612,'estagiar oab',131),(1613,'iMovie',132),(1614,'descanso de 10 min',132),(1615,'direito em tela',132),(1616,'digitador',132),(1617,'datilografia',132),(1618,'mecanografia',132),(1619,'vídeos aula',132),(1620,'direito do trabalho',132),(1621,'súmula 346 do TST',132),(1622,'digitadores',132),(1623,'descanso para digitadores',132),(1624,'intervalo intrajornada',132),(1625,'horas extras',132),(1626,'horario de trabalho',132),(1627,'jornada de trabalho',132),(1628,'escriturador',132),(1629,'cálculo',132),(1630,'vídeos de direito do trabalho',132),(1631,'iMovie',133),(1632,'móveis por força própria',133),(1633,'móveis por força alheia',133),(1634,'semoventes',133),(1635,'energia de valor econômico',133),(1636,'direito em tela',133),(1637,'art. 83 do cc',133),(1638,'art. 84 do cc',133),(1639,'AULAS DE DIREITO CIVIL',133),(1640,'AULAS DE DIREITO EM VIDEO',133),(1641,'iMovie',134),(1642,'video aulas',134),(1643,'exame da oab',134),(1644,'estatuto da oab',134),(1645,'quem pode se inscrever como estagiário',134),(1646,'estagiário da oab',134),(1647,'inscrição como estagiário',134),(1648,'estágio oab',134),(1649,'iMovie',135),(1650,'horário noturno',135),(1651,'trabalho de noite',135),(1652,'como se pago o trabalho noturno',135),(1653,'trabalho noturno',135),(1654,'art. 7o da CRFB/88',135),(1655,'vídeos aulas',135),(1656,'vídeos de direito',135),(1657,'vídeos de direito do trabalho',135),(1658,'súmula 213 do STF',135),(1659,'adicional noturno',135),(1660,'adicional de 20%',135),(1661,'convenção coletiva',135),(1662,'iMovie',136),(1663,'bens infungíveis',136),(1664,'bens de mesma qualidade',136),(1665,'classificação de bens',136),(1666,'bens que podem se substituídos',136),(1667,'bens que podem ser trocados por outro',136),(1668,'código civil',136),(1669,'vídeos aula',136),(1670,'AULAS DE DIREITO CIVIL',136),(1671,'iMovie',137),(1672,'video aulas',137),(1673,'aulas do estatuto da oab',137),(1674,'estatuto do oab',137),(1675,'como se inscrever na oab',137),(1676,'inscrição na oab',137),(1677,'o que precisa para se inscrever na oab',137),(1678,'inscrição principal na oab',137),(1679,'oab inscrição',137),(1680,'inscrição do advogado na oab',137),(1681,'iMovie',138),(1682,'vídeos aulas',138),(1683,'aulas de direito do trabalho',138),(1684,'jornada de trabalho',138),(1685,'horas extras',138),(1686,'direito em tela',138),(1687,'qual o horário de trabalho noturno?',138),(1688,'duração da hora noturna.',138),(1689,'das 22h as 5h',138),(1690,'sumula 214 do STF',138),(1691,'iMovie',139),(1692,'videos aulas',139),(1693,'estatuto da oab',139),(1694,'inscrição do advogado',139),(1695,'inscrição suplementar oab',139),(1696,'inscrição oab',139),(1697,'iMovie',140),(1698,'vídeos aulas',140),(1699,'aulas de direito',140),(1700,'aulas de direito gratuito',140),(1701,'hora noturno',140),(1702,'hora extra',140),(1703,'calculo da hora noturna',140),(1704,'direito em tela',140),(1705,'aulas de direito do trabalho',140),(1706,'horário noturno',140),(1707,'trabalho a noite',140),(1708,'iMovie',141),(1709,'vídeos aula',141),(1710,'vídeos de direito',141),(1711,'aulas de direito',141),(1712,'hora extra',141),(1713,'hora extra noturna',141),(1714,'hora extra diurna',141),(1715,'Sumula 60 do TST',141),(1716,'direito em tela',141),(1717,'adicional de 20%',141),(1718,'adicional de 50%',141),(1719,'como pagar a hora extra?',141),(1720,'jornada de trabalho',141),(1721,'horário noturno',141),(1722,'trabalho noturno',141),(1723,'clt',141),(1724,'iMovie',142),(1725,'inscrição advogado',142),(1726,'inscrição oab',142),(1727,'cancelamento inscrição oab',142),(1728,'advogado oab',142),(1729,'iMovie',143),(1730,'videos aula',143),(1731,'aulas de direito',143),(1732,'direito em tela',143),(1733,'concurso público',143),(1734,'turno noturno',143),(1735,'trabalho noturno',143),(1736,'trabalho diurno',143),(1737,'sumula 265 TST',143),(1738,'Art. 73 da CLT',143),(1739,'trabalhar a noite',143),(1740,'trabalhar de dia',143),(1741,'reflexos do adicional noturno',143),(1742,'sumula 60 TST',143),(1743,'adicional noturno integra o salário',143),(1744,'iMovie',144),(1745,'vídeo aulas',144),(1746,'estatuto da oab',144),(1747,'licença',144),(1748,'licença advogado',144),(1749,'licenciamento advogado',144),(1750,'advogado licença',144),(1751,'iMovie',145),(1752,'videos aula',145),(1753,'aulas de direito do trabalho',145),(1754,'aulas de direito',145),(1755,'art. 74 da CLT',145),(1756,'quadro de horário',145),(1757,'horario do emprego',145),(1758,'Portaria 576 do MT',145),(1759,'direito em tela',145),(1760,'tabela de horário',145),(1761,'iMovie',146),(1762,'acessório',146),(1763,'bem principal',146),(1764,'pertença',146),(1765,'parte integrante',146),(1766,'princípio da gravitação jurídica',146),(1767,'vídeos aula',146),(1768,'aulas de direito',146),(1769,'aformoseamento',146),(1770,'partes integrantes',146),(1771,'direito em vídeos',146),(1772,'direito em tela',146),(1773,'video aulas',147),(1774,'estatuto oab',147),(1775,'identidade advogado',147),(1776,'cartão identidade advogado',147),(1777,'carteira identidade advogado',147),(1778,'advogado identidade',147),(1779,'iMovie',148),(1780,'videos aula',148),(1781,'aulas de direito',148),(1782,'aulas de direito do trabalho',148),(1783,'controle de jornada',148),(1784,'cartão ponto',148),(1785,'livro ponto',148),(1786,'bater ponto',148),(1787,'anotar o ponto',148),(1788,'registro do horário do empregado',148),(1789,'controle de horario',148),(1790,'CLT',148),(1791,'iMovie',149),(1792,'frutos',149),(1793,'produtos',149),(1794,'pendentes',149),(1795,'frutos pendentes',149),(1796,'frutos consumidos',149),(1797,'videos aula',149),(1798,'frutos percipiendos',149),(1799,'frutos e produtos',149),(1800,'acessórios',149),(1801,'bem principal',149),(1802,'vídeos aula',149),(1803,'bens móveis',149),(1804,'AULAS DE DIREITO CIVIL',149),(1805,'DIREITO EM TELA',149),(1806,'iMovie',150),(1807,'videos aula',150),(1808,'aulas do estatuto da OAB',150),(1809,'identificação do advogado',150),(1810,'número da OAB',150),(1811,'assinatura do advogado',150),(1812,'iMovie',151),(1813,'vídeos aula',151),(1814,'ônus da prova',151),(1815,'horário de trabalho',151),(1816,'aula de direito do trabalho',151),(1817,'direito do trabalho',151),(1818,'sumula 338 do TST',151),(1819,'empresa com mais de 10 empregados',151),(1820,'controle de frequencia',151),(1821,'jornada de trabalho',151),(1822,'iMovie',152),(1823,'sociedade de advogados',152),(1824,'sociedade simples pluripessoal',152),(1825,'sociedade simples unipessoal',152),(1826,'sociedade simples advocacia',152),(1827,'iMovie',153),(1828,'bens públicos',153),(1829,'Art. 98 do CC',153),(1830,'Art. 99 do CC',153),(1831,'Art. 100 do CC',153),(1832,'bens de uso comum do povo',153),(1833,'bens de uso especial',153),(1834,'bens dominicais',153),(1835,'bens pertencentes as pessoas jurídicas de direito público',153),(1836,'desafetação',153),(1837,'afetação',153),(1838,'séfora schubert',153),(1839,'vídeos aula',153),(1840,'aulas de direito',153),(1841,'aulas de direito civil',153),(1842,'direito em tela',153),(1843,'iMovie',154),(1844,'videos aulas',154),(1845,'videos de direito',154),(1846,'aulas de direito civil',154),(1847,'direito em tela',154),(1848,'teoria da realidade',154),(1849,'teoria da ficção',154),(1850,'teoria da realidade tecnica',154),(1851,'Hauriou',154),(1852,'Colin',154),(1853,'Captaint',154),(1854,'savigny',154),(1855,'pessoa natural',154),(1856,'pessoa fisica',154),(1857,'empresa',154),(1858,'personalidade civil',154),(1859,'personalidade da pessoa juridica',154),(1860,'natureza jurídica da pessoa juridica',154),(1861,'aulas de pessoa juridica',154),(1862,'iMovie',155),(1863,'videos aula',155),(1864,'aulas de direito',155),(1865,'aulas de direito do trabalho',155),(1866,'remuneração',155),(1867,'concurso publico',155),(1868,'exame da oab',155),(1869,'magistratuta do trabalho',155),(1870,'direito em tela',155),(1871,'salario por hora',155),(1872,'salário por dia',155),(1873,'salário por mes',155),(1874,'pagamento do empregado',155),(1875,'pagamento',155),(1876,'como calcular o salario?',155),(1877,'videos de direito do trabalho',155),(1878,'iMovie',156),(1879,'vídeos aula',156),(1880,'aulas de direito civil em vídeos',156),(1881,'União',156),(1882,'conceito de União',156),(1883,'Estado',156),(1884,'Município',156),(1885,'Autarquias',156),(1886,'conceito de autarquia',156),(1887,'Associações públicas',156),(1888,'consórcio público',156),(1889,'Art. 41 do CC',156),(1890,'Art. 42 do CC',156),(1891,'pessoa jurídica de direito público externo',156),(1892,'fundações públicas',156),(1893,'Lei 11.107/2005',156),(1894,'Enunciado 141 CJF',156),(1895,'Art. 241 da CRFB/1988',156),(1896,'convênios de cooperação',156),(1897,'iMovie',157),(1898,'8.716/93',157),(1899,'Lei 8.716/93',157),(1900,'videos aula',157),(1901,'comissão',157),(1902,'facção',157),(1903,'salário por peça',157),(1904,'salário por comissão',157),(1905,'salário por empreitada',157),(1906,'salário por tarefa',157),(1907,'empreitada',157),(1908,'aulas gratuitas',157),(1909,'aulas de direito do trabalho',157),(1910,'aulas de direito',157),(1911,'aulas rapidas',157),(1912,'direito em tela',157),(1913,'saber direito',157),(1914,'vídeos de direito',157),(1915,'aulas em vídeo',157),(1916,'concurso publico',157),(1917,'exame da oab',157),(1918,'receber por comissão',157),(1919,'o empregado por receber comissão',157),(1920,'videos de direito do trabalho',157),(1921,'iMovie',158),(1922,'videos aula',158),(1923,'aulas de direito civil',158),(1924,'vídeos de direito',158),(1925,'concurso público',158),(1926,'direito em tela',158),(1927,'teoria do nexo de causalidade',158),(1928,'teoria publicista',158),(1929,'teoria do risco',158),(1930,'teoria do risco administrativo',158),(1931,'nexo de causalidade',158),(1932,'teoria subjetiva do agente público',158),(1933,'responsabilidade objetiva',158),(1934,'responsabilidade subjetiva',158),(1935,'iMovie',159),(1936,'videos aula',159),(1937,'direito em tela',159),(1938,'aulas de direito do trabalho',159),(1939,'aulas de direito',159),(1940,'vídeos de direito',159),(1941,'remuneração',159),(1942,'concurso publico',159),(1943,'exame da oab',159),(1944,'salário',159),(1945,'pagamento',159),(1946,'facção',159),(1947,'recebe por peça',159),(1948,'comissão',159),(1949,'salário por comissão',159),(1950,'salário por tarefa',159),(1951,'tarefa',159),(1952,'empreitada',159),(1953,'lei 8.716/93',159),(1954,'iMovie',160),(1955,'videos aula',160),(1956,'aulas de direito civil',160),(1957,'videos de direito civil',160),(1958,'EIRELI',160),(1959,'organizações religiosas',160),(1960,'partidos políticos',160),(1961,'associações',160),(1962,'fundações',160),(1963,'sociedades',160),(1964,'empresas',160),(1965,'art. 44 do cc',160),(1966,'art. 40 do cc',160),(1967,'art. 891 do cc',160),(1968,'empresas individuais',160),(1969,'art. 981 do CC',160),(1970,'art. 62 do cc',160),(1971,'lei 9096/95',160),(1972,'lei 12441/11',160),(1973,'iMovie',161),(1974,'videos aula',161),(1975,'aulas de direito do trabalho',161),(1976,'moradia',161),(1977,'pode pagar salário com moradia',161),(1978,'alimentação',161),(1979,'pode descontar a moradia',161),(1980,'casa',161),(1981,'residência',161),(1982,'vestuário',161),(1983,'direito em tela',161),(1984,'CLT',161),(1985,'30% salário mínimo',161),(1986,'cesta básica',161),(1987,'salário in natura',161),(1988,'iMovie',162),(1989,'video aula',162),(1990,'video aula de direito',162),(1991,'personalidade jurídica',162),(1992,'junta comercial',162),(1993,'cartório de registro civil de pessoa jurídica',162),(1994,'personalidade civil da pessoa jurídica',162),(1995,'iMovie',163),(1996,'videos aula',163),(1997,'aulas de direito do trabalho',163),(1998,'trabalhar em casa',163),(1999,'trabalhar na residência',163),(2000,'posso trabalhar em casa',163),(2001,'trabalhar em casa gera vínculo de emprego',163),(2002,'Art. 6º CLT',163),(2003,'DIREITO AO SALÁRIO MÍNIMO',163),(2004,'prestar serviço em casa',163),(2005,'trabalhar na minha residência',163),(2006,'trabalhador em domicilio',163),(2007,'iMovie',164),(2008,'CC',164),(2009,'video aula',164),(2010,'video aula de direito',164),(2011,'teoria ultra vires',164),(2012,'teoria da realidade',164),(2013,'administração coletiva',164),(2014,'responsabilidade da pessoa jurídica',164),(2015,'art. 48 do CC',164),(2016,'Art. 49 do CC',164),(2017,'Art. 1015 do CC',164),(2018,'administrador provisório',164),(2019,'administração da pessoa jurídica',164),(2020,'direito em tela',164),(2021,'quem representa a pessoa jurídica',164),(2022,'presentação da pessoa jurídica',164),(2023,'iMovie',165),(2024,'aulas de direito do trabalho',165),(2025,'vídeos aula',165),(2026,'videos de direito',165),(2027,'direito em tela',165),(2028,'FERIAS REMUNERADAS',165),(2029,'1/3 DE FERIAS',165),(2030,'ferias anuais',165),(2031,'gozo das férias',165),(2032,'periodo aquisitivo',165),(2033,'periodo de gozo',165),(2034,'remuneração das feiras',165),(2035,'quando tenho direito as ferias',165),(2036,'art. 7 da CRFB/88',165),(2037,'art. 7 xviii da CRFB/88',165),(2038,'TIRAR FERIAS',165),(2039,'PAGAR AS FERIAS',165),(2040,'vender as ferias',165),(2041,'comprar as ferias',165),(2042,'iMovie',166),(2043,'video aula',166),(2044,'aulas de direito',166),(2045,'videos de direito',166),(2046,'aulas de direito civil',166),(2047,'direito civil',166),(2048,'código civil',166),(2049,'aulas rapidas',166),(2050,'videos gratuitos',166),(2051,'aulas gratis de direito',166),(2052,'autonomia patrimonial',166),(2053,'teoria maior',166),(2054,'teoria menor',166),(2055,'art. 50 do Código civil',166),(2056,'direito em tela',166),(2057,'video aulas de direito civil',166),(2058,'patrimônio da empresa',166),(2059,'art. 28 do CDC',166),(2060,'abuso de personalidade',166),(2061,'confusão patrimonial',166),(2062,'desvio de finalidade',166),(2063,'iMovie',167),(2064,'vídeo aula',167),(2065,'video aula de direito',167),(2066,'aula de direito',167),(2067,'aula de direito civil',167),(2068,'liquidação da pessoa jurídica',167),(2069,'art. 1033 do CC',167),(2070,'CC',167),(2071,'cancelamento da pessoa jurídica',167),(2072,'extinção da pessoa jurídica',167),(2073,'pessoa jurídica de direito privado',167),(2074,'registro do cancelamento da pessoa jurídica',167),(2075,'aulas online de direito',167),(2076,'concurso público',167),(2077,'exame da oab',167),(2078,'iMovie',168),(2079,'videos aula',168),(2080,'aulas de direito do trabalho',168),(2081,'gozo das férias',168),(2082,'não pode descontar das férias',168),(2083,'as faltas não podem ser descontadas das férias',168),(2084,'quantos dias de férias?',168),(2085,'falta férias',168),(2086,'as férias serão contadas para todos os efeitos',168),(2087,'as férias conta como tempo de serviço',168),(2088,'iMovie',169),(2089,'videos aula',169),(2090,'aula de direito civil',169),(2091,'direito civil parte geral',169),(2092,'aulas de direito em video',169),(2093,'aulas de direito',169),(2094,'intimidade',169),(2095,'honra',169),(2096,'nome',169),(2097,'razão social',169),(2098,'nome fantasia',169),(2099,'a pessoa jurídica sobre dano moral',169),(2100,'a pessoa juridica tem moral',169),(2101,'dano moral da pessoa jurídica',169),(2102,'dano moral da empresa',169),(2103,'videos de direito',169),(2104,'iMovie',170),(2105,'videos aula',170),(2106,'aulas de direito do trabalho',170),(2107,'aulas em vídeo',170),(2108,'ferias',170),(2109,'gozo de férias',170),(2110,'as faltas podem ser descontadas',170),(2111,'se faltar pode descontar das férias?',170),(2112,'trabalho em meio periodo',170),(2113,'meio periodo',170),(2114,'trabalho so de manha',170),(2115,'art. 130 da CLT',170),(2116,'férias do empregado',170),(2117,'iMovie',171),(2118,'aulas de direito civil',171),(2119,'vídeos de direito',171),(2120,'vídeos de direito civil',171),(2121,'associação',171),(2122,'associações privadas',171),(2123,'associações sem fins lucrativos',171),(2124,'é livre a associação',171),(2125,'a associação pode ser de pessoas juridicas',171),(2126,'direito de reunião',171),(2127,'clube é uma associação',171),(2128,'o que é associação?',171),(2129,'pessoa jurídica',171),(2130,'iMovie',172),(2131,'videos aula',172),(2132,'aulas de direito do trabalho',172),(2133,'faltou ao trabalho',172),(2134,'falta',172),(2135,'desconto do salário',172),(2136,'demissão por justa causa',172),(2137,'faltas justificadas na lei',172),(2138,'faltas justificadas no acordo coletivo',172),(2139,'abono de faltas',172),(2140,'súmula 86 TST',172),(2141,'falta ao serviço',172),(2142,'direito em tela',172),(2143,'FALTAS INJUSTIFICADAS',172),(2144,'iMovie',173),(2145,'videos aula',173),(2146,'aulas de direito civil',173),(2147,'associações privadas',173),(2148,'Art. 5 XVII CF',173),(2149,'CF',173),(2150,'CRFB/88',173),(2151,'DIREITO DE ASSOCIAÇÃO',173),(2152,'DIREITO DE REUNIÃO',173),(2153,'reunião é um direiro fundamental',173),(2154,'é plena liberdade a associação para fins lícitos',173),(2155,'associações de carater paramiltares',173),(2156,'a criação de associações não precisa de autorização estatal',173),(2157,'como se dissolve uma associação',173),(2158,'suspender as atividades da associação',173),(2159,'ninguém é obrigada a se associar',173),(2160,'ninguém é obrigada a ficar associado',173),(2161,'iMovie',174),(2162,'video aula',174),(2163,'video aula de direito',174),(2164,'video aula de direito do trabalho',174),(2165,'aula de direito do trabalho',174),(2166,'Art. 131 da CLT',174),(2167,'clt',174),(2168,'falta por falecimento',174),(2169,'falta por casamento',174),(2170,'falta ao serviço',174),(2171,'falta para doação de sangue',174),(2172,'falta para participar de audiência',174),(2173,'pode descontar a falta?',174),(2174,'iMovie',175),(2175,'direito civil parte geral',175),(2176,'parte geral do direito civil',175),(2177,'videos aula de direito',175),(2178,'videos aula de direito civil',175),(2179,'vídeos de direito civil',175),(2180,'vídeos gratuitos de direito',175),(2181,'requisitos de admissão dos associados',175),(2182,'requisitos de exclusão dos associados',175),(2183,'nome da associação',175),(2184,'exemplos de associações',175),(2185,'finalidades de associação',175),(2186,'fins da associação',175),(2187,'prestação de contas',175),(2188,'órgãos deliberativos',175),(2189,'iMovie',176),(2190,'video aula',176),(2191,'aula de direito do trabalho',176),(2192,'CLT',176),(2193,'férias',176),(2194,'desconto das férias',176),(2195,'afastamento do trabalho',176),(2196,'direito em tela',176),(2197,'Art. 143 da CRFB/1988',176),(2198,'período aquisitivo das férias',176),(2199,'iMovie',177),(2200,'videos aula',177),(2201,'aulas de direito civil',177),(2202,'aulas de direito civil parte geral',177),(2203,'vídeos de direito civil',177),(2204,'aulas gratuitas de direito',177),(2205,'vídeos gratuitos de direito',177),(2206,'direitos dos associados',177),(2207,'deveres dos associados',177),(2208,'sócios',177),(2209,'clube',177),(2210,'estatuto da associação',177),(2211,'sócio com vantagens especiais',177),(2212,'sócio patrimonial',177),(2213,'sócio não patrimonial',177),(2214,'direito de voto',177),(2215,'cota ou fração da associação',177),(2216,'os sócios não tem obrigações recíprocas',177),(2217,'iMovie',178),(2218,'video aula',178),(2219,'CLT',178),(2220,'aula de direito do trabalho',178),(2221,'férias',178),(2222,'vou perder as férias?',178),(2223,'art. 133 da CLT',178),(2224,'auxilio doença',178),(2225,'licença remunerada',178),(2226,'paralisação da empresa',178),(2227,'concurso da magisratura',178),(2228,'acidente do trabalho',178),(2229,'direito em tela',178),(2230,'afastado por mais de 6 meses',178),(2231,'iMovie',179),(2232,'videos aula',179),(2233,'aulas de direito civil',179),(2234,'aulas de direito',179),(2235,'direito civil parte geral',179),(2236,'associações privadas',179),(2237,'ampla defesa',179),(2238,'justa causa',179),(2239,'o associado pode ser excluído da associação',179),(2240,'direito de recurso',179),(2241,'direito de defesa',179),(2242,'processo administrativo',179),(2243,'a pessoa pode ser expulsa da associação',179),(2244,'art. 5 XX crfb/88',179),(2245,'iMovie',180),(2246,'videos aula',180),(2247,'aulas de direito civil',180),(2248,'direito civil parte geral',180),(2249,'associação privada',180),(2250,'pessoa juridica de direito privado',180),(2251,'direito do associado',180),(2252,'vídeos de direito civil',180),(2253,'associado',180),(2254,'CC',180),(2255,'art. 58 da lei 10406',180),(2256,'iMovie',181),(2257,'CLT',181),(2258,'aulas de direito do trabalho',181),(2259,'vídeo de direito',181),(2260,'aulas de direito em vídeos',181),(2261,'férias escolares',181),(2262,'quando posso tirar férias?',181),(2263,'concessão das férias',181),(2264,'vídeos aula',181),(2265,'aulas online',181),(2266,'empregados da mesma empresa',181),(2267,'gozo das férias',181),(2268,'aulas rapidas',181),(2269,'videos gratuitos',181),(2270,'aulas gratuitas',181),(2271,'aulas de direito',181),(2272,'amatra',181),(2273,'concurso público',181),(2274,'exame da oab',181),(2275,'férias',181),(2276,'tirar férias juntos',181),(2277,'direitos dos empregados menores de 18 anos',181),(2278,'empregados menores',181),(2279,'iMovie',182),(2280,'vídeos aula',182),(2281,'aulas de direito civil',182),(2282,'direito civil parte geral',182),(2283,'associações privadas',182),(2284,'vídeos de direito',182),(2285,'assembleia geral',182),(2286,'destituição dos administradores',182),(2287,'convocação da assembléia',182),(2288,'direito das minorias na associação privada',182),(2289,'quorum previsto no Estatuto',182),(2290,'Eleição dos Administradores',182),(2291,'alteração do estatuto',182),(2292,'alteração do estatuto da associação',182),(2293,'quorum para alteração do estatuto',182),(2294,'assembleia geral para alteração do estatuto',182),(2295,'iMovie',183),(2296,'vídeo aula',183),(2297,'aulas de direito',183),(2298,'aulas de direito do trabalho',183),(2299,'CLT',183),(2300,'art. 134 da CLT',183),(2301,'FÉRIAS EM DOBRO',183),(2302,'férias',183),(2303,'quando devo gozar as férias?',183),(2304,'quando posso pegar férias?',183),(2305,'concurso do TRT',183),(2306,'iMovie',184),(2307,'vídeos aula',184),(2308,'aulas de direito civil',184),(2309,'direito civil parte geral',184),(2310,'patrimônio da associação',184),(2311,'dissolução da associação',184),(2312,'remanescente do patrimônio da associação',184),(2313,'fim da associação',184),(2314,'vídeos de direito civil',184),(2315,'aulas de direito para concurso',184),(2316,'término da associação',184),(2317,'associações privadas',184),(2318,'extinçãos das associações privadas',184),(2319,'iMovie',185),(2320,'video aula',185),(2321,'aulas de direito do trabalho',185),(2322,'videos de direito do trabalho',185),(2323,'aulas grauitas de direito',185),(2324,'aulas rapidas de direito',185),(2325,'CLT',185),(2326,'férias',185),(2327,'concessão das férias',185),(2328,'patrão não concedeu as férias no prazo legal',185),(2329,'férias no prazo legal',185),(2330,'gozar as férias',185),(2331,'desfrutar as férias',185),(2332,'tirar férias',185),(2333,'quando devo tirar férias',185),(2334,'quando o empregado deve tirar férias',185),(2335,'amatra',185),(2336,'iMovie',186),(2337,'videos aula',186),(2338,'aulas de direito civil',186),(2339,'direito civil parte geral',186),(2340,'direito',186),(2341,'aulas de direito',186),(2342,'vídeos de direito',186),(2343,'vídeos aula de dieito civil',186),(2344,'Código Civil',186),(2345,'CC',186),(2346,'fundação',186),(2347,'dotação de bens livres',186),(2348,'instituidor',186),(2349,'estatuto',186),(2350,'finalidade da fundação',186),(2351,'fins da fundação',186),(2352,'criação da fundação por instrumento público',186),(2353,'criação da fundação por testamento',186),(2354,'forma de administração da fundação',186),(2355,'como se cria uma fundação',186),(2356,'o que é fundação',186),(2357,'conceito de fundação',186),(2358,'tipos de fundações',186),(2359,'fundações',186),(2360,'iMovie',187),(2361,'vídeos aulas',187),(2362,'aulas de direito do trabalho',187),(2363,'vídeos de direito do trabalho',187),(2364,'CLT',187),(2365,'trabalho durante as férias',187),(2366,'férias',187),(2367,'vídeos de direito',187),(2368,'vídeos gratuitos de direito',187),(2369,'posso trabalhar durante as férias?',187),(2370,'pode trabalhar nas férias',187),(2371,'não pode trabalhar nas férias',187),(2372,'iMovie',188),(2373,'videos aula',188),(2374,'aulas de direito civil',188),(2375,'direito civil parte geral',188),(2376,'fundações privadas',188),(2377,'aulas rapidas',188),(2378,'fundação',188),(2379,'quais as finalidades das fundações?',188),(2380,'dotação especial de bens livres',188),(2381,'fundação criada por testamento',188),(2382,'fundação criada por instrumento público',188),(2383,'fundação sem fins lucrativos',188),(2384,'fundação roberto marinho',188),(2385,'fundação cafu',188),(2386,'iMovie',189),(2387,'videos aula',189),(2388,'aulas de direito do trabalho',189),(2389,'aulas de direito',189),(2390,'CLT',189),(2391,'FÉRIAS',189),(2392,'FÉRIAS COLETIVAS',189),(2393,'FÉRIAS PARCIAIS',189),(2394,'FERIAS COLETIVAS PARCIAIS',189),(2395,'FÉRIAS COLETIVAS TOTAIS',189),(2396,'AS FERIAS NÃO PODEM SER MENORES DE 10 DIAS CORRIDOS',189),(2397,'FÉRIAS DE TODA A EMPRESA',189),(2398,'FÉRIAS DE UM DEPARTAMENTO DA EMPRESA',189),(2399,'FÉRIAS DE UM SETOR DA EMPRESA',189),(2400,'FÉRIAS DE NATAL',189),(2401,'FERIAS DE FINAL DE ANO',189),(2402,'iMovie',190),(2403,'vídeos aula',190),(2404,'aulas de direito do trabalho',190),(2405,'o empregador deve comunicar o Ministério do Trabalho sobre as férias coletivas',190),(2406,'concessão das férias coletivas',190),(2407,'o empregado deve comunicar o sindicato das férias coletivas',190),(2408,'aulas de direito',190),(2409,'vídeos de direito',190),(2410,'iMovie',191),(2411,'vídeos aula',191),(2412,'aulas de direito civil',191),(2413,'direito civil parte geral',191),(2414,'séfora schubert',191),(2415,'vídeos de direito',191),(2416,'aulas de direito',191),(2417,'fundação privada',191),(2418,'estatuto da fundação privada',191),(2419,'alteração do estatuto',191),(2420,'direito da minoria vencida',191),(2421,'estatuto',191),(2422,'estatuto fundação',191),(2423,'alterar o estatuto',191),(2424,'alterar estatuto',191),(2425,'mudar estatuto',191),(2426,'modificar estatuto',191),(2427,'iMovie',192),(2428,'vídeos aula',192),(2429,'aulas de direito do trabalho',192),(2430,'vídeos de direito do trabalho',192),(2431,'CLT',192),(2432,'férias',192),(2433,'gozo das férias',192),(2434,'como funciona as ferias coletivas',192),(2435,'férias coletivas clt',192),(2436,'férias clt',192),(2437,'comunicado férias coletivas',192),(2438,'aviso de férias',192),(2439,'aulas de direito',192),(2440,'proporcionais de férias',192),(2441,'férias proporcionais',192),(2442,'como calcular férias',192),(2443,'iMovie',193),(2444,'férias coletivas',193),(2445,'clt férias coletivas',193),(2446,'férias coletivas clt',193),(2447,'aviso férias coletivas',193),(2448,'clt férias',193),(2449,'férias clt',193),(2450,'video aulas',193),(2451,'vídeos aula',193),(2452,'aulas de direito',193),(2453,'direito do trabalho',193),(2454,'clt',193),(2455,'férias',193),(2456,'comunicado férias coletivas',193),(2457,'aulas de direito do trabalho',193),(2458,'anotação férias carteira de trabalho',193),(2459,'iMovie',194),(2460,'videos aula',194),(2461,'aulas de direito',194),(2462,'direito civil',194),(2463,'aulas gratis',194),(2464,'vídeos de direito',194),(2465,'extinção fundação privada',194),(2466,'fundação',194),(2467,'fundação privada',194),(2468,'término da fundação',194),(2469,'bens da fundação',194),(2470,'inútil a finalidade da fundação',194),(2471,'impossível a finalidade da fundação',194),(2472,'patrimönio da fundação',194),(2473,'iMovie',195),(2474,'vídeos aula',195),(2475,'aulas de direito',195),(2476,'aulas de direito do trabalho',195),(2477,'clt',195),(2478,'férias',195),(2479,'calculo das férias',195),(2480,'como calcular as férias',195),(2481,'férias do empregado',195),(2482,'ferias',195),(2483,'calcular ferias',195),(2484,'calcular férias',195),(2485,'cálculo de férias',195),(2486,'cálculo férias',195),(2487,'ferias clt',195),(2488,'pagamento das férias',195),(2489,'pagamento ferias',195),(2490,'remuneração férias',195),(2491,'como calcular férias',195),(2492,'como pagar férias',195),(2493,'iMovie',196),(2494,'vídeos aula',196),(2495,'aulas de direito civil',196),(2496,'fundações privadas',196),(2497,'ministério público fundações privadas',196),(2498,'aulas gratuitas de direito',196),(2499,'fundação',196),(2500,'fiscalização das fundações',196),(2501,'velar pelas fundações',196),(2502,'aprovar as contas',196),(2503,'elaborar o estatuto',196),(2504,'aprovar as alterações do estatuto',196),(2505,'iMovie',197),(2506,'vídeos aula',197),(2507,'aulas de direito',197),(2508,'aulas de direito do trabalho',197),(2509,'horista',197),(2510,'férias do horista',197),(2511,'férias do emrpegado que trabalha por hora',197),(2512,'jornada de trabalho variável',197),(2513,'férias do professor',197),(2514,'cálculo das férias do professor',197),(2515,'remunerção das férias por hora',197),(2516,'empregado que recebe por hora',197),(2517,'ferias',197),(2518,'calcular ferias',197),(2519,'calculo de ferias',197),(2520,'ferias clt',197),(2521,'clt',197),(2522,'art. 142 da clt',197),(2523,'iMovie',198),(2524,'videos aula',198),(2525,'aulas de direito',198),(2526,'aulas de direito civil',198),(2527,'fatos jurídicos',198),(2528,'fatos jurídicos em sentido amplo',198),(2529,'fatos jurídicos lato sensu',198),(2530,'atos jurídicos',198),(2531,'negócios jurídicos',198),(2532,'fatos jurídicos strictu sensu',198),(2533,'fato juridico',198),(2534,'ato juridico',198),(2535,'ato fato jurídico',198),(2536,'ato fato juridico',198),(2537,'fato jurídico conceito',198),(2538,'ato juridico conceito',198),(2539,'iMovie',199),(2540,'vídeos aula',199),(2541,'férias',199),(2542,'férias do empregado',199),(2543,'aulas de direito do trabalho',199),(2544,'clt',199),(2545,'calculo das ferias',199),(2546,'empregado que recebe por tarefa',199),(2547,'empregado remunerado por tarefa',199),(2548,'férias do empregado que é remunerado por tarefa',199),(2549,'iMovie',200),(2550,'vídeos aula',200),(2551,'aulas de direito',200),(2552,'direito civil',200),(2553,'código civil',200),(2554,'aulas de direito civil',200),(2555,'fatos jurídicos',200),(2556,'atos jurídicos',200),(2557,'dos fatos jurídicos',200),(2558,'dos negócios jurídicos',200),(2559,'negócio juridico',200),(2560,'adquirir direitos',200),(2561,'extinguir direitos',200),(2562,'conservar direitos',200),(2563,'modificar direitos',200),(2564,'manifestação de vontade',200),(2565,'declaração de vontade',200),(2566,'contratos',200),(2567,'iMovie',201),(2568,'videos aula',201),(2569,'aulas de direito do trabalho',201),(2570,'aulas de direito',201),(2571,'vídeos de direito',201),(2572,'férias',201),(2573,'calcular férias',201),(2574,'empregado comissão',201),(2575,'empregado que recebe por tarefa',201),(2576,'como calcular as férias',201),(2577,'calculo das férias',201),(2578,'férias de comissionista',201),(2579,'férias empregado comissionista',201),(2580,'calculo férias comissionista',201),(2581,'calculo ferias comissão',201),(2582,'percentagem',201),(2583,'viagem',201),(2584,'clt',201),(2585,'art. 142 clt',201),(2586,'iMovie',202),(2587,'videos aulas',202),(2588,'direito civil parte geral',202),(2589,'negócios juridicos',202),(2590,'aulas de direito civil',202),(2591,'contrato oneroso',202),(2592,'contrato gratuito',202),(2593,'sinalagmático',202),(2594,'negócio jurídico benéfico',202),(2595,'neógicos plurilateriais',202),(2596,'negócios bilaterais',202),(2597,'negócios inter vivos',202),(2598,'negócios mortis causa',202),(2599,'negócios bifrontes',202),(2600,'negócios neutros',202),(2601,'contrato sinalagmático',202),(2602,'iMovie',203),(2603,'videoaula',203),(2604,'vídeosaula',203),(2605,'vídeos aula',203),(2606,'aulas de direito do trabalho',203),(2607,'direito do trabalho',203),(2608,'clt',203),(2609,'férias',203),(2610,'cálculo das férias',203),(2611,'pagamento das férias no salário in natura',203),(2612,'pagamento das férias no salário utilidade',203),(2613,'salário utilidade férias',203),(2614,'como calcular as férias salário utilidade',203),(2615,'iMovie',204),(2616,'vídeos aula',204),(2617,'aulas de direito',204),(2618,'aulas de direito civil',204),(2619,'direito civil parte geral',204),(2620,'existencia dos contratos',204),(2621,'existência nos negócios',204),(2622,'negócios jurídicos',204),(2623,'validade dos negócios jurídicos',204),(2624,'eficácia dos negócios jurídicos',204),(2625,'validade dos contratos',204),(2626,'eficácias dos contratos',204),(2627,'iMovie',205),(2628,'súmula 354 da CLT',205),(2629,'art. 142 da clt',205),(2630,'férias',205),(2631,'clt',205),(2632,'como calculas as férias',205),(2633,'gorjeta',205),(2634,'a gorjeta conta nas férias',205),(2635,'férias gorjetas',205),(2636,'a gorjeta soma nas férias',205),(2637,'as gorjetas integram as férias do empreado',205),(2638,'gorjeta garçon',205),(2639,'gaçon',205),(2640,'videoaulas',205),(2641,'aulas',205),(2642,'aulas de direito do trabalho',205),(2643,'vídeo aulas',205),(2644,'iMovie',206),(2645,'vídeos aulas',206),(2646,'aulas de direito',206),(2647,'aulas de direito civil',206),(2648,'direito civil parte geral',206),(2649,'código civil',206),(2650,'negócios jurídicos',206),(2651,'agente capaz',206),(2652,'capacidade civil',206),(2653,'validade do negócio jurídico',206),(2654,'art. 104',206),(2655,'validade dos contratos',206),(2656,'agente capaz nos negócios jurídicos',206),(2657,'iMovie',207),(2658,'videos aulas',207),(2659,'vídeoaulas',207),(2660,'vídeos de direito do trabalho',207),(2661,'aulas de direito do trabalho',207),(2662,'clt',207),(2663,'férias',207),(2664,'cálculo das férias',207),(2665,'horas extras no cálculo das férias',207),(2666,'insalubridade férias',207),(2667,'periculosidade férias',207),(2668,'adicional noturno férias',207),(2669,'como calcular as férias',207),(2670,'iMovie',208),(2671,'vídeos aula',208),(2672,'aulas de direito',208),(2673,'aulas de direito civil',208),(2674,'aulas de direito civil parte geral',208),(2675,'negócio jurídico',208),(2676,'validade do negócio jurídico',208),(2677,'objeto lícito',208),(2678,'objeto possível',208),(2679,'objeto determinado',208),(2680,'objeto determinável',208),(2681,'invalidade do negócio jurídico',208),(2682,'iMovie',209),(2683,'videoaulas de direito do trabalho',209),(2684,'1/3 das férias',209),(2685,'posso vender minhas ferias',209),(2686,'venda das férias',209),(2687,'vender as férias',209),(2688,'abono pecuniário',209),(2689,'venda férias',209),(2690,'empregado quer vender as férias',209),(2691,'iMovie',210),(2692,'videos aula',210),(2693,'aulas de direito',210),(2694,'direito civil parte geral',210),(2695,'código civil parte geral',210),(2696,'videos aulas de direito civil',210),(2697,'negócios jurídicos',210),(2698,'validade do negócio jurídico',210),(2699,'forma prescrita em lei',210),(2700,'forma não defesa em lei',210),(2701,'exemplo de forma prescrita em lei',210),(2702,'exemplo de forma não defesa em lei',210),(2703,'art. 104 do Código Civil',210),(2704,'forma do negócio jurídico',210),(2705,'forma livre',210),(2706,'art. 107 do CC',210),(2707,'Art. 104 CC',210),(2708,'iMovie',211),(2709,'videoaulas',211),(2710,'video aulas',211),(2711,'aulas de direito do trabalho',211),(2712,'quem pode vender as férias',211),(2713,'venda das férias',211),(2714,'vender as férias',211),(2715,'1/3 das férias',211),(2716,'férias',211),(2717,'empregado venda férias',211),(2718,'o empregado pode vender as férias',211),(2719,'abono pecuniário',211),(2720,'quem tem direito ao abono pecuniário',211),(2721,'empregado abono pecuniário',211),(2722,'vender férias',211),(2723,'venda férias',211),(2724,'comprar férias',211),(2725,'iMovie',212),(2726,'vídeos aula',212),(2727,'aulas de direito',212),(2728,'aula de direito civil',212),(2729,'código civil parte geral',212),(2730,'art. 105',212),(2731,'a incapacidade relativa de uma das partes não aproveita',212),(2732,'o contrato pode ser anulado porque a pessoa é relativamente incapaz',212),(2733,'negócios jurídicos',212),(2734,'iMovie',213),(2735,'video aulas',213),(2736,'aulas de direito do trabalho',213),(2737,'1/3 de férias',213),(2738,'vender 10 dias de férias',213),(2739,'abono pecuniário',213),(2740,'direito do trabalho',213),(2741,'cálculo venda férias',213),(2742,'como vender as férias',213),(2743,'cálculo do abono pecuniário',213),(2744,'iMovie',214),(2745,'videoaula',214),(2746,'video aulas',214),(2747,'aulas de direito',214),(2748,'aulas de direito civil',214),(2749,'negócio jurídico',214),(2750,'validade do negócio jurídico',214),(2751,'objeto impossível',214),(2752,'objeto do negócio',214),(2753,'impossibilidade inicial do objeto',214),(2754,'impossibilidade do objeto',214),(2755,'exemplo de objeto impossível',214),(2756,'exemplo de impossibilidade relativa do objeto',214),(2757,'objeto negócio jurício',214),(2758,'art. 106 do código civil',214),(2759,'iMovie',215),(2760,'clt',215),(2761,'video aulas',215),(2762,'aulas de direito do trabalho',215),(2763,'quando pagar as férias',215),(2764,'quando receber férias',215),(2765,'pagamento das férias',215),(2766,'súmula 450 STF',215),(2767,'pagamento férias',215),(2768,'iMovie',216),(2769,'videoaula',216),(2770,'vídeosaulas',216),(2771,'vídeo aulas',216),(2772,'aulas de direito civil',216),(2773,'direito civil parte geral',216),(2774,'código civil',216),(2775,'art. 107 do código civil',216),(2776,'forma livre',216),(2777,'forma especial',216),(2778,'forma solene',216),(2779,'forma consensual',216),(2780,'negócios jurídicos',216),(2781,'forma dos negócios jurídicos',216),(2782,'forma livre dos negócios jurídicos',216),(2783,'forma',216),(2784,'iMovie',217),(2785,'recibo de férias',217),(2786,'aulas de direito do trabalho',217),(2787,'videoaulas',217),(2788,'o que deve conter o recibo de férias',217),(2789,'recibo férias clt',217),(2790,'como deve ser o recibo férias',217),(2791,'iMovie',218),(2792,'videos aula',218),(2793,'videoaula',218),(2794,'aulas de direito civil',218),(2795,'direito civil parte geral',218),(2796,'código civil',218),(2797,'art. 108 do código civil',218),(2798,'escritura pública',218),(2799,'forma especial para os negócios jurídicos',218),(2800,'forma especial',218),(2801,'forma prescrita em lei',218),(2802,'forma contrato imóveis',218),(2803,'escritura de imóveis',218),(2804,'procuração pública',218),(2805,'aulas rápidas',218),(2806,'aulas gratuitas',218),(2807,'iMovie',219),(2808,'videos aula',219),(2809,'videoaula',219),(2810,'aulas de direito civil',219),(2811,'direito civil parte geral',219),(2812,'código civil',219),(2813,'art. 108 do código civil',219),(2814,'escritura pública',219),(2815,'forma especial para os negócios jurídicos',219),(2816,'forma especial',219),(2817,'forma prescrita em lei',219),(2818,'forma contrato imóveis',219),(2819,'escritura de imóveis',219),(2820,'procuração pública',219),(2821,'aulas rápidas',219),(2822,'aulas gratuitas',219),(2823,'iMovie',220),(2824,'videos aulas',220),(2825,'aulas de direito do trabalho',220),(2826,'férias',220),(2827,'clt',220),(2828,'férias vencidas',220),(2829,'rescisão férias',220),(2830,'art. 146 da CLT',220),(2831,'rescisão férias vencidas',220),(2832,'férias em dobro',220),(2833,'iMovie',221),(2834,'vídeos aula',221),(2835,'videoaulas',221),(2836,'aulas de direito civil',221),(2837,'direito civil parte geral',221),(2838,'negócios jurídicos',221),(2839,'escritura pública',221),(2840,'forma especial dos negócios jurídicos',221),(2841,'forma especial',221),(2842,'importancia da escritura pública',221),(2843,'instrumento público',221),(2844,'procuração pública',221),(2845,'art. 109 do código civil',221),(2846,'art. 109 do cc',221),(2847,'iMovie',222),(2848,'vídeos aula',222),(2849,'videoaulas',222),(2850,'aulas de direito civil',222),(2851,'direito civil parte geral',222),(2852,'negócios jurídicos',222),(2853,'escritura pública',222),(2854,'forma especial dos negócios jurídicos',222),(2855,'forma especial',222),(2856,'importancia da escritura pública',222),(2857,'instrumento público',222),(2858,'procuração pública',222),(2859,'art. 109 do código civil',222),(2860,'art. 109 do cc',222),(2861,'iMovie',223),(2862,'clt',223),(2863,'video aula',223),(2864,'aula de direito do trabalho',223),(2865,'férias',223),(2866,'férias proporcionais',223),(2867,'como calcular as férias',223),(2868,'iMovie',224),(2869,'vídeos aula',224),(2870,'videoaulas',224),(2871,'aulas de direito civil',224),(2872,'direito civil parte geral',224),(2873,'reserva mental',224),(2874,'o contratante não tem inteção de cumprir aquilo que declarou',224),(2875,'código civil parte geral',224),(2876,'manifestação da vontade',224),(2877,'negócios jurídicos',224),(2878,'exemplo de reserva mental',224),(2879,'reserva mental exemplos',224),(2880,'iMovie',225),(2881,'video aulas',225),(2882,'aulas de direito do trabalho',225),(2883,'ferias',225),(2884,'ferias proporcionais',225),(2885,'ferias proporcionais demissão por justa causa',225),(2886,'ferias proporcionais justa causa',225),(2887,'ferias proporcionais rescisão',225),(2888,'iMovie',226),(2889,'videoaula',226),(2890,'videos aula',226),(2891,'vídeo',226),(2892,'aula',226),(2893,'o silência importa anuência',226),(2894,'exemplo de silêncio',226),(2895,'silêncio',226),(2896,'o silêncio nos negócios jurídicos',226),(2897,'negócios jurídicos',226),(2898,'art. 111 do Código Civil',226),(2899,'Código Civil',226),(2900,'art. 111',226),(2901,'Art. 111 Código Civil',226),(2902,'silêncio art. 111',226),(2903,'aulas de direito do trabalho',227),(2904,'direito do trabalho',227),(2905,'férias',227),(2906,'natureza das férias',227),(2907,'natureza salarial das férias',227),(2908,'art. 148 da CLT',227),(2909,'ART. 449 da clt',227),(2910,'quando o empregado deve receber as férias',227),(2911,'direito',227),(2912,'iMovie',228),(2913,'vídeos aula',228),(2914,'vídeoaulas',228),(2915,'vídeos',228),(2916,'aulas de direito',228),(2917,'aulas de direito civil',228),(2918,'direito civil parte geral',228),(2919,'vontade das partes no contrato',228),(2920,'vontade contrato',228),(2921,'intenção contrato',228),(2922,'intenção negócio jurídico',228),(2923,'inteção sentido literal da linguagem',228),(2924,'artigo 112 do código civil',228),(2925,'Art. 112 do código civil',228),(2926,'sentido literal da linguagem',228),(2927,'manifetação de vontade intenção',228),(2928,'iMovie',229),(2929,'férias',229),(2930,'prescrição férias',229),(2931,'como conta a prescrição férias',229),(2932,'início da prescrição das férias',229),(2933,'termo inicial da prescrição das férias',229),(2934,'art 149 clt',229),(2935,'iMovie',230),(2936,'vídeos aula',230),(2937,'videoaulas',230),(2938,'art. 113',230),(2939,'código civil',230),(2940,'código civil parte geral',230),(2941,'boa-fé',230),(2942,'boa-fé nos contratos',230),(2943,'boa-fé nos negócios jurídicos',230),(2944,'usos do lugar',230),(2945,'negócios jurídicos usos do lugar',230),(2946,'boa-fé objetiva',230),(2947,'boa-fé subjetiva',230),(2948,'interpretação dos negócios jurídicos',230),(2949,'os negócios jurídicos devem ser interpretados conforme a boa-fé',230),(2950,'iMovie',231),(2951,'vídeos aula',231),(2952,'vídeoaulas',231),(2953,'direito civil',231),(2954,'direito civil parte geral',231),(2955,'código civil',231),(2956,'art. 114 do código civil',231),(2957,'intepretação estrita',231),(2958,'interpretação restritiva',231),(2959,'interpretação ampliativa',231),(2960,'negócios jurídicos benéficos',231),(2961,'negócios jurídicos gratuitos',231),(2962,'negócios benéficos',231),(2963,'renúncia',231),(2964,'renúncia de direitos',231),(2965,'interpretação do negócio jurídico',231),(2966,'iMovie',232),(2967,'videos aula',232),(2968,'vídeoaulas',232),(2969,'aulas de direito',232),(2970,'código civil',232),(2971,'direito civil parte geral',232),(2972,'representação',232),(2973,'representação voluntária',232),(2974,'representação legal',232),(2975,'representação convencional',232),(2976,'procuração',232),(2977,'mandato',232),(2978,'representar',232),(2979,'agir em nome de outrem',232),(2980,'tipos de representação',232),(2981,'tipos de representações',232),(2982,'iMovie',233),(2983,'videos aula',233),(2984,'videoaulas',233),(2985,'aulas de direito',233),(2986,'direito civil',233),(2987,'direito civil parte geral',233),(2988,'código civil parte geral',233),(2989,'representação',233),(2990,'procuração',233),(2991,'representação convencional',233),(2992,'representação legal',233),(2993,'representação voluntária',233),(2994,'limites dos poderes do representante',233),(2995,'poderes representação',233),(2996,'artigo 116 código civil',233),(2997,'iMovie',234),(2998,'vídeoaulas',234),(2999,'vídeos aulas',234),(3000,'aulas de direito civil',234),(3001,'código civil parte geral',234),(3002,'código civil',234),(3003,'art. 117 do código civil',234),(3004,'representação',234),(3005,'representante',234),(3006,'subtabelecimento',234),(3007,'procuração',234),(3008,'representado',234),(3009,'é anulável o negócio celebrado com o representante',234),(3010,'substabelecer',234),(3011,'mandato',234),(3012,'iMovie',235),(3013,'videos aula',235),(3014,'videoaulas',235),(3015,'aulas de direito civil',235),(3016,'direito civil parte geral',235),(3017,'código civil parte geral',235),(3018,'art. 118 do código civil',235),(3019,'representação',235),(3020,'procuração',235),(3021,'representação legal',235),(3022,'representação convencional',235),(3023,'representação voluntária',235),(3024,'prova da qualidade de representação',235),(3025,'representante',235),(3026,'representado',235),(3027,'extensão dos poderes',235),(3028,'poderes de representação',235),(3029,'responsabilidade da representação',235),(3030,'limites da representação',235),(3031,'iMovie',236),(3032,'videoaulas',236),(3033,'vídeo aula',236),(3034,'representação',236),(3035,'procuração',236),(3036,'conflito de interesses',236),(3037,'representante',236),(3038,'representado',236),(3039,'representação legal',236),(3040,'representação convencional',236),(3041,'art. 119 do código civil',236),(3042,'código civil parte geral',236),(3043,'aulas de direito civil',236),(3044,'conflito de interesses entre o representante e o representado',236),(3045,'iMovie',237),(3046,'video aulas',237),(3047,'vídeoaulas',237),(3048,'aulas de direito civil',237),(3049,'representação',237),(3050,'representação voluntária',237),(3051,'representação legal',237),(3052,'procuração',237),(3053,'artigo 120',237),(3054,'art. 120 do CC',237),(3055,'códito civil artigo 120',237),(3056,'iMovie',238),(3057,'video aulas',238),(3058,'videoaulas',238),(3059,'aulas de direito civil',238),(3060,'direito civil parte geral',238),(3061,'condição',238),(3062,'eficácia do negócio',238),(3063,'condição resolutiva',238),(3064,'condição suspensiva',238),(3065,'art. 121 do CC',238),(3066,'artigo 121 do código civil',238),(3067,'deriva exclusivamente da vontade das partes',238),(3068,'evento futuro e incerto',238),(3069,'iMovie',239),(3070,'vídeo aulas',239),(3071,'vídeoaulas',239),(3072,'condição',239),(3073,'eficácia do negócio jurídico',239),(3074,'condição suspensiva',239),(3075,'condição resolutiva',239),(3076,'art. 121 do código civil',239),(3077,'condição voluntária',239),(3078,'efeitos do negócio jurídico',239),(3079,'iMovie',240),(3080,'videoaulas',240),(3081,'video aulas',240),(3082,'aulas de direito civil',240),(3083,'direito civil parte geral',240),(3084,'condição',240),(3085,'condição suspensiva',240),(3086,'condição resolutiva',240),(3087,'implemento da condição',240),(3088,'frustração',240),(3089,'fase da pendência',240),(3090,'fases da condição',240),(3091,'iMovie',241),(3092,'videoaulas',241),(3093,'aulas de dirieto civil',241),(3094,'condição',241),(3095,'condição suspensiva',241),(3096,'art. 125 CC',241),(3097,'art. 125 código civil',241),(3098,'exemplo de condição suspensiva',241),(3099,'exemplo de negócio jurídico sob condição suspensiva',241),(3100,'iMovie',242),(3101,'videos aula',242),(3102,'aulas de direito civil',242),(3103,'negócios jurídicos',242),(3104,'condição',242),(3105,'artigo 127 do código civil',242),(3106,'artigo 128 do código civil',242),(3107,'condição resolutiva',242),(3108,'exemplo condição',242),(3109,'exemplo condição resolutiva',242),(3110,'evento futuro e incerto',242),(3111,'iMovie',243),(3112,'video aulas',243),(3113,'aulas de direito civil',243),(3114,'condição negócio jurídico',243),(3115,'condições ilícitas',243),(3116,'condições ilegais',243),(3117,'condições vedadas',243),(3118,'condições defesas',243),(3119,'condições puramente potestativa',243),(3120,'condições simplesmente potestativas',243),(3121,'potestativa',243),(3122,'exemplo condição potestativa',243),(3123,'condição ilícita negócio jurídico',243),(3124,'art. 122 do CC',243),(3125,'art. 123 do CC',243),(3126,'condição que privam de todo efeito o negócio jurídico',243),(3127,'condição perplexa',243),(3128,'condição contraditória',243),(3129,'condição incompreesível',243),(3130,'iMovie',244),(3131,'video aulas',244),(3132,'aulas de direito civil',244),(3133,'condição',244),(3134,'condição suspensiva impossível',244),(3135,'condição resolutiva impossivel',244),(3136,'condição impossível',244),(3137,'exemplo de condição impossível',244),(3138,'exemplo de condição impossível resolutiva',244),(3139,'exemplo de condição impossível suspensiva',244),(3140,'exemplo art. 123 Código Civil',244),(3141,'exemplo art. 124 Código Civil',244),(3142,'iMovie',245),(3143,'videoaulas',245),(3144,'aulas direito civil',245),(3145,'condição',245),(3146,'condição suspensiva',245),(3147,'exemplo art. 126 código civil',245),(3148,'exemplo art. 126',245),(3149,'Art. 126 do código civil',245),(3150,'código civil art. 126',245),(3151,'exemplo código civil art. 126',245),(3152,'se alguém dispuser de uma coisa sob condição suspensiva',245),(3153,'novas disposições não terão valor se realizada a condição',245),(3154,'novas disposições incompatíveis com a condição suspensiva',245),(3155,'iMovie',246),(3156,'videoaulas',246),(3157,'aulas de direito civil',246),(3158,'art 129 CC',246),(3159,'direito civil',246),(3160,'negócio juridico condição',246),(3161,'obsta a ocorrência da condição',246),(3162,'reputa-se verificada a condição',246),(3163,'iMovie',247),(3164,'condição e direito eventual',247),(3165,'video aulas',247),(3166,'direito eventual condição',247),(3167,'condição direito eventual',247),(3168,'art. 130 código civil',247),(3169,'exemplo art. 130 cc',247),(3170,'exemplo direito eventual',247),(3171,'iMovie',248),(3172,'videoaulas',248),(3173,'art. 131 CC',248),(3174,'art. 131 código civil',248),(3175,'código civil art. 131',248),(3176,'termo',248),(3177,'termo inicial',248),(3178,'termo final',248),(3179,'termo certo',248),(3180,'termo incerto',248),(3181,'termo essencial',248),(3182,'termo não essencial',248),(3183,'exemplo de termo inicial',248),(3184,'exemplo de termo',248),(3185,'exemplo de termo essencial',248),(3186,'exemplo de termo convencional',248),(3187,'exemplo de termo legal',248),(3188,'exemplo de termo de direito',248),(3189,'exemplo de termo de graça',248),(3190,'iMovie',249),(3191,'videoaulas',249),(3192,'termo inicial',249),(3193,'termo final',249),(3194,'prazo',249),(3195,'exemplo de termo inicial',249),(3196,'exemplo de termo final',249),(3197,'código civil art. 131',249),(3198,'iMovie',250),(3199,'videoaulas',250),(3200,'aulas direito civil',250),(3201,'prazo em dias',250),(3202,'prazo em meses',250),(3203,'prazo em anos',250),(3204,'meado',250),(3205,'se o prazo cai no feriado',250),(3206,'exemplo que prazos em dias',250),(3207,'exemplo de prazo em anos',250),(3208,'exemplo de prazos em meses',250),(3209,'como se conta o prazo em horas',250),(3210,'prazo em horas',250),(3211,'como se conta o prazo em dias',250),(3212,'como se conta o prazo de vencimento',250),(3213,'o que é prazo',250),(3214,'iMovie',251),(3215,'video aulas',251),(3216,'aulas de direito civil',251),(3217,'negócios jurídicos prazo',251),(3218,'art. 134 código civil',251),(3219,'código civil art 134',251),(3220,'negóicos jurídicos entre vivos sem prazo',251),(3221,'iMovie',252),(3222,'video aulas',252),(3223,'prazo em favor do herdeiro',252),(3224,'prazo em favor do devedor',252),(3225,'art. 133 código civil',252),(3226,'art. 133',252),(3227,'exemplo de prazo em favor de herdeiro',252),(3228,'exemplo de prazo em favor do devedor',252),(3229,'iMovie',253),(3230,'video aulas',253),(3231,'aulas de direito civil',253),(3232,'Encargo',253),(3233,'Modo',253),(3234,'Elemento acessório',253),(3235,'Elemento acidental',253),(3236,'doação modal',253),(3237,'encargo negócios jurídico',253),(3238,'modo negócios jurídicos',253),(3239,'doação com encargo',253),(3240,'iMovie',254),(3241,'encargo',254),(3242,'modo',254),(3243,'video aulas',254),(3244,'aulas de direito civil',254),(3245,'exemplo de encargo',254),(3246,'exemplo de encargo imposto como condição suspensiva',254),(3247,'exemplo de modo',254),(3248,'encargo negócios jurídicos',254),(3249,'iMovie',255),(3250,'vídeo aulas',255),(3251,'aulas de direito civil',255),(3252,'encargo',255),(3253,'obrigatoriedade do encargo',255),(3254,'é obrigada a cumprir o encargo',255),(3255,'o encargo é obrigatório',255),(3256,'o que acontece se não cumprir o encargo',255),(3257,'exemplo de encargo',255),(3258,'iMovie',256),(3259,'video aulas',256),(3260,'aulas de direito civil',256),(3261,'art. 137 cc',256),(3262,'exemplo encargo ilícito',256),(3263,'exemplo encargo impossível',256),(3264,'encargo como motivo determinante',256),(3265,'exemplo de encargo motivo determinante',256),(3266,'tem-se por não escrito o encargo',256),(3267,'encargo',256),(3268,'iMovie',257),(3269,'video aulas',257),(3270,'condiçao termo encargo',257),(3271,'negócios jurídicos',257),(3272,'exemplo de condição',257),(3273,'exemplo encargo',257),(3274,'exemplo de termo',257),(3275,'diferença entre condição termo encargo',257),(3276,'iMovie',258),(3277,'videoaulas',258),(3278,'video aulas',258),(3279,'aulas de direito civil',258),(3280,'defeitos do negócio',258),(3281,'defeitos do negócio jurídico',258),(3282,'vícios do consentimento',258),(3283,'vícios sociais',258),(3284,'conceito de defeitos do negócio jurídico',258),(3285,'iMovie',259),(3286,'videos aulas',259),(3287,'aulas de direito civil',259),(3288,'direito civil parte geral',259),(3289,'erro',259),(3290,'vícios do consentimento',259),(3291,'art. 138 código civil',259),(3292,'erro negócios jurídicos',259),(3293,'erro substancial',259),(3294,'erro acidental',259),(3295,'requisitos do erro',259),(3296,'erro escusável',259),(3297,'enunciado 12 da I Jornada de Direito Civil',259),(3298,'iMovie',260),(3299,'video aulas',260),(3300,'aulas de direito civil',260),(3301,'direito civil parte geral',260),(3302,'erro',260),(3303,'erro substancial',260),(3304,'erro quanto a natureza do negocio',260),(3305,'exemplo de erro substancial',260),(3306,'exemplo de erro quanto a natureza do negócio',260),(3307,'iMovie',261),(3308,'video aulas',261),(3309,'aulas de direito civil',261),(3310,'erro substancial',261),(3311,'erro sobre objeto do negócio',261),(3312,'erro sobre a qualidade do objeto',261),(3313,'exemplo de erro sobre o objeto',261),(3314,'exemplo de erro quanto a qualidade do objeto',261),(3315,'art. 139 CC exemplo',261),(3316,'exemplo de erro substancial',261),(3317,'iMovie',262),(3318,'vídeo aulas',262),(3319,'aulas de direito civil',262),(3320,'direito civil parte geral',262),(3321,'erro',262),(3322,'vícios do consentimento',262),(3323,'defeitos do negócio jurídico',262),(3324,'erro sobre a pessoa',262),(3325,'erro quanto a pessoa',262),(3326,'erro pessoa',262),(3327,'erro substancial',262),(3328,'iMovie',263),(3329,'video aulas',263),(3330,'aulas de direito civil',263),(3331,'direito civil parte geral',263),(3332,'vícios do consentimento',263),(3333,'erro',263),(3334,'erro substancial',263),(3335,'erro de direito',263),(3336,'exemplo de erro de direito',263),(3337,'iMovie',264),(3338,'video aulas',264),(3339,'aulas de direito civil',264),(3340,'art 14 código civil',264),(3341,'falso motivo',264),(3342,'motivo expresso como razão determinante',264),(3343,'erro quanto ao motivo',264),(3344,'código civil parte geral',264),(3345,'erro',264),(3346,'vícios do consentimento',264),(3347,'o erro não vicia a declaração de vontade',264),(3348,'exemplo de falso motivo',264),(3349,'exemplo de erro quanto ao motivo',264),(3350,'iMovie',265),(3351,'video aulas',265),(3352,'aulas de direito civil',265),(3353,'direito civil parte geral',265),(3354,'erro',265),(3355,'exemplo de meios interpostos',265),(3356,'art. 141 do código civil',265),(3357,'meios interpostos',265),(3358,'declaração errônea da vontade',265),(3359,'iMovie',266),(3360,'vídeo aulas',266),(3361,'erro',266),(3362,'erro acidental',266),(3363,'exemplo de erro acidental',266),(3364,'erro de indicação da pessoa',266),(3365,'erro de indicação da coisa',266),(3366,'erro de cálculo',266),(3367,'erro quanto a qualidade secundária da pessoa',266),(3368,'erro quanto a qualidade secundária do objeto',266),(3369,'erro acidental objeto',266),(3370,'erro acidental coisa',266),(3371,'erro acidental pessoa',266),(3372,'erro acidental calculo',266),(3373,'art. 142 do código civil',266),(3374,'iMovie',267),(3375,'video aulas',267),(3376,'aulas de direito civil',267),(3377,'erro',267),(3378,'art. 144 do código civil',267),(3379,'exemplo do art. 144 do código civil',267),(3380,'vícios do consentimento',267),(3381,'defeito dos negócios jurídicos',267),(3382,'se oferecer para exercutá-la na conformidade da vontade real do manifestante',267),(3383,'iMovie',268),(3384,'vídeo aulas',268),(3385,'aulas de direito civil',268),(3386,'defeitos do negócio jurídico',268),(3387,'dolo',268),(3388,'vícios do consentimento',268),(3389,'dolo principal',268),(3390,'dolo acidental',268),(3391,'dolo negócio jurídico',268),(3392,'art. 145 do código civil',268),(3393,'art. 146 do código civil',268),(3394,'iMovie',269),(3395,'dolo',269),(3396,'dolo omissivo',269),(3397,'dolo negativo',269),(3398,'exemplo de dolo omissivo',269),(3399,'dolo comissivo',269),(3400,'vicios do consentimento',269),(3401,'exemplo de dolo comissivo',269),(3402,'dolo positivo',269),(3403,'iMovie',270),(3404,'vícios do consentimento',270),(3405,'dolo',270),(3406,'dolo de terceiro',270),(3407,'exemplo de dolo de terceiro',270),(3408,'defeitos do negócio jurídico',270),(3409,'dolo terceiro',270),(3410,'iMovie',271),(3411,'aulas de direito civil',271),(3412,'dolo do representante',271),(3413,'dolo do representante legal',271),(3414,'dolo do respresentante convencional',271),(3415,'exemplo de dolo do representane',271),(3416,'dolo representante',271),(3417,'video aulas',271),(3418,'video aulas',272),(3419,'aulas de direito civil',272),(3420,'dolo',272),(3421,'exemplo dolo ambas as partes',272),(3422,'exemplo art. 150 código civil',272),(3423,'dolo bilateral',272),(3424,'dolo recíproco',272),(3425,'exemplo dolo bilateral',272),(3426,'exemplo dolo recíproco',272),(3427,'coação',273),(3428,'coação absoluta',273),(3429,'coação relativa',273),(3430,'coação física',273),(3431,'coação moral',273),(3432,'exemplo de coação absoluta',273),(3433,'exemplo coação física',273),(3434,'exemplo coação moral',273),(3435,'exemplo coação relativa',273),(3436,'iMovie',274),(3437,'aulas de direito civil',274),(3438,'direito civil',274),(3439,'coação',274),(3440,'exemplo de coação',274),(3441,'requisitos coação',274),(3442,'artigo 151 código civil',274),(3443,'dano iminente',274),(3444,'dano considerável',274),(3445,'fundado temor',274),(3446,'iMovie',275),(3447,'coação',275),(3448,'gravidade da coação',275),(3449,'coação grave',275),(3450,'o juiz vai analisar se houve coação',275),(3451,'art. 152',275),(3452,'iMovie',276),(3453,'temor reverencial',276),(3454,'art. 153 código civil',276),(3455,'ameaça do exercício normal de um direito',276),(3456,'ameaça do exercício regular de um direito',276),(3457,'coação',276),(3458,'não é coação',276),(3459,'temor resistível',276),(3460,'ameaça injusta',276),(3461,'ameaça justa',276),(3462,'iMovie',277),(3463,'video aulas',277),(3464,'aulas de direito civil',277),(3465,'coação de terceiro',277),(3466,'coação',277),(3467,'vícios do consentimento',277),(3468,'coação vicia o negócio jurídico',277),(3469,'exemplo de coação de terceiro',277),(3470,'vícios do consentimento',278),(3471,'estado de perigo',278),(3472,'aulas de direito civil',278),(3473,'vídeo aulas de direito civil',278),(3474,'artigo 156 código civil',278),(3475,'exemplo estado de perigo',278),(3476,'obrigação excessivamente onerosa',278),(3477,'lesao',279),(3478,'vicios do consentimento',279),(3479,'premente necessidade',279),(3480,'inexperiência',279),(3481,'defeitos dos negócios jurídicos',279),(3482,'art 157 código civil',279),(3483,'exemplo de lesão',279),(3484,'Estado de Perigo',280),(3485,'vícios do consentimento',280),(3486,'lesão',280),(3487,'art 157 código civil',280),(3488,'desproporção entre as prestações',280),(3489,'suplemento do valor',280),(3490,'redução do proveito',280),(3491,'lesão 157',280),(3492,'fraude contra credores',281),(3493,'defeitos do negócio jurídico',281),(3494,'vício social',281),(3495,'devedor insolvente',281),(3496,'credor quirografário',281),(3497,'vício fraude contra credores',281),(3498,'ação pauliana',282),(3499,'fraude contra credores',282),(3500,'ação revocatória',282),(3501,'credor quirografário',282),(3502,'devedor insolvente',282),(3503,'autor da ação pauliana',282),(3504,'réu da ação pauliana',282),(3505,'art. 158 código civil',282),(3506,'art. 165 código civil',282),(3507,'art. 161 código civil',282),(3508,'Estado de Perigo',283),(3509,'eventus damni',283),(3510,'consilium fraudis',283),(3511,'requisitos fraude contra credores',283),(3512,'fraude contra credores',283),(3513,'negócio ordinários para manutenção do devedor',283),(3514,'anterioridade do crédito',283),(3515,'ARt. 158 CC',283),(3516,'Art. 164 do CC',283),(3517,'iMovie',284),(3518,'pje',284),(3519,'peticionamento no pje',284),(3520,'como peticionar no pje',284),(3521,'como peticionar no processo eletrônico',284),(3522,'processo eletrônico',284),(3523,'iMovie',285),(3524,'juiz estadual',285),(3525,'juiz de direito',285),(3526,'juiz da vara criminal',285),(3527,'profissão de juiz',285),(3528,'o que faz um juiz',285),(3529,'como passar no concurso para juiz',285),(3530,'iMovie',286),(3531,'juri',286),(3532,'tribunal do juri',286),(3533,'juiz do juri',286),(3534,'o que faz um juiz no juri',286),(3535,'como é um juri',286),(3536,'papel do juiz no juri',286),(3537,'iMovie',287),(3538,'profissao',287),(3539,'delegado',287),(3540,'delegado policia federal',287),(3541,'o que faz o delegado',287),(3542,'direito em tela',288),(3543,'dicas de concurso público',288),(3544,'dicas de estudo para concurso',288),(3545,'iMovie',289),(3546,'terrorismo',289),(3547,'atos terroristas',289),(3548,'terrorismo no brasil',289),(3549,'o que é terrorismo',289),(3550,'brasil terrorismo',289),(3551,'ameaça terrorista',289),(3552,'atentados terroristas',289),(3553,'el terrorismo',289),(3554,'direito em tela',289),(3555,'iMovie',290),(3556,'dicas para estudar',290),(3557,'como estudar',290),(3558,'como passsar em concurso',290),(3559,'como estudar para concurso público',290),(3560,'métodos de estudo',290),(3561,'como passar na prova da oab',290),(3562,'como passar no concurso',290),(3563,'vídeos aula',290),(3564,'aulas de direito',290),(3565,'concurso público',290),(3566,'exame da oab',290),(3567,'como estudar mais',290),(3568,'como estudar melhor',290),(3569,'como estudar direito',290),(3570,'como estudar sozinho',290),(3571,'ministério público concurso',290),(3572,'ministério público',290),(3573,'dicas estudo concurso',290),(3574,'dicas de estudo',290),(3575,'dicas estudo oab',290),(3576,'iMovie',291),(3577,'procuradoria da república',291),(3578,'profissões',291),(3579,'profissão',291),(3580,'profissões do Direito',291),(3581,'Teste vocacional',291),(3582,'Procurador',291),(3583,'Procurador Federal',291),(3584,'Direito em Tela',291),(3585,'direito',291),(3586,'MP',291),(3587,'MPF',291),(3588,'PROCURADORIA DA REPUBLICA',291),(3589,'PROCURADOR FEDERAL',291),(3590,'CONCURSO PROCURADOR FEDERAL',291),(3591,'CONCURSO PROCURADORIA FEDERAL',291),(3592,'O QUE FAZ O PROCURADOR?',291),(3593,'O QUE FAZ O PROCURADOR DA REPUBLICA?',291),(3594,'CONCURSO PROCURADOR',291),(3595,'iMovie',292),(3596,'bens',292),(3597,'vídeos aula',292),(3598,'aulas de direito civil',292),(3599,'bens considerados em si mesmos',292),(3600,'bens reciprocamente considerados',292),(3601,'bens móveis',292),(3602,'bens imóveis',292),(3603,'bens fungíveis',292),(3604,'bens infungíveis',292),(3605,'bens consumíveis',292),(3606,'bens inconsumiveis',292),(3607,'bens divisíveis',292),(3608,'bens indivisíveis',292),(3609,'bens singulares',292),(3610,'bens coletivos',292),(3611,'beneitorias',292),(3612,'benefeitorias necessárias',292),(3613,'benfeitorias úteis',292),(3614,'benefetorias voluptuárias',292),(3615,'acessões',292),(3616,'pertenças',292),(3617,'acessórios',292),(3618,'bem principal',292),(3619,'bem',292),(3620,'iMovie',293),(3621,'videos aula',293),(3622,'aulas online',293),(3623,'vídeos de direito',293),(3624,'direito civil',293),(3625,'direito constitucional',293),(3626,'aulas de direito civil',293),(3627,'aulas de direito constitucional',293),(3628,'aulas de direito do trabalho',293),(3629,'concurso público',293),(3630,'exame da oab',293),(3631,'aulas rapidas',293),(3632,'aulas gratuitas',293),(3633,'video aula',293),(3634,'lei de introdução',293),(3635,'clt',293),(3636,'iMovie',294),(3637,'videos aula',294),(3638,'aulas de direito',294),(3639,'resumo de direito',294),(3640,'LICC',294),(3641,'vacatio legis',294),(3642,'revogação',294),(3643,'revogação expressa',294),(3644,'revogação tacita',294),(3645,'obrigatoriedade da lei',294),(3646,'lacuna na lei',294),(3647,'omissão na lei',294),(3648,'colmatação de lacunas',294),(3649,'irretroatividade',294),(3650,'retroatividade',294),(3651,'funcão social da lei',294),(3652,'territorialidade',294),(3653,'subsunção',294),(3654,'vacancia da lei',294),(3655,'extraterritorialidade',294),(3656,'função social dos contratos',294),(3657,'ab-rogação',294),(3658,'derrogação',294),(3659,'iMovie',295),(3660,'vídeos aula',295),(3661,'concurso público',295),(3662,'dicas de concurso',295),(3663,'prova da OAB',295),(3664,'direito em tela',295),(3665,'iMovie',296),(3666,'discurso',296),(3667,'direito em tela',296),(3668,'Karen Schubert Reimer',296),(3669,'paraninfo',296),(3670,'discurso paraninfo',296),(3671,'discurso formatura de direito',296),(3672,'discurso univille',296),(3673,'iMovie',297),(3674,'súmula 450 do TST',297),(3675,'direito do trabalho',297),(3676,'vídeos aula',297),(3677,'exame da OAB',297),(3678,'pagamento em dobro das fériaqs',297),(3679,'quando devem ser pagas as férias',297),(3680,'quando o empregado deve receber as férias',297),(3681,'como pagar as férias',297),(3682,'art. 134 da CLT',297),(3683,'gozo das férias',297),(3684,'ricardo pedro inácio schubert',297),(3685,'fábio schubert gelbcke',297),(3686,'concurso público',297),(3687,'aulas de direito',297),(3688,'vídeos de direito',297),(3689,'direito em tela',297),(3690,'aulas gratis',297),(3691,'AULAS DE DIREITO DO TRABALHO',297),(3692,'VIDEOS GRAUITOS',297),(3693,'DIREITO EM TELA',297),(3694,'SABER DIREITO',297),(3695,'iMovie',298),(3696,'dicas',298),(3697,'vídeos aula',298),(3698,'direito em tela',298),(3699,'dicas para concurso',298),(3700,'como estudar para OAB',298),(3701,'como estudar para concurso',298),(3702,'iMovie',299),(3703,'concurso público',299),(3704,'dicas',299),(3705,'direito em tela',299),(3706,'vídeos aula',299),(3707,'dicas de concurso',299),(3708,'vídeos de concurso',299),(3709,'concurso da OAB',299),(3710,'concurso magistratura',299),(3711,'concurso ministério público',299),(3712,'iMovie',300),(3713,'concurso público',300),(3714,'como estudar para concurso',300),(3715,'como estudar para passar no concurso?',300),(3716,'vídeos aula',300),(3717,'dicas de concurso',300),(3718,'como estudar para OAB',300),(3719,'prova da OAB',300),(3720,'Renato Maia de Farias',300),(3721,'direito em tela',300),(3722,'vídeo de como estudar para concurso',300),(3723,'concurseiros',300),(3724,'concursandos',300),(3725,'concurso para promotor de justiça',300),(3726,'iMovie',301),(3727,'dicas',301),(3728,'concurso público',301),(3729,'Luiz carlos Roveda',301),(3730,'vídeos aula',301),(3731,'vídeos de como passar em concurso público',301),(3732,'dicas de como passar em concurso',301),(3733,'dicas de sentença para concurso',301),(3734,'concurseiros',301),(3735,'concursandos',301),(3736,'iMovie',302),(3737,'Lei 12997/14',302),(3738,'motoboy',302),(3739,'motocicleta',302),(3740,'adicional de periculosidade',302),(3741,'Art. 193 da CLT',302),(3742,'Ricardo Schubert',302),(3743,'Fabio Gelbcke',302),(3744,'trabalhador',302),(3745,'empregado',302),(3746,'moto',302),(3747,'acidente de moto',302),(3748,'vídeos aula',302),(3749,'aulas de direito',302),(3750,'vídeos de direito',302),(3751,'aulas rápidas',302),(3752,'exame da oab',302),(3753,'concurso público',302),(3754,'aulas',302),(3755,'aprendendo direito',302),(3756,'periculosidade',302),(3757,'saber direito',302),(3758,'iMovie',303),(3759,'DICAS DE ESTUDO',303),(3760,'CONSURSO PÚBLICO',303),(3761,'DIREITO EM TELA',303),(3762,'EXAME DA OAB',303),(3763,'VIDEOS AULA',303),(3764,'aulas gratis',303),(3765,'como estudar para concurso público',303),(3766,'como passar em concurso',303),(3767,'como passar no exame da oab',303),(3768,'como estudar',303),(3769,'direito do trabalho',304),(3770,'Igualdade de salario',304),(3771,'Art. 461 da CLT',304),(3772,'salário iguais',304),(3773,'princípio da igualdade',304),(3774,'empregados com a mesma função',304),(3775,'vídeos aula',304),(3776,'aulas de direito',304),(3777,'aulas rápidas',304),(3778,'saber direito',304),(3779,'AULAS DE DIREITO DO TRABALHO',304),(3780,'CLT',304);
/*!40000 ALTER TABLE `videos_tag` ENABLE KEYS */;
UNLOCK TABLES;

--
-- Table structure for table `videos_video`
--

DROP TABLE IF EXISTS `videos_video`;
/*!40101 SET @saved_cs_client     = @@character_set_client */;
/*!40101 SET character_set_client = utf8 */;
CREATE TABLE `videos_video` (
  `id` int(11) NOT NULL AUTO_INCREMENT,
  `title` varchar(150) NOT NULL,
  `description` longtext NOT NULL,
  `yt_id` longtext NOT NULL,
  `date_created` datetime(6) NOT NULL,
  `published_at_yt` datetime(6) DEFAULT NULL,
  `thumbnail` varchar(100) NOT NULL,
  `thumbnail_ratio` varchar(255) NOT NULL,
  `yt_title` varchar(300) NOT NULL,
  `yt_lesson_number` varchar(4) NOT NULL,
  `professor_id` int(11) DEFAULT NULL,
  PRIMARY KEY (`id`),
  KEY `videos_video_fa68148b` (`professor_id`),
  CONSTRAINT `videos__professor_id_15de3372dc136918_fk_categories_professor_id` FOREIGN KEY (`professor_id`) REFERENCES `categories_professor` (`id`)
) ENGINE=InnoDB AUTO_INCREMENT=305 DEFAULT CHARSET=latin1;
/*!40101 SET character_set_client = @saved_cs_client */;

--
-- Dumping data for table `videos_video`
--

LOCK TABLES `videos_video` WRITE;
/*!40000 ALTER TABLE `videos_video` DISABLE KEYS */;
INSERT INTO `videos_video` VALUES (1,'Pessoa Natural e Personalidade - Art. 1º do CC','Nessa aula a prof. Séfora explica o Art. 1º do Código Civil, ensinando o conceito de pessoa natural e personalidade.','z1ZpFoOgH5k','2016-11-26 21:45:51.247817','2016-11-05 11:18:29.000000','thumbnails/1/9Rx8ACWCRjw5ib5vYqCa3G','0,21280,718','Direito Civil -  Aula 01(nova aula) -  Art. 1º do CC  - Pessoa Natural e Personalidade','',NULL),(2,'Art. 1º do CTB','Nessa aula o prof. André ensina o Art. 1º do  Código de Trânsito Brasileiro.','bzR-FMqgt8c','2016-11-26 21:45:51.500597','2016-03-09 22:18:51.000000','thumbnails/2/sjBTGT4rkqo5dLgBPpg5GD','0,21280,718','Código de Trânsito - Aula 01 - Art. 1º do CTB','',NULL),(3,'Vacatio legis - Art. 1º Decreto - lei 4657/42','Nessa aula a prof. Séfora ensina tudo que você precisa saber sobre Vacatio legis, quando inicia; quando a lei entra em vigor e como se conta.\nVisite nosso site: http://www.direitoemtela.com.br','jOOZIiXZUkQ','2016-11-26 21:45:51.651113','2015-04-01 14:35:26.000000','thumbnails/3/u3yZWR6bszikKFkBWPBe8R','0,21280,718','Lei de Introdução - Aula 01 - Vacatio legis - Art. 1º Decreto-lei 4657/42','',NULL),(4,'Resumo da Constituição de 1824','Nessa aula a Prof. Séfora ensina as principais características da Constituição do Império de 1824.','lmYScjGKctk','2016-11-26 21:45:51.786463','2014-08-01 13:41:30.000000','thumbnails/4/362pbTNjZfmkmFes2ugXS4','0,61640,419','Constituições Brasileiras - Aula 01 - Resumo da Constituição de 1824','',NULL),(5,'Art. 1º da CLT.','Neste vídeo o Prof. Ricardo leciona sobre o Artigo 1º da CLT, explicando a diferença entre relação individual e coletiva de trabalho.','CRNDbCOswDs','2016-11-26 21:45:51.911465','2014-05-06 20:28:17.000000','thumbnails/5/vWDd5RsmUPbWXgJ5zVbfTH','0,61640,419','Direito do Trabalho - Aula 01 - Art. 1º da CLT.','',NULL),(6,'Pessoa e Personalidade - Art. 1º do Cóódigo Civil','Nessa aula a prof. Sefora explica o Art. 1º do Código Civil que trata da pessoa e da personalidade. Pessoa é o ser humano e Personalidade é a aptidão que toda pessoa tem de adquirir direitos e contrair deveres na ordem civil.','G293HHwtpIU','2016-11-26 21:45:52.000000','2014-02-11 04:06:34.000000','thumbnails/6/TuGhyC3Yw6JAuZoJz6WXNY','0,21280,718','Direito Civil - Aula 01 - Pessoa e Personalidade - Art. 1º do Código Civil','',1),(7,'Art. 1º da CLT.','Neste vídeo o Prof. Ricardo leciona sobre o Artigo 1º da CLT, explicando a diferença entre relação individual e coletiva de trabalho.','CRNDbCOswDs','2016-11-26 21:45:52.209663','2014-05-06 20:28:17.000000','thumbnails/7/ThidHEo5fUkABWCQQHRxfD','0,61640,419','Direito do Trabalho - Aula 01 - Art. 1º da CLT.','',NULL),(8,'Pessoa e Personalidade - Art. 1º do Cuódigo Civil','Nessa aula a prof. Sefora explica o Art. 1º do Código Civil que trata da pessoa e da personalidade. Pessoa é o ser humano e Personalidade é a aptidão que toda pessoa tem de adquirir direitos e contrair deveres na ordem civil.','G293HHwtpIU','2016-11-26 21:45:52.000000','2014-02-11 04:06:34.000000','thumbnails/8/hiUPS63Z9NWNGBChsipBAn','0,21280,718','Direito Civil - Aula 01 - Pessoa e Personalidade - Art. 1º do Código Civil','',1),(9,'Vias Terrestres - Art. 2º do CTB (nova redação Lei 13.146/15)','Nessa aula o Prof. André ensina o conceito de vias terrestres, segundo o Código de Trânsito Brasileiro, inclusive com a nova redação do parágrafo único do Art. 2º, conferida pela Lei 13.146/15.','Gec4tJ-h2rc','2016-11-26 21:45:52.431144','2016-03-11 12:32:36.000000','thumbnails/9/XFXjCTdjKKewUAAmEMDXXc','0,21280,718','Código de Trânsito - Aula 02 - Art. 2º do CTB (nova redação Lei 13.146/15) -Vias Terrestres','',NULL),(10,'Vacatio legis em Caso de Correção da Lei','Nessa aula a prof. Séfora ensina sobre o parágrafo 3º e 4º, do Art. 1º da Lei de Introdução, que trata especificamente da correção de lei.\nVisite nosso site: http://www.direitoemtela.com.br','ijShdvVqFUA','2016-11-26 21:45:52.586175','2015-04-07 14:31:55.000000','thumbnails/10/TzZJ3RnWAn6reCyCRkPBRK','0,21280,718','Lei de Introdução - Aula 02 - Vacatio legis em Caso de Correção da Lei','',NULL),(11,'O Advogado é Indispensável - Art. 2º da Lei 8.906/94','Nessa aula o Prof. Ricardo comenta o Art. 2º do Estatuto da OAB, que determina que o Advogado é indispensável à administração da Justiça. \nVisite nosso site: www.direitoemtela.com.br','LipHNjsYrok','2016-11-26 21:45:52.744966','2015-03-23 12:40:05.000000','thumbnails/11/yjbHKA9X8DEtzWTbx8UY6g','0,21280,718','Estatuto da OAB - Aula 02 - O Advogado é Indispensável - Art. 2º da Lei 8.906/94','',NULL),(12,'Resumo da Constituição de 1891.','Nesse vídeo a Prof. Séfora explica as características relevantes da primeira Constituição da República, 1891.','bzarT-pv0eg','2016-11-26 21:45:52.923783','2014-08-18 19:55:49.000000','thumbnails/12/vcxmWtRhuv7YeZq7CXYxk6','0,61640,419','Constituições Brasileiras - Aula 02 - Resumo da Constituição de 1891.','',NULL),(13,'Classificação das Constituições','Nesse vídeo a Prof. Séfora ensina a classificação das constituições conforme a doutrina dominante.','psxXBtEnisE','2016-11-26 21:45:53.039537','2014-07-07 20:08:23.000000','thumbnails/13/vZSbmjXTokJ8v7DDTYEkgQ','0,21280,718','Direito Constitucional - Aula 02 - Classificação das Constituições','',NULL),(14,'Objeto do Direito do Trabalho - Art. 2º da CLT','Neste vídeo o prof. Ricardo detalha o objeto do Direito do Trabalho e explica a diferença existente entre relação de emprego e relação de trabalho.','J_BhQm4CaDA','2016-11-26 21:45:53.239413','2014-05-06 20:36:31.000000','thumbnails/14/w4qfFvgW5BKPyE9Byu934B','0,21280,718','Direito do Trabalho - Aula 02 - Art. 2º da CLT - Objeto do Direito do Trabalho','',NULL),(15,'A Capacidade no Artigo 1º do Código Civil','Neste vídeo a Prof. Séfora explica o conceito de capacidade no contexto do Artigo 1o do Código Civil, explicitando a difenrença entre a capacidade de adquirir um direito e a capacidade de exercê-lo.','1dg6-E81q_A','2016-11-26 21:45:53.389558','2014-02-21 01:48:42.000000','thumbnails/15/whjmzKmWGYceeux8hY5W94','0,21280,718','Direito Civil - Aula 02 - A Capacidade no Artigo 1º do Código Civil','',NULL),(16,'A Capacidade no Artigo 1º do Código Civil','Neste vídeo a Prof. Séfora explica o conceito de capacidade no contexto do Artigo 1o do Código Civil, explicitando a difenrença entre a capacidade de adquirir um direito e a capacidade de exercê-lo.','1dg6-E81q_A','2016-11-26 21:45:53.536483','2014-02-21 01:48:42.000000','thumbnails/16/yxVuYqF96bRo66nbt3NvmM','0,21280,718','Direito Civil - Aula 02 - A Capacidade no Artigo 1º do Código Civil','',NULL),(17,'Resumo da Constituição de 1934','Nessa aula Prof. Séfora destaca os aspectos mais importantes da Constituição de 1934.','tY2BD33b2Zw','2016-11-26 21:45:53.675936','2015-07-23 17:16:38.000000','thumbnails/17/opPkrZ2bNgqcFPP8aKuF5T','0,21280,718','Constituições Brasileiras - Aula 03 - Resumo da Constituição de 1934','',NULL),(18,'A Personalidade e o Nascimento com Vida - Art. 2º do Código Civil','Nessa aula a Prof. Séfora ensina que a personalidade da pessoa começa com o nascimento dom vida, mas a lei também protege o nascituro desde a sua concepção.\nVisite nosso site: http://www.direitoemtela.com.br','4VQWNy46psc','2016-11-26 21:45:54.400525','2015-04-20 13:29:27.000000','thumbnails/18/eCjhfoX4cdX4btQtRHVfi7','0,21280,718','Direito Civil - Aula 03 -  A Personalidade e o Nascimento com Vida - Art. 2º do Código Civil','',NULL),(19,'Revogação da Lei - Art. 2º Decreto - lei 4657/42','Nessa aula a Prof. Séfora explica o instituto da vigência e da revogação de uma lei, ensinando a diferença entre lei permanente e lei temporária, bem como a diferença entre ab-rogação e derrogação.\nVisite nosso site: http://www.direitoemtela.com.br','t7_uHDESHFs','2016-11-26 21:45:55.204564','2015-04-17 00:37:50.000000','thumbnails/19/u6MaFB7FnFrzfgxVA8ZaYQ','0,21280,718','Lei de Introdução - Aula 03 - Revogação da Lei - Art. 2º Decreto-lei 4657/42','',NULL),(20,'Exercício da Advocacia e a Denominação de Advogado Art. 3º EOAB','Nessa aula o Prof. Ricardo explica o Art. 3o do Estatuto da OAB, que trata do exercício da advocacia e da inscrição na OAB.\nVisite nosso site: http://www.direitoemtela.com.br','dFn5QLQJ9SU','2016-11-26 21:45:55.454862','2015-03-23 12:44:20.000000','thumbnails/20/uq5wCtCJnajeXYJPTn2YLB','0,21280,718','Estatuto da OAB - Aula 03 - Exercício da Advocacia e a Denominação de Advogado Art. 3º EOAB','',NULL),(21,'Classificação da Constituição 1988','Nesse vídeo a Prof. Séfora ensina a classificação da Constituição da República Federativa do Brasil de 1988.','4JKsTiNtN8w','2016-11-26 21:45:55.684363','2014-07-24 13:40:50.000000','thumbnails/21/3xUbsUKFEff5Sro2SvEPdb','0,21280,718','Direito Constitucional - Aula 03 - Classificação da Constituição 1988','',NULL),(22,'Conceito de Empresa - Art. 2º da CLT','Neste vídeo o prof. Ricardo detalha o conceito de empresa exposto no artigo 2o da CLT, comentando ainda sobre a relação do empregador com seu empregado.','_p6cUH_TYBM','2016-11-26 21:45:55.861382','2014-03-12 19:23:30.000000','thumbnails/22/VJ28cYQJtd67dXjma3i6Va','0,21280,718','Direito do Trabalho - Aula 03 - Art. 2º da CLT - Conceito de Empresa','',NULL),(23,'Conceito de Empresa - Art. 2º da CLT','Neste vídeo o prof. Ricardo detalha o conceito de empresa exposto no artigo 2o da CLT, comentando ainda sobre a relação do empregador com seu empregado.','_p6cUH_TYBM','2016-11-26 21:45:56.045354','2014-03-12 19:23:30.000000','thumbnails/23/pSxGFmEuS4nxdYuScDfEYP','0,21280,718','Direito do Trabalho - Aula 03 - Art. 2º da CLT - Conceito de Empresa','',NULL),(24,'Diferenças entre Princípios e Regras','Nessa aula a prof. Séfora explica a diferença existente entre Regras e Princípios Constitucionais.\nPara assistir mais vídeos, acesse nosso site: http://www.direitoemtela.com.br','oCpVnGdWMsU','2016-11-26 21:45:56.183324','2015-08-26 18:24:08.000000','thumbnails/24/YCxQjubYZ2HCzwLkFh8Aoj','0,21280,718','Direito Constitucional - Aula 04 - Diferenças entre Princípios e Regras','',NULL),(25,'Nascituro - Art. 2º do Código Civil','Nessa aula a prof. Séfora ensina quais os direitos que são assegurados ao nascituro e quais são os direitos que ficam sob condição suspensiva. \nVisite nosso site: http://www.direitoemtela.com.br','pNBL883jUaM','2016-11-26 21:45:56.349618','2015-05-07 01:53:08.000000','thumbnails/25/mrBDPhwcznd5HeizNF7whe','0,21280,718','Direito Civil -  Aula 04 - Nascituro - Art. 2º do Código Civil','',NULL),(26,'Revogação Expressa e Tácita - Art. 2º Decreto Lei 4657/42','Nessa aula a prof. Séfora explica o Art. 2º do Decreto-lei 4657/42 que trata da revogação expressa e tácita da lei.\nVisite nosso site: http://www.direitoemtela.com.br','kLD3yaMFk98','2016-11-26 21:45:56.493539','2015-04-22 15:04:47.000000','thumbnails/26/nPofytzKrpbmYt6tCJJSdY','0,21280,718','Lei de Introdução - Aula 04 - Revogação Expressa e Tácita - Art. 2º Decreto Lei 4657/42','',NULL),(27,'Atos Praticados por Pessoas não Inscritas na OAB Art. 4º EOAB','Nessa aula o prof. Ricardo ensina que serão nulos os atos privativos de advogado quando praticados por pessoas não inscritas na OAB.\nVisite nosso site: www.direitoemtela.com.br','tx9Hs_ARTc0','2016-11-26 21:45:56.694863','2015-03-31 18:09:29.000000','thumbnails/27/hGBjjnYDMswajmooCv4Fwn','0,61640,419','Estatuto da OAB - Aula 04 - Atos Praticados por Pessoas não Inscritas na OAB Art. 4º EOAB','',NULL),(28,'Resumo da Constituição de 1937','Nessa aula vamos aprender as principais características da Constituição de 1937, também conhecida como Constituição Polaca.\nVisite nosso site: http://direitoemtela.com.br','fAhcouJz7fc','2016-11-26 21:45:57.946980','2015-03-16 18:40:27.000000','thumbnails/28/Jmj6JywZYYt6z4SriUvfPi','0,61640,419','Constituições Brasileiras - Aula 04 - Resumo da Constituição de 1937','',NULL),(29,'Conceito de Empregador - Art. 2º da CLT','Nesta aula, o prof. Ricardo explica o conceito de empregador, com enfoque especial nos critérios de \"assume os riscos da atividade econômica\" e \"assalaria\", previstos no Art. 2o da CLT.','qHQf2RuzL54','2016-11-26 21:45:58.112693','2014-03-12 20:03:16.000000','thumbnails/29/at2EHA3MQTnSGdemNWbZD3','0,61640,419','Direito do Trabalho - Aula 04 - Art. 2º da CLT - Conceito de Empregador','',NULL),(30,'Conceito de Empregador - Art. 2º da CLT','Nesta aula, o prof. Ricardo explica o conceito de empregador, com enfoque especial nos critérios de \"assume os riscos da atividade econômica\" e \"assalaria\", previstos no Art. 2o da CLT.','qHQf2RuzL54','2016-11-26 21:45:58.244427','2014-03-12 20:03:16.000000','thumbnails/30/8Za9dk5y2Lk3mnBgJVfYeY','0,61640,419','Direito do Trabalho - Aula 04 - Art. 2º da CLT - Conceito de Empregador','',NULL),(31,'Conflitos entre Regras e Princípios','Nessa aula a prof. Séfora explica que o conflito entre regras se resolve pelo critério da validade e o conflito entre os princípios se resolve pelo critério da validade e do peso.','BANmMU36SuU','2016-11-26 21:45:58.350613','2015-09-04 13:14:21.000000','thumbnails/31/P58jeQa9A2NGq8rB54mXT8','0,61640,419','Direito Constitucional - Aula 05 - Conflitos entre Regras e Princípios','',NULL),(32,'Resumo da Constituição de 1946','Nessa aula a prof. Séfora explica os pontos destacados da Constituição de 1946. \nVisite nosso site: http://www.direitoemtela.com.br','O3LyxTFi17I','2016-11-26 21:45:58.520041','2015-05-10 20:56:02.000000','thumbnails/32/cepN3SeHMKVe46t4kMNEZK','0,21280,718','Constituições Brasileiras - Aula 05 - Resumo da Constituição de 1946','',NULL),(33,'Repristinação - Art. 2º, § 3º, Decreto - lei 4657/42','Nessa aula a prof. Séfora explica o instituto da Repristinação, previsto no Art. 2, parágrafo 3o do Decreto-lei 4657/42.\nVisite nosso site: http://www.direitoemtela.com.br','BnoQURaCMwA','2016-11-26 21:45:58.716217','2015-04-22 15:07:03.000000','thumbnails/33/VyL9Yg7bZzjnxmFxjJEHSU','0,21280,718','Lei de Introdução - Aula 05 - Repristinação - Art. 2º, § 3º, Decreto-lei 4657/42','',NULL),(34,'Da Procuração do Advogado - Art. 5º da Lei 8.906/94','Nessa aula o prof. Ricardo Schubert ensina o Art. 5º do Estatuto da Advocacia que trata do mandato do advogado. \nVisite nosso site: http://www.direitoemtela.com.br','2QX_kvSmnk8','2016-11-26 21:45:58.913817','2015-04-17 00:50:42.000000','thumbnails/34/2mnvzq8GDcGYshngnBEcSS','0,61640,419','Estatuto da OAB - Aula 05 - Da Procuração do Advogado - Art. 5º da Lei 8.906/94','',NULL),(35,'Manifestação da Vontade na Capacidade Plena - Art. 5º do Código Civil','Nesta aula  a Prof. Séfora ensina a Manifestação da Vontade em relação à capacidade plena; à incapacidade absoluta e à incapacidade relativa.','Ik4OpsDNRVY','2016-11-26 21:45:59.334424','2014-04-04 14:33:27.000000','thumbnails/35/wWYwhavhsEzt8C4W856QoY','0,21280,718','Direito Civil - Aula 05 - Manifestação da Vontade na Capacidade Plena - Art. 5º do Código Civil','',NULL),(36,'Conceito de Empregador 2 - Art. 2ª da CLT','Nesta aula o Prof. Ricardo Schubert ensina o conceito de empregador com enfoque especial nos requisitos de \"assalaria\" e \"dirige a prestação pessoal de serviços\".','9F9OWPuJ_bk','2016-11-26 21:46:00.611574','2014-04-14 17:31:24.000000','thumbnails/36/mJJ4BCuBWDjUdvo8hJGqrJ','0,61640,419','Direito do Trabalho - Aula 05 - Conceito de Empregador 2 - Art. 2ª da CLT','',NULL),(37,'Manifestação da Vontade na Capacidade Plena - Art. 5º do Código Civil','Nesta aula  a Prof. Séfora ensina a Manifestação da Vontade em relação à capacidade plena; à incapacidade absoluta e à incapacidade relativa.','Ik4OpsDNRVY','2016-11-26 21:46:00.814970','2014-04-04 14:33:27.000000','thumbnails/37/HZwfmsoZoi8k2oGRwgXLN6','0,21280,718','Direito Civil - Aula 05 - Manifestação da Vontade na Capacidade Plena - Art. 5º do Código Civil','',NULL),(38,'Poder Constituinte Originário','Nessa aula a prof. Séfora explica sobre o Poder Constituinte Originário, sobre as suas atribuições, características e titularidade.','tG-g6P3S8d4','2016-11-26 21:46:00.941940','2015-09-25 12:17:44.000000','thumbnails/38/iS8umHwvzzzYvcdgs9cp6i','0,21280,718','Direito Constitucional - Aula 06 - Poder Constituinte Originário','',NULL),(39,'Resumo da Constituição de 1967','Nessa aula a prof. Séfora ensina sobre a Constituição de 1967 e a Revolução de 1964. \nVisite nosso site: http://www.direitoemtela.com.br','TBxLVbb3nm0','2016-11-26 21:46:01.122964','2015-07-24 02:09:41.000000','thumbnails/39/VNMhZsthqaYWatDhzXuy6m','0,21280,718','Constituições Brasileiras - Aula 06 -  Resumo da Constituição de 1967','',NULL),(40,'Norma Cogente e Norma Dispositiva','Nessa aula a Prof. Séfora ensina a diferença entre a norma de imperatividade absoluta e imperatividade relativa. \nVisite nosso site: http://www.direitoemtela.com.br','ahVddrD4cdc','2016-11-26 21:46:01.284403','2015-05-01 19:34:14.000000','thumbnails/40/kCVfmpah2VdLLFeLyq3dmi','0,21280,718','Lei de Introdução - Aula 06 - Norma Cogente e Norma Dispositiva','',NULL),(41,'Tratamento Igualitário: Advogados; Magistrados e MP - Art. 6º EOAB','Nessa aula o Prof. Ricardo explica o Art. 6º do Estatuto da Advocacia, que trata do tratamento igualitário entre advogados, Magistrados e Ministério Público.','yYXiw-AVCP8','2016-11-26 21:46:02.143306','2015-04-22 15:58:47.000000','thumbnails/41/Cef4Fkv2YeW4ixLiWCKp39','0,21280,718','Estatuto da OAB - Aula 06 - Tratamento Igualitário: Advogados; Magistrados e MP - Art. 6º EOAB','',NULL),(42,'Pessoas Equiparadas a Empregador Art. 2º CLT','Nessa aula o Professor Ricardo explica quais são as pessoas que são  equiparadas a empregador, conforme previsto no parágrafo 1o do Art. 2o da CLT.','8UlauRvyFVM','2016-11-26 21:46:02.441886','2014-05-15 22:05:57.000000','thumbnails/42/wYtetJ9Yh3fHBcaThCwojC','0,61640,419','Direito do Trabalho - Aula 06 - Pessoas Equiparadas a Empregador Art. 2º CLT','',NULL),(43,'Poder Constituinte Derivado Reformador','Nessa aula a Prof. Séfora explica que o Poder Constituinte Derivado Reformador é exercido pelo Congresso Nacional e tem como competência modificar e reformar a Constituição.','K3KUBhbfuAk','2016-11-26 21:46:02.583159','2016-02-19 10:06:22.000000','thumbnails/43/qo55QEenBdXRLiyF67PMuj','0,21280,718','Direito Constitucional - Aula 07 - Poder Constituinte Derivado Reformador','',NULL),(44,'Resumo da Emenda Constitucional n. 01/69','Nessa aula a prof. Séfora ensina sobre a EC 01/69 que é considerada uma verdadeira constituição.','HFWdgOxHlDU','2016-11-26 21:46:03.070544','2015-08-09 13:29:23.000000','thumbnails/44/v8pCnCdH68Usmijezb8z3C','0,21280,718','Constituições Brasileiras - Aula 07 - Resumo da Emenda Constitucional n. 01/69','',NULL),(45,'Direito do Advogado  Exercer a Profissão - Art. 7º  da Lei 8.906/94','Nessa aula o Prof. Ricardo explica que o Estatuto da OAB garante ao Advogado a liberdade de exercer a profissão em todo o território nacional.\nVisite nosso site: http://www.direitoemtela.com.br','tFOmGy8gwwY','2016-11-26 21:46:03.246732','2015-06-23 14:08:33.000000','thumbnails/45/Ud3iQMrXhmDFYfTwEVgaCZ','0,21280,718','Estatuto da OAB - Aula 7 - Direito do Advogado  Exercer a Profissão - Art. 7º  da Lei 8.906/94','',NULL),(46,'Princípio da Obrigatoriedade da Lei, Art. 3º Decreto - lei 4657/42','Nessa aula a prof. Séfora ensina que ninguém se escusa de cumprir a lei alegando que não a conhece. \nVisite nosso site: http://www.direitoemtela.com.br','NFXwfbV6goM','2016-11-26 21:46:03.399651','2015-05-17 12:19:30.000000','thumbnails/46/Pi6czxnQJCkDLBh7iQzWsZ','0,21280,718','Lei de Introdução - Aula 07 - Princípio da Obrigatoriedade da Lei, Art. 3º Decreto-lei 4657/42','',NULL),(47,'Grupo Econômico - Art. 2º, parágrafo 2º CLT','Nesse vídeo o Prof. Ricardo discorre sobre a formação do grupo econômico e sobre a responsabilidade solidária.','532oVuZtqfk','2016-11-26 21:46:04.075268','2014-05-06 20:42:38.000000','thumbnails/47/xzNbsQpzuarfNuTRXhSuu','0,61640,419','Direito do Trabalho - Aula 07 - Grupo Econômico - Art. 2º, parágrafo 2º CLT','',NULL),(48,'Poder Constituinte Derivado Decorrente','Nessa aula a prof. Séfora ensina quais as atribuições e competências do Poder Constituinte Derivado Decorrente.','kpHqs3vz2To','2016-11-26 21:46:05.066890','2016-02-22 16:46:18.000000','thumbnails/48/6toppHW43TTsCzERr98ihL','0,21280,718','Direito Constitucional - Aula 08 - Poder Constituinte Derivado Decorrente','',NULL),(49,'Resumo da Constituição de 1988','Nessa aula a prof. Séfora destaca os pontos principais da Constituição da República Federativa do Brasil de 1988.','INXebbdM7U0','2016-11-26 21:46:05.632645','2015-08-19 14:44:09.000000','thumbnails/49/4YG8Z2fCPi7Usqxkw9sgpf','0,61640,419','Constituições Brasileiras - Aula 08 - Resumo da Constituição de 1988','',NULL),(50,'Inviolabilidade da Advocacia - Art. 7º da Lei 8.906/94','Nessa aula o Prof. Ricardo explica a inviolabilidade da advocacia e em quais casos ela pode ser quebrada. \nVisite nosso site: http://www.direitoemtela.com.br','jih-IiL2yow','2016-11-26 21:46:05.743051','2015-07-02 15:14:53.000000','thumbnails/50/qiovHV6K3499tjkG8mtxwT','0,61640,419','Estatuto da OAB - Aula 08 - Inviolabilidade da Advocacia - Art. 7º da Lei 8.906/94','',NULL),(51,'Subsunção Art. 4º do Decreto - lei 4.657/42','A prof. Séfora ensina quando ocorre a subsunção, que é a aplicação da lei ao caso concreto. \nVisite nosso site: http://www.direitoemtela.com.br','WLxtaQ0UYI0','2016-11-26 21:46:05.929922','2015-05-17 16:24:14.000000','thumbnails/51/aQLwHez866wCr8Cp54L8DF','0,21280,718','Lei de Introdução - Aula 08 - Subsunção Art. 4º do Decreto-lei 4.657/42','',NULL),(52,'Conceito de Empregado - Art. 3º da CLT','Nessa aula o Prof. Ricardo discorre sobre o conceito de Empregado disposto no Art. 3o da CLT.','K46_sq_iobg','2016-11-26 21:46:06.141260','2014-05-06 20:45:54.000000','thumbnails/52/TM3ZvhHTcFYUKFWAMvqm2U','0,61640,419','Direito do Trabalho - Aula 08 - Art. 3º da CLT - Conceito de Empregado','',NULL),(53,'Cessação da Incapacidade - Art. 5º Código Civil','Nesta aula a Prof. Séfora ensina o Art. 5º do Código Civil que trata da Cessação da Incapacidade e da Maioridade, bem como explica a capacidade plena.','MW2abcNjH2E','2016-11-26 21:46:06.325069','2014-04-04 15:06:07.000000','thumbnails/53/BHrkfDr5MTknTRKPALQV6X','0,21280,718','Direito Civil - Aula 08 - Cessação da Incapacidade -  Art. 5º Código Civil','',NULL),(54,'Cessação da Incapacidade - Art. 5º Código Civil','Nesta aula a Prof. Séfora ensina o Art. 5º do Código Civil que trata da Cessação da Incapacidade e da Maioridade, bem como explica a capacidade plena.','MW2abcNjH2E','2016-11-26 21:46:06.721911','2014-04-04 15:06:07.000000','thumbnails/54/gowbwfgSCS5RMoTFsv5TSS','0,21280,718','Direito Civil - Aula 08 - Cessação da Incapacidade -  Art. 5º Código Civil','',NULL),(55,'Poder Constituinte Derivado Revisor','Nessa aula a prof. Sefora ensina que o Poder Constituinte Derivado Revisor foi o poder competente para revisar a Constituição Federal, após 5 (cinco) anos de sua promulgação. Houve 6 emendas de revisão no ano de 1994. Quem exerceu o Poder Constituinte Derivado Revisor foi o Congresso Nacional, nos termos do Art. 3o do ADCT.','FSJxCSyKWEc','2016-11-26 21:46:06.913763','2016-02-24 12:48:13.000000','thumbnails/55/xfDyhVkA9C3hGUaBjuQWF3','0,21280,718','Direito Constitucional - Aula 09 - Poder Constituinte Derivado Revisor','',NULL),(56,'Resumo de Emancipação - Art. 5º, parágrafo único, do Código Civil','Nessa aula a prof. Séfora faz um resumo de emancipação, explicando os principais requisitos da emancipação voluntária; da emancipação judicial e da Emancipação legal.','YMekJIlcKyY','2016-11-26 21:46:07.079580','2015-11-27 10:50:36.000000','thumbnails/56/39Hj2sjZiuJiG26yBqbUeE','0,21280,718','Direito Civil - Aula 09 - Resumo de Emancipação - Art. 5º, parágrafo único, do Código Civil','',NULL),(57,'O Advogado e seu Cliente - Art. 7º  Lei 8.906/94','Nessa aula o prof. Ricardo explica que o advogado tem direito de se comunicar com seu cliente pessoal e reservadamente. \nhttp://www.direitoemtela.com.br','92HKOyz4v0Q','2016-11-26 21:46:07.274594','2015-07-26 19:07:57.000000','thumbnails/57/JbrccTRw9YB23Fk4BfsgL','0,21280,718','Estatuto da OAB - Aula 09 - O Advogado e seu Cliente - Art. 7º  Lei 8.906/94','',NULL),(58,'Analogia - Art. 4º do Decreto - lei 4657/42','Nessa aula a prof. Séfora explica a integraçãp normativa realizada por meio da analogia. \nvisite nosso site: http://www.direitoemtela.com.br','NJmSFORsZ6w','2016-11-26 21:46:07.494357','2015-05-27 23:32:46.000000','thumbnails/58/wRrQmhquvxPciC39maLU69','0,21280,718','Lei de Introdução - Aula 9 - Analogia - Art. 4º do Decreto-lei 4657/42','',NULL),(59,'Conceito de Empregado - Art. 3º CLT','Nessa aula o Prof. Ricardo complementa o conceito de empregado, explicando que o empregado deve prestar o serviço sob a dependência do empregador e mediante salário.','H12e4l0WVoc','2016-11-26 21:46:07.667933','2014-05-29 14:07:34.000000','thumbnails/59/HGpe7H2AEuNFMjcoPmqQUK','0,61640,419','Direito do Trabalho - Aula 09 - Conceito de Empregado - Art. 3º CLT','',NULL),(60,'Recepção e Revogação das Norma Frente à Nova Constituição','Nessa aula a prof. Séfora explica como são recepcionadas e revogadas as normas infraconstitucionais frente à nova Constituição.','KQx-nIGoa3U','2016-11-26 21:46:07.808405','2016-04-06 11:07:32.000000','thumbnails/60/LiywqfLgXcEQekh46AXRnX','0,21280,718','Direito Constitucional - Aula 10 - Recepção e Revogação das Norma Frente à Nova Constituição','',NULL),(61,'Emancipação Voluntária - Art. 5º, I, do Código Civil','Nessa aula a prof. Séfora ensina que a emancipação voluntária depende de alguns requisitos, quais sejam: vontade dos pais; vontade do menor; instrumento público; independentemente de homologação judicial e o menor terá que ter 16 anos completos.','eIYaQCJ40Vg','2016-11-26 21:46:07.948210','2015-11-27 10:43:36.000000','thumbnails/61/7Ct3PooJEKyswmygN3MXt3','0,21280,718','Direito Civil - Aula 10 - Emancipação Voluntária - Art. 5º, I, do Código Civil','',NULL),(62,'Prisão em Flagrante do Advogado - Art. 7º, IV, EOAB','Nessa aula o prof. Ricardo explica quais são os direitos do advogado caso ele seja preso em flagrante. Art. 7º , IV,  Lei 8.906/94\nVisite nosso site: http://www.direitoemtela.com.br','5gqS0eUXJkM','2016-11-26 21:46:08.201618','2015-08-01 19:18:51.000000','thumbnails/62/992fTk3tNmVVFaLibWzQkH','0,21280,718','Estatuto da OAB - Aula 10 - Prisão em Flagrante do Advogado - Art. 7º, IV, EOAB','',NULL),(63,'Costumes - Art. 4º Decreto - lei 4657/42','Nessa aula a Prof. Séfora ensina como o Juiz pode colmatar uma lacuna existente na lei com o emprego dos costumes. \nVisite nosso site: http://www.direitoemtela.com.br','S7mrPZz7AUs','2016-11-26 21:46:08.372510','2015-06-11 11:18:57.000000','thumbnails/63/o3ejrhGs9gkTBw7TkydUn6','0,21280,718','Lei de Introdução - Aula 10 - Costumes - Art. 4º Decreto-lei 4657/42','',NULL),(64,'Tempo do Empregado à Disposição do Empregador Art. 4º CLT','Nessa aula o Professor Ricardo ensina a jornada de trabalho inclui o tempo em que o empregado fica à disposição de seu empregador.','q1aPLEAlJso','2016-11-26 21:46:08.560328','2014-05-15 22:11:39.000000','thumbnails/64/8VjPFmRDHAzHWAi4ojpCMN','0,61640,419','Direito do Trabalho - Aula 10 - Tempo do Empregado à Disposição do Empregador Art. 4º CLT','',NULL),(65,'Normas Constitucionais de Eficácia Plena','Nessa aula a prof. Sefora explica que as normas de eficácia plena têm aplicabilidade direta; imediata e integral.','G3iCbI6Z10Q','2016-11-26 21:46:08.675276','2016-05-23 11:16:09.000000','thumbnails/65/6iRkXwBGfdA59fFHmVS5u5','0,21280,718','Direito Constitucional - Aula 11 - Normas Constitucionais de Eficácia Plena','',NULL),(66,'Advogado e a Sala de Estado Maior - Art. 7º, V, EOAB','Nessa aula o prof. Ricardo explica que o Advogado tem direito a se recolher preso em sala de estado maior, caso seja preso antes do trânsito em julgado da sentença condenatória.','uimtJI5W_AQ','2016-11-26 21:46:08.826282','2015-08-08 13:47:14.000000','thumbnails/66/GkzfkrunKhzsnZfMW2M5f','0,61640,419','Estatuto da OAB - Aula 11 - Advogado e a Sala de Estado Maior - Art. 7º, V, EOAB','',NULL),(67,'Princípios Gerais do Direito - Art. 4º Decreto - lei 4657/42','Nessa aula a Prof. Séfora ensina como colmatar as lacunas existentes na lei com o emprego dos Princípios Gerais do Direito. \nVisite nosso site: http://www.direitoemtela.com.br','C0Tw67UPyPs','2016-11-26 21:46:08.992806','2015-06-13 22:23:49.000000','thumbnails/67/XaXpswb8NDjy2RnsMWR87Z','0,21280,718','Lei de Introdução - Aula 11 - Princípios Gerais do Direito - Art. 4º Decreto-lei 4657/42','',NULL),(68,'Emancipação Judicial - Art. 5º Código Civil','Nesta aula a Prof. Séfora ensina a Emancipação Judicial que ocorre quando o menor quer se emancipar mas não possui os pais para autorizar a emancipação, o menor possui um tutor. Nesse caso ele dever ser  emancipado por Sentença Judicial.','20pbS7lSnAs','2016-11-26 21:46:09.158606','2014-04-10 15:56:09.000000','thumbnails/68/k7as9wG8jG4LFaTLwLagyS','0,21280,718','Direito Civil - Aula 11 - Emancipação Judicial -  Art. 5º Código Civil','',NULL),(69,'Emancipação Judicial - Art. 5º Código Civil','Nesta aula a Prof. Séfora ensina a Emancipação Judicial que ocorre quando o menor quer se emancipar mas não possui os pais para autorizar a emancipação, o menor possui um tutor. Nesse caso ele dever ser  emancipado por Sentença Judicial.','20pbS7lSnAs','2016-11-26 21:46:09.328662','2014-04-10 15:56:09.000000','thumbnails/69/KHBDeXbrQpBePhRzaDWKGh','0,21280,718','Direito Civil - Aula 11 - Emancipação Judicial -  Art. 5º Código Civil','',NULL),(70,'Normas Constitucionais de Eficácia Contida','Nessa aula a prof. Sefora explica que as normas constitucionais de eficácia contida têm aplicabilidade direta, imediata e não integral.','LwPvCF9vxO4','2016-11-26 21:46:09.466437','2016-05-27 14:28:11.000000','thumbnails/70/VyQjh5EDHJ4dviyPvjuxPf','0,21280,718','Direito Constitucional - Aula 12 - Normas Constitucionais de Eficácia Contida','',NULL),(71,'Emancipação Legal - Art. 5º Código Civil','Nessa aula a Prof. Séfora explica que o menor de 18 anos poderá adquirir a capacidade civil pela emancipação legal, que pode ser dar pelo: casamento; emprego público; colação de grau em ensino superior e por economia própria.','dvS_TAzacsc','2016-11-26 21:46:09.646073','2015-11-02 21:32:59.000000','thumbnails/71/Lan9TFPLLUQdDuKaceap4J','0,21280,718','Direito Civil - Aula 12 - Emancipação Legal - Art. 5º Código Civil','',NULL),(72,'Liberdade de Acesso do Advogado - Lei 8.906/94','Nessa aula prof. Ricardo explica que o Estatuto da OAB permite ao advogado acesso livre nas salas e sessões dos tribunais, secretarias, cartórios, e demais repartições públicas e privadas.','YGzYvvbvptg','2016-11-26 21:46:09.812681','2015-08-24 13:10:38.000000','thumbnails/72/WBStQpfRKxKD6SNZ5jKrGj','0,21280,718','Estatuto da OAB - Aula 12 - Liberdade de Acesso do Advogado - Lei 8.906/94','',NULL),(73,'Equidade','Nessa aula a Prof. Séfora ensina como o Juiz poderá se valer da equidade para solucionar a lacuna existente na lei.\nVisite nosso site: http://www.direitoemtela.com.br','2z6Au1oMmCY','2016-11-26 21:46:09.951577','2015-06-14 13:20:14.000000','thumbnails/73/gcNe9pge4EPU2GPwBnmtfZ','0,21280,718','Lei de Introdução - Aula 12 - Equidade','',NULL),(74,'Trabalho no Estabelecimento do Empregador Art. 6º CLT','Nessa aula o Prof. Ricardo ensina o Art. 6o da CLT que trata do serviço prestado no domicilio do empregado ou no estabelecimento do empregador.','Hd3gOH8YpxA','2016-11-26 21:46:10.140115','2014-07-29 15:13:32.000000','thumbnails/74/KKmuDx7aVgQd3N3oktx4tg','0,61640,419','Direito do Trabalho - Aula 12 - Trabalho no Estabelecimento do Empregador Art. 6º CLT','',NULL),(75,'Normas Constitucionais de Eficácia Limitada','Nessa aula a prof. Sefora explica que as Normas Constitucionais de Eficácia Limitada têm aplicabilidade indireta, mediata, reduzida e vinculante.','XP4LXnZExRQ','2016-11-26 21:46:10.313261','2016-06-08 11:44:17.000000','thumbnails/75/bLy2dbUnv7XunHncg8Vcj5','0,21280,718','Direito Constitucional - Aula 13 - Normas Constitucionais de Eficácia Limitada','',NULL),(76,'O Direito do Advogado e o Magistrado - Art. 7º, VIII, EOAB','Nessa aula o Prof. Ricardo explica que o Advogado tem o direito de manter contato pessoal com os magistrados, podendo dirigir-se direitamente aos magistrados em seus gabinetes sem agendar horário.','Or7rTKMqF88','2016-11-26 21:46:10.497476','2015-08-31 14:05:42.000000','thumbnails/76/235DfvqQ4V4TooMzo4HPkD','0,61640,419','Estatuto da OAB - Aula 13  - O Direito do Advogado e o Magistrado - Art. 7º, VIII, EOAB','',NULL),(77,'Antinomia','Nessa aula a Prof. Séfora ensina os critérios para solucionar os conflitos existente entre as normas jurídicas. \nVisite nosso site: http://www.direitoemtela.com.br','GioagF0-yR8','2016-11-26 21:46:10.687622','2015-07-29 14:11:03.000000','thumbnails/77/nVcDUqtpsCXU298mEx2LBJ','0,21280,718','Lei de Introdução - Aula 13 - Antinomia','',NULL),(78,'Empregos Não Regulamentados CLT - Art. 7º CLT','Nessa aula o Prof. Ricardo ensina o Art 7º da CLT que trata dos empregos não regulamentados pela CLT, como trabalhadores rurais, funcionários público etc.','g7rDUvKIvMQ','2016-11-26 21:46:11.043781','2014-07-30 12:36:47.000000','thumbnails/78/DPYX68XpfknVVuSHx4S4yA','0,61640,419','Direito do Trabalho - Aula 13 - Empregos Não Regulamentados CLT -  Art. 7º CLT','',NULL),(79,'Morte Real - Art. 6º do Código Civil','Nesta aula a Professora Séfora ensina o Art. 6o do Código Civil que determina que a extinção da personalidade natural se dá com a morte da pessoa, mais especificamente sobre a morte real.','Lnoei0df7qQ','2016-11-26 21:46:11.230027','2014-04-14 17:27:59.000000','thumbnails/79/Dpv9xcEoYY2TQHyq2vtNM','0,21280,718','Direito Civil - Aula 13 - Morte Real - Art. 6º do Código Civil','',NULL),(80,'Normas de Eficácia Limitada Institutivas e Programáticas','Nessa aula a prof. Sefora explica que as Normas Constitucionais de Eficácia Limitada podem ser de dois tipos:  de Princípio Institutivo e de Princípio Programático.','bXe4qB6jPQM','2016-11-26 21:46:11.867652','2016-06-08 11:55:10.000000','thumbnails/80/mzt4jU6GsamGtBmYSyLWpg','0,21280,718','Direito Constitucional - Aula 14 - Normas de Eficácia Limitada Institutivas e Programáticas','',NULL),(81,'O Uso da Palavra pelo Advogado - Art. 7º da Lei 8.906/94','Nessa aula o Prof. Ricardo ensina que o advogado pode fazer o uso da palavra para sustentar as suas razões; intervir; reclamar e falar.','i5CN7lSOteI','2016-11-26 21:46:12.850528','2015-10-14 17:51:20.000000','thumbnails/81/B9mVS8naC4mbEKUtfNdVrS','0,21280,718','Estatuto da OAB - Aula 14 - O Uso da Palavra pelo Advogado - Art. 7º da Lei 8.906/94','',NULL),(82,'Antinomia de 2º Grau','Nessa aula a Prof. Séfora ensina como solucionar a antinomia de 2º grau. \nVisite nosso site: http://www.direitoemtela.com.br','AajBCdNUawQ','2016-11-26 21:46:13.839603','2015-07-29 14:14:39.000000','thumbnails/82/bFct9zmNvBJofkhDuScfLe','0,21280,718','Lei de Introdução - Aula 14 - Antinomia de 2º Grau','',NULL),(83,'Contrato Individual do Trabalho - Art. 442 da CLT','Nessa aula o Prof. Ricardo ensina sobre o Contrato Individual do Trabalho (Art. 442 da CLT).','2SBKDgKWczc','2016-11-26 21:46:15.927824','2014-08-01 13:53:52.000000','thumbnails/83/PyovDVN6of724MQLS3SRFB','0,21280,718','Direito do Trabalho - Aula 14 - Contrato Individual do Trabalho - Art. 442 da CLT','',NULL),(84,'Morte Presumida Sem Decretação de Ausência - Art. 7º do CC','Nessa aula a Prof. Séfora ensina a morte presumida prevista no Art. 7º do  Código Civil, sendo que existem dois tipos de morte presumida: morte presumida sem decretação de ausência e morte presumida com decretação de ausência.','_BB8edpRcKE','2016-11-26 21:46:16.060586','2014-06-30 14:22:36.000000','thumbnails/84/9jjdfSuRFoz85bkBu3jZN7','0,21280,718','Direito Civil -  Aula 14 - Morte Presumida Sem Decretação de Ausência - Art. 7º do CC','',NULL),(85,'Resumo Normas de Eficácia Plena, Contida e Limitada','Nessa aula a Prof. Sefora destaca as diferenças entre as normas constitucionais de eficácia plena, contida e limitada. \nColabore com a nova plataforma do canal:  http://www.kickante.com.br/campanhas/plataforma-para-o-canal-direito-em-tela\nEssa plataforma envolve muito trabalho e custos, e sem sua ajuda não será possível construí-la.\nContamos com você para, junto conosco, transformar o estudo do direito no Brasil! Abraços','puQS-DlC8Ys','2016-11-26 21:46:16.221557','2016-06-22 10:24:49.000000','thumbnails/85/7nn7zd7Qkh5sbTEEjXf5ML','0,21280,718','Direito Constitucional - Aula 15 - Resumo Normas de Eficácia Plena, Contida e Limitada','',NULL),(86,'Direito Advogado Examinar Processo - Nova redação Art. 7º, XIV,  EOAB','Nessa aula o Prof. Ricardo explica a nova redação do Art. 7, XIV, da Lei 8.906/94, dada pela Lei 13.245/16.','6NIizOD-roc','2016-11-26 21:46:16.405654','2016-03-11 12:32:19.000000','thumbnails/86/5QtptN4aXvJzN7xXwXcRy9','0,21280,718','Estatuto da OAB - Aula 15 -  Direito Advogado Examinar Processo -  Nova redação Art. 7º, XIV,  EOAB','',NULL),(87,'Comoriência - Art. 8º  do Código Civil','Nessa aula a prof. Séfora explica a Comoriência, prevista no Art. 8º do CC. Comoriência significa morte simultânea e não há transmissão de direitos entre os comoventes.','rnjdMGqJTRE','2016-11-26 21:46:16.580485','2015-09-30 16:23:10.000000','thumbnails/87/LFj9pcFtvr3fQRpFgh9g8i','0,21280,718','Direito Civil - Aula 15 - Comoriência -  Art. 8º  do Código Civil','',NULL),(88,'Princípio Finalidade Social da Lei - Art. 5º do Decreto - lei 4.657/42','Nessa aula a Prof. Séfora explica que o Juiz ao aplicar a lei deverá observar a sua finalidade social.\nVisite nosso site: http://www.direitoemtela.com.br','qW4IHglr3Co','2016-11-26 21:46:16.760661','2015-06-23 02:13:12.000000','thumbnails/88/9wGZFtRdzdbSr9ey7Jo6JF','0,21280,718','Lei de Introdução - Aula 15 - Princípio Finalidade Social da Lei - Art. 5º do Decreto-lei 4.657/42','',NULL),(89,'Carteira de Trabalho - Art. 13 da CLT','Nessa aula o Prof. Ricardo ensina o que pode ser anotado na Carteira de Trabalho do empregado.','zYr77Nadj_w','2016-11-26 21:46:16.924755','2014-08-05 19:17:14.000000','thumbnails/89/YQy54LY2KPqCXYot8qCJkf','0,61640,419','Direito do Trabalho - Aula 15 - Carteira de Trabalho - Art. 13 da CLT','',NULL),(90,'Controle de  Constitucionalidade','Nessa aula a prof. Sefora explica que o Controle de Constitucionalidade é a forma que o Estado tem para fazer com todas as normas sejam compatíveis com a Constituição.','mWqowPmfzJA','2016-11-26 21:46:17.097856','2016-08-15 11:32:52.000000','thumbnails/90/QgPzLVcubtUAhd55ubSsZN','0,21280,718','Direito Constitucional - Aula 16 - Controle de  Constitucionalidade','',NULL),(91,'Limitação do Direito  de Pegar o Processo - Art. 7º Lei 8.906/94','Nessa aula o Prof. Ricardo explica que o Advogado não poderá pegar em carga os seguintes processos: os que estiverem em segredo de justiça; os que o Juiz determinar que permaneça em cartório e os que o advogado não devolver no prazo legal.','CMqopUnpPi4','2016-11-26 21:46:17.336385','2015-12-07 09:25:51.000000','thumbnails/91/9QNpwqjiygupfWREATzGCM','0,21280,718','Estatuto da OAB - Aula 16 -  Limitação do Direito  de Pegar o Processo -  Art. 7º Lei 8.906/94','',NULL),(92,'Ato Jurídico Perfeito, Art. 6º do Decreto - lei 4657/42','Nessa aula a Prof. Séfora explica que Ato Jurídico Perfeito é o ato já consumado segundo a lei vigente na data da sua consumação.\nVisite nosso site: http://www.direitoemtela.com.br','VHC5YGT28jc','2016-11-26 21:46:17.515430','2015-06-25 15:20:36.000000','thumbnails/92/ev4UqJzdwtBxUWSrhitShW','0,21280,718','Lei de Introdução - Aula 16 - Ato Jurídico Perfeito, Art. 6º do Decreto-lei 4657/42','',NULL),(93,'Direitos da Personalidade - Art. 11 do Código Civil','Nessa Aula a Prof. Séfora explica o que é Direito da Personalidade, bem como ensina os atributos dos direitos da personalidade, quais sejam: Absolutos; Impenhoráveis, Indisponíveis, Irrenunciáveis; Extrapatrimoniais; Intransmissíveis.','vS-mopumia8','2016-11-26 21:46:17.695357','2014-07-07 19:58:34.000000','thumbnails/93/rVZhL5dcNWWvR5HNz8zskQ','0,21280,718','Direito Civil - Aula 16 - Direitos da Personalidade - Art. 11 do Código Civil','',NULL),(94,'Inconstitucionalidade por Ação e  por Omissão','Nessa aula a prof. Sefora explica que a Inconstitucionalidade por Ação ocorre quando o legislador aprova uma lei inconstitucional; e Inconstitucionalidade por Omissão ocorre quando o legislador se omite em seu dever constitucional de legislar.','Rc8TslJu-Lw','2016-11-26 21:46:17.882218','2016-08-17 11:08:15.000000','thumbnails/94/aehUkJY2cPenVwjtmPb5hd','0,21280,718','Direito Constitucional - Aula 17 - Inconstitucionalidade por Ação e  por Omissão','',NULL),(95,'Desagravo Público - Art. 7º, XVII,  da Lei 8.906/94','Nessa aula o prof. Ricardo explica o que é desagravo público, direito do Advogado previsto no Art. 7, XVII, do EOAB.','7GLWR6Qkahk','2016-11-26 21:46:18.138297','2015-11-11 15:33:27.000000','thumbnails/95/sXFXrkXNnLYjTY27gj84PL','0,21280,718','Estatuto da OAB - Aula 17 -  Desagravo Público - Art. 7º, XVII,  da Lei 8.906/94','',NULL),(96,'Direito Adquirido - Art. 6º do Decreto - lei 4657/42','Nessa aula a Prof. Séfora explica que o Direito Adquirido é o direito já incorporado ao patrimônio de seu titular.\nVisite nosso site: http://www.direitoemtela.com.br','PLN4AVsE5Bk','2016-11-26 21:46:18.336659','2015-07-01 02:28:26.000000','thumbnails/96/SEof55GaXkDxWxrtNQHg79','0,21280,718','Lei de Introdução - Aula 17 - Direito Adquirido - Art. 6º do Decreto-lei 4657/42','',NULL),(97,'Duração do Contrato de Trabalho - Art. 57 CLT','Nessa aula o Prof. Ricardo ensina sobre a duração do contrato de trabalho, Art. 57 e ss da CLT.','APTVF0SaS7E','2016-11-26 21:46:18.546079','2014-10-14 17:40:56.000000','thumbnails/97/RVd5sjU2W9CGaQMz2vmssY','0,21280,718','Direito do Trabalho - Aula 17 - Duração do Contrato de Trabalho - Art. 57 CLT','',NULL),(98,'Os Símbolos do Advogado - Art. 7º, XVIII, da Lei 8.906/94','Nessa aula o prof. Ricardo ensina que os símbolos privativos do advogado são as vestes talares e a insígnia.','uFfCdCeyEbI','2016-11-26 21:46:18.950197','2015-11-16 11:48:50.000000','thumbnails/98/fLWgztkhfgfRhpgHw6F9Bo','0,21280,718','Estatuto da OAB - Aula 18 - Os Símbolos do Advogado - Art. 7º, XVIII, da Lei 8.906/94','',NULL),(99,'Coisa Julgada - Art. 6º do Decreto - lei 4.657/42','Nessa aula a prof. Séfora explica que coisa julgada é a decisão judicial de que não caiba mais recurso. \nVisite nosso site: http://www.direitoemtela.com.br','vyi4Alq8fPk','2016-11-26 21:46:19.376032','2015-07-03 12:32:57.000000','thumbnails/99/MGJhj8FfmnaHLzaqi8kyp6','0,21280,718','Lei de Introdução - Aula 18 - Coisa Julgada - Art. 6º do Decreto-lei 4.657/42','',NULL),(100,'Jornada de Trabalho - Art. 58 da CLT','Nesse vídeo o Prof. Ricardo trata da Jornada de Trabalho e ensina a como computar a jornada de trabalho do empregado.','JDWrA45Llfs','2016-11-26 21:46:19.924256','2015-01-12 12:50:06.000000','thumbnails/100/XnB3MLSZNKXLDqxMxG45MM','0,61640,419','Direito do Trabalho - Aula 18 - Jornada de Trabalho - Art. 58 da CLT','',NULL),(101,'Disposição do  Próprio Corpo em Vida - Art. 13 do Código Civil','Nessa aula a Prof. Séfora Schubert explica a disposição do corpo em vida, comentando sobre o transplante de órgãos.','njmSKZewEWg','2016-11-26 21:46:20.408947','2014-08-07 13:16:30.000000','thumbnails/101/Vf6qQ4CjtFFUiGy4jfhxg3','0,21280,718','Direito Civil -  Aula 18 - Disposição do  Próprio Corpo em Vida - Art. 13 do Código Civil','',NULL),(102,'Sigilo Profissional do Advogado - Art. 7º, XIX, da Lei 9.806/94','Nessa aula o prof. Ricardo Schubert explica que o advogado tem o direito/dever de manter em segredo tudo que tiver conhecimento em razão de seu cargo ou função.','zBcy0VR8e5A','2016-11-26 21:46:20.608548','2015-11-30 11:03:04.000000','thumbnails/102/KJMhdAY9Fnj7pT8Ygs9Sda','0,21280,718','Estatuto da OAB - Aula 19 - Sigilo Profissional do Advogado - Art. 7º, XIX, da Lei 9.806/94','',NULL),(103,'Irretroatividade - Art. 6º Decreto - lei 4657/42','Nessa aula a prof. Séfora ensina que Irretroatividade é quando a lei tem efeito imediato após a sua entrada em vigor.\nVisite nosso site: http://www.direitoemtela.com.br','c-LW_0Fqnsg','2016-11-26 21:46:20.765043','2015-07-07 02:50:28.000000','thumbnails/103/chcwQsRyKk2cPTjhrfJ5wn','0,21280,718','Lei de Introdução - Aula 19 - Irretroatividade -  Art. 6º Decreto-lei 4657/42','',NULL),(104,'Ninguém é Obrigado a Submeter - se a Tratamento Médico - Art. 15 CC','Nessa aula a Prof. Séfora Schubert explica que ninguém é obrigada a submeter-se a tratamento médico e a intervenção cirúrgica contra a sua vontade. \nVisite nosso site: http://www.direitoemtela.com.br','lYMbHwqlC34','2016-11-26 21:46:20.958290','2015-05-21 23:01:03.000000','thumbnails/104/EYdM8T93JYAyYpwmsDCpPc','0,21280,718','Direito Civil -   Aula 19 - Ninguém é Obrigado a Submeter-se a Tratamento Médico - Art. 15 CC','',NULL),(105,'Compensação de Horários de Trabalho - Art. 59 da CLT','Nessa aula o prof. Ricardo explica a compensação de horários no Direito de Trabalho.','yTtynX8qS5s','2016-11-26 21:46:21.116006','2015-02-12 15:37:35.000000','thumbnails/105/mw8vZhSaypmxdTpJ7u3vLX','0,61640,419','Direito do Trabalho - Aula 19 - Compensação de Horários de Trabalho - Art. 59 da CLT','',NULL),(106,'Direito de o Advogado Deixar o Recinto - Art. 7º , XX,  Lei 8.906/94','Nessa aula o Prof. Ricardo explica que o Advogado poderá se ausentar do recinto após 30 minutos de atraso no pregão para ato judicial, desde que a autoridade competente para presidir o ato não esteja presente e que protocole um comunicado junto ao Juízo.','ab1u7hhkqPM','2016-11-26 21:46:21.260807','2015-12-03 00:27:19.000000','thumbnails/106/kpHdaStZ3AXZAtLNrifhi4','0,21280,718','Estatuto da OAB - Aula 20 -  Direito de o Advogado Deixar o Recinto -  Art. 7º , XX,  Lei 8.906/94','',NULL),(107,'Ultratividade','Nessa aula a Prof. Séfora explica que ultratividade é a aplicação de  uma lei já revogada para os casos que ocorreram durante a sua vigência. \nVisite nosso site: http://www.direitoemtela.com.br','kA81t7Ru_Mk','2016-11-26 21:46:21.407749','2015-07-10 11:46:10.000000','thumbnails/107/rdfdXdbJZyJYixpLwup4Yn','0,21280,718','Lei de Introdução - Aula 20 - Ultratividade','',NULL),(108,'Disposição do Próprio Corpo Após a Morte - Art. 14 Código Civil','Nesse vídeo a Prof. Séfora Schubert comenta sobre as possibilidades de dispor do próprio corpo para depois da morte.','LnLoBTCKRfk','2016-11-26 21:46:21.586062','2015-01-26 17:20:02.000000','thumbnails/108/5xTR8UayciXmTrKMhjRii4','0,21280,718','Direito Civil - Aula 20 - Disposição do Próprio Corpo Após a Morte - Art. 14 Código Civil','',NULL),(109,'Salas  Permanentes para Advogados - Art. 7º, par. 4º, Lei 8.906/94','Nessa aula o Prof. Ricardo explica que os o Poder Judiciário e o Poder Executivo devem instalar salas especiais permanentes para o uso dos advogados.','gKLH8jIBJWg','2016-11-26 21:46:21.777337','2016-02-01 14:08:35.000000','thumbnails/109/bDRXVvLLKBMqVSShEeSqd7','0,21280,718','Estatuto da OAB - Aula 22 - Salas  Permanentes para Advogados - Art. 7º, par. 4º, Lei 8.906/94','',NULL),(110,'Prorrogação da Jornada de Trabalho - Art. 59 da CLT','Nessa aula o Prof. Ricardo explica a necessidade de prorrogação da jornada de trabalho por necessidade imperiosa.','CQF06lKTQPI','2016-11-26 21:46:22.047172','2015-03-26 16:57:33.000000','thumbnails/110/osX9RHyvafmEU54dKTuHQP','0,21280,718','Direito do Trabalho - Aula 22 - Prorrogação da Jornada de Trabalho - Art. 59 da CLT','',NULL),(111,'Proteção ao Nome  da Pessoa Natural - Art. 18 do Código Civil','Nesse vídeo a prof. Séfora Schubert ensina como a lei protege o nome e o pseudônimo da pessoa.','FAawLRsAgho','2016-11-26 21:46:22.334811','2014-08-07 13:25:15.000000','thumbnails/111/3xctzEvN5tZGE2c77ANjZG','0,21280,718','Direito Civil - Aula 22 - Proteção ao Nome  da Pessoa Natural - Art. 18 do Código Civil','',NULL),(112,'Direito de  Assistir ao Cliente Investigado - Art. 7º, XXI,  EOAB','Nessa aula o Prof. Ricardo ensina o novo inciso XXI, do Art. 7º do EOAB, que foi inserido pela Lei 13.245/2016, que trata do direito de o advogado assistir ao cliente durante a investigação.','R_lnPFPlTeY','2016-11-26 21:46:22.704432','2016-03-14 10:28:37.000000','thumbnails/112/TqdFojfRX3GJrYMnNUUuof','0,21280,718','Estatuto da OAB - Aula 23 - Direito de  Assistir ao Cliente Investigado - Art. 7º, XXI,  EOAB','',NULL),(113,'Ausência = Fase da Curadoria - Art. 22 ao 25 do Código Civil','Nessa aula a Prof. Séfora Schubert ensina que a primeira fase do processo de ausência se chama de Curadoria e tem como objetivo arrecadar os bens do ausente e nomear um curador para gerir esses bens.','R6zWX7pYST8','2016-11-26 21:46:23.162708','2015-10-07 17:30:02.000000','thumbnails/113/PA4QhKRM4zUdBd3G3yTySQ','0,21280,718','Direito Civil - Aula 23 - Ausência = Fase da Curadoria - Art. 22 ao 25 do Código Civil','',NULL),(114,'Prorrogação da Jornada de Trabalho - Paralisação da Empresa Art. 61','Nessa Aula o Prof. Ricardo explica a prorrogação da jornada de trabalho para recuperação de tempo em razão da paralisação da empresa.\nVisite nosso site para assistir mais vídeos gratuitos: http://www.direitoemtela.com.br','2SIz4msjbqo','2016-11-26 21:46:24.423020','2015-03-12 13:42:47.000000','thumbnails/114/s4TsQ2AcqqzeNgKDnhu6ra','0,21280,718','Direito do Trabalho - Aula 23 - Prorrogação da Jornada de Trabalho - Paralisação da Empresa Art. 61','',NULL),(115,'Direito do Advogado de Examinar Autos de Flagrante - Art. 7º, § 11 EOAB','Nessa aula o prof. Ricardo explica o § 11, do Art. 7º, do EOAB, inserido pela Lei nº 13.245/2016, que trata do Direito do Advogado de Examinar os Autos de Flagrante ou de Investigação.','xogXMR3mj6o','2016-11-26 21:46:25.097918','2016-03-21 11:29:03.000000','thumbnails/115/5CRWY5oWEHXbpJpS9WQNEX','0,21280,718','Estatuto da OAB - Aula 24 - Direito do Advogado de Examinar Autos de Flagrante - Art. 7º, § 11 EOAB','',NULL),(116,'Direito do Advogado de Examinar Autos de Flagrante - Art. 7º, § 11 EOAB','Nessa aula o prof. Ricardo explica o § 11, do Art. 7º, do EOAB, inserido pela Lei nº 13.245/2016, que trata do Direito do Advogado de Examinar os Autos de Flagrante ou de Investigação.','xogXMR3mj6o','2016-11-26 21:46:25.750761','2016-03-21 11:29:03.000000','thumbnails/116/3G2wURMdqfxiJWnKPk3is5','0,21280,718','Estatuto da OAB - Aula 24 - Direito do Advogado de Examinar Autos de Flagrante - Art. 7º, § 11 EOAB','',NULL),(117,'Ausência = Sucessão Provisória - Art. 26 a 36 do Código Civil','Nessa aula a prof. Séfora ensina sobre a fase da Sucessão Provisória que ocorre no Processo de Ausência. Explica que nessa fase é declarada a ausência da pessoa desaparecida e é aberto o inventário para realizar a partilha dos bens.','gWQOe8_d-w0','2016-11-26 21:46:25.953481','2015-10-09 12:01:13.000000','thumbnails/117/eevmSexWxnZX6bbk5XYUze','0,21280,718','Direito Civil - Aula 24 - Ausência = Sucessão Provisória - Art. 26 a 36 do Código Civil','',NULL),(118,'Jornada Normal de Trabalho - Art. 58 CLT','Nessa aula o prof. Ricardo explica quais os empregados que não estão sujeitos à jornada normal de trabalho.\nVisite nosso site: http://www.direitoemtela.com.br','WB6Wau_YQ6c','2016-11-26 21:46:26.136563','2015-04-01 15:03:10.000000','thumbnails/118/UsWtmxEXw4jmhdwNTfMWxC','0,21280,718','Direito do Trabalho - Aula 24 - Jornada Normal de Trabalho - Art. 58 CLT','',NULL),(119,'Respons. do Servidor Que Viola  Direito do Advogado - Art. 7º, § 12','Nessa aula o prof. Ricardo explica que o servidor que violar o direito do advogado de ter acesso aos Autos de investigação ou de flagrante será responsabilizado criminal e funcionalmente.','arSxYuoz5z0','2016-11-26 21:46:27.010514','2016-03-28 21:14:37.000000','thumbnails/119/ak2dtnFti6oQXJ6ikYyi3m','0,21280,718','Estatuto da OAB - Aula 25 -  Respons. do Servidor Que Viola  Direito do Advogado - Art. 7º, § 12','',NULL),(120,'Ausência = Sucessão Definitiva - Art. 37 ao 39 do Código Civil','Nessa aula a prof. Séfora explica que na fase da sucessão definitiva o ausente será declarado morto e seus herdeiros terão tanto a propriedade quanto a posse dos bens do ausente.','vTCfdIUiW3E','2016-11-26 21:46:27.712232','2015-10-12 17:34:25.000000','thumbnails/120/pYERfLS33acQp9xQLKtDXG','0,21280,718','Direito Civil - Aula 25 - Ausência = Sucessão Definitiva - Art. 37 ao 39 do Código Civil','',NULL),(121,'Intervalo Interjornada I - Art. 66 da CLT','Nessa aula o prof. Ricardo ensina o Intervalo Interjornada.\nVisite nosso site: http://www.direitoemtela.com.br','hmh9gYnFyBA','2016-11-26 21:46:27.907088','2015-04-01 15:05:41.000000','thumbnails/121/95rk7JFNpRXnktuqzKg3qZ','0,21280,718','Direito do Trabalho - Aula 25 - Intervalo Interjornada I - Art. 66 da CLT','',NULL),(122,'Inscrição como Advogado na OAB - Art. 8º do EOAB','Nessa aula o Prof. Ricardo explica quais são os requisitos para se inscrever como advogado na OAB.','YxSyuSa2JSw','2016-11-26 21:46:28.074756','2016-04-25 12:04:15.000000','thumbnails/122/szKTgeZ2ipawtJqGoPVJCY','0,21280,718','Estatuto da OAB - Aula 26 -  Inscrição como Advogado na OAB - Art. 8º do EOAB','',NULL),(123,'Intervalo Intrajornada II, Art. 71 CLT','Nessa aula o Prof. Ricardo explica sobre o intervalo interjornada para o empregado que trabalha 4h; 6h e de 6h a 8h. \nVisite nosso site: http://www.direitoemtela.com.br','xjO9MXkfKCg','2016-11-26 21:46:28.263443','2015-04-27 15:08:59.000000','thumbnails/123/j3akDi4xb4PVDBz5n9tyy8','0,61640,419','Direito do Trabalho - Aula 26 - Intervalo Intrajornada II, Art. 71 CLT','',NULL),(124,'Resumão de  Ausência - Art. 22 ao 39 do Código Civil','Nesse vídeo a Prof. Séfora explica o processo de ausência e suas fases, prevista no Art. 22 e ss do Código Civil.','mE9DjkFCanA','2016-11-26 21:46:28.503388','2014-10-14 17:44:13.000000','thumbnails/124/q8D2xg9jjFYRy7QUyTCF9j','0,21280,718','Direito Civil - Aula 26 - Resumão de  Ausência - Art. 22 ao 39 do Código Civil','',NULL),(125,'Revalida para Inscrição na OAB - Art. 8º, §2º,  do EOAB','Nessa aula o Prof. Ricardo explica como o Brasileiro e o Estrangeiro, com graduação no exterior, deve fazer para se inscrever como advogado na OAB.','ta88YIv7X5w','2016-11-26 21:46:29.250312','2016-05-02 11:38:51.000000','thumbnails/125/q9PQ2fDPXuBJbirdMYaHzi','0,21280,718','Estatuto da OAB - Aula 27 -  Revalida para Inscrição na OAB - Art. 8º, §2º,  do EOAB','',NULL),(126,'Intervalo Intrajornada III, Art. 71 CLT','Nessa aula o Prof. Ricardo explica quando o horário mínimo de intervalo intrajornada pode ser modificado. \nVisite nosso site: http://www.direitoemtela.com.br','fOKnYQvydxg','2016-11-26 21:46:29.401537','2015-05-01 19:40:15.000000','thumbnails/126/ASFiiZGMm8eDp5h8tziV8h','0,61640,419','Direito do Trabalho - Aula 27 - Intervalo Intrajornada III, Art. 71 CLT','',NULL),(127,'Domicílio - Art. 70 ao 78 do Código Civil','Nesse vídeo a prof. Séfora ensina sobre domicílio previsto no Art. 70 e ss do Código Civil.','2Id5ewMOPCE','2016-11-26 21:46:29.516745','2014-10-14 19:16:28.000000','thumbnails/127/4YL9y5GvZFQBZfa7dQZLfJ','0,21280,718','Direito Civil - Aula 27 - Domicílio - Art. 70 ao 78 do Código Civil','',NULL),(128,'Idoneidade Moral do Candidato - Art. 8º, §3º,  do EOAB','Nessa aula o prof. Ricardo explica que qualquer pessoa pode suscitar a inidoneidade moral do candidato.','4q2MyPsj1-k','2016-11-26 21:46:29.702685','2016-05-09 11:38:15.000000','thumbnails/128/avbxDTJKJy9iXfCpqU53J5','0,21280,718','Estatuto da OAB - Aula 28 -  Idoneidade Moral do Candidato - Art. 8º, §3º,  do EOAB','',NULL),(129,'Intervalo Intrajornada V - Art. 71 da CLT','Nessa aula o Prof. Ricardo explica como o motorista de tranporte rodoviário de passageiros pode gozar o intervalo intrajornada, conforme redação do ARt. 71, parágrafo 5o da CLT.','3wz0ZBghRLY','2016-11-26 21:46:30.420940','2015-05-15 23:02:27.000000','thumbnails/129/ZaicSZRtyU9dSyXc4A64vH','0,21280,718','Direito do Trabalho - Aula 29 - Intervalo Intrajornada V - Art. 71 da CLT','',NULL),(130,'Bens Imóveis - Art. 79 a 81 do Código Civil','Nessa aula a prof. Séfora ensina quais são os bens imóveis, descritos nos Arts. 79,80 e 81 do Código Civil.','PoM0Zgg1S0w','2016-11-26 21:46:30.610925','2014-10-14 19:22:00.000000','thumbnails/130/ExM45mLMGJQ9xzqiwzFzMd','0,21280,718','Direito Civil - Aula 29 - Bens Imóveis - Art. 79 a 81 do Código Civil','',NULL),(131,'Estagiário da OAB - Art. 9º Lei 8.906/94','Nessa aula o prof. Ricardo explica quem poderá realizar o estágio profissional da Advocacia e quais os atos que poderá realizar.','tUk5tYoP5TM','2016-11-26 21:46:30.778894','2016-06-06 11:38:30.000000','thumbnails/131/ggF7bWYbxSLhMjowbEyjoA','0,21280,718','Estatuto da OAB - Aula 30 -  Estagiário da OAB -  Art. 9º Lei 8.906/94','',NULL),(132,'Intervalo Intrajornada VI - Art.  72 da CLT','Nessa aula o prof. Ricardo ensina sobre o Art. 72 da CLT, que determina o intervalo intrajornada de 10 min, a cada 90 trabalhados, para os profissionais da mecanografia.\nVisite nosso site: http://www.direitoemtela.com.br','uc88Sb9awro','2016-11-26 21:46:30.926047','2015-05-19 02:13:06.000000','thumbnails/132/QkKX6vX9gmZ5hJCUVWprfM','0,61640,419','Direito do Trabalho - Aula 30 - Intervalo Intrajornada VI - Art.  72 da CLT','',NULL),(133,'Bens Móveis - Art. 82 a 84 do Código Civil','Nesse vídeos a Prof. Séfora ensina quais os bens móveis previstos no Código Civil.','e4SgadcM8W0','2016-11-26 21:46:31.218644','2014-10-30 12:15:59.000000','thumbnails/133/A5GAHYXg7JMx9Z3JakYLSd','0,21280,718','Direito Civil - Aula 30 - Bens Móveis - Art. 82 a 84 do Código Civil','',NULL),(134,'Inscrição como Estagiário na OAB - Art. 9º Lei 8.906/94','Nessa aula o prof. Ricardo explica quais são os requisitos para se inscrever como estagiário da OAB.\nColabore com a nova plataforma do canal:  http://www.kickante.com.br/campanhas/plataforma-para-o-canal-direito-em-tela\nEssa plataforma envolve muito trabalho e custos, e sem sua ajuda não será possível construí-la.\nContamos com você para, junto conosco, transformar o estudo do direito no Brasil! Abraços','JVmmMhe0q2s','2016-11-26 21:46:31.345766','2016-06-20 11:09:11.000000','thumbnails/134/d6QGypw3CNTiWK3UcN7tYQ','0,21280,718','Estatuto da OAB - Aula 31 -  Inscrição como Estagiário na OAB -  Art. 9º Lei 8.906/94','',NULL),(135,'Horário Noturno  I - Art.  73 da CLT','Nessa aula o Prof. Ricardo explica o horário noturno, que vai das 22h às 05 horas do dia seguinte. \nVisite nosso site: http://www.direitoemtela.com.br','mJ1wae2pPN0','2016-11-26 21:46:31.577673','2015-05-23 03:33:12.000000','thumbnails/135/ct7uM2NqUtJ23WSnReVYpc','0,21280,718','Direito do Trabalho - Aula 31 - Horário Noturno  I - Art.  73 da CLT','',NULL),(136,'Bens Fungíveis  e Infungíveis - Art. 85 do Código Civil','Nesse vídeo a prof. Séfora explica a diferença entre bens fungíveis e bens infungíveis.','rQPxgGjDkoM','2016-11-26 21:46:31.726916','2014-11-10 16:52:25.000000','thumbnails/136/6ZCfD99zGR4drRiGFcoTCD','0,21280,718','Direito Civil - Aula 31 - Bens Fungíveis  e Infungíveis - Art. 85 do Código Civil','',NULL),(137,'Inscrição do Advogado na OAB - Art. 10 Lei 8.906/94','Nessa aula o prof. Ricardo explica o Art 10 do EOAB que trata da Inscrição Principal do Advogado na OAB.','twmCon1YHuw','2016-11-26 21:46:32.557063','2016-08-19 11:12:30.000000','thumbnails/137/B3Pa8uAY6FMjWo4Cfhr6db','0,21280,718','Estatuto da OAB - Aula 32 -  Inscrição do Advogado na OAB -  Art. 10 Lei 8.906/94','',NULL),(138,'Duração do Horário Noturno II - Art.  73 da CLT','Nessa aula  o Prof. Ricardo explica qual a duração do  horário noturno de trabalho.\nVisite nosso site: http://www.direitoemtela.com.br','be4DvA02JPk','2016-11-26 21:46:32.717026','2015-05-24 19:59:56.000000','thumbnails/138/syZhF56wY3GS527KAxMk3X','0,21280,718','Direito do Trabalho - Aula 32 - Duração do Horário Noturno II - Art.  73 da CLT','',NULL),(139,'Inscrição Suplementar do Advogado na OAB - Art. 10 do EOAB','Nessa aula, o prof. Ricardo explica que o Advogado que exercer a advocacia de forma habitual  fora de seu domicílio profissional, deverá requerer a inscrição suplementar no respectivo Conselho Seccional.','vlZcz0cF07E','2016-11-26 21:46:32.870666','2016-08-24 16:51:59.000000','thumbnails/139/uZvCdZZze9MVHUeTTs34LC','0,21280,718','Estatuto da OAB - Aula 33 - Inscrição Suplementar do Advogado na OAB - Art. 10 do EOAB','',NULL),(140,'Como Calcular a Hora Noturna - Art. 73 da CLT','Nessa aula o Prof. Ricardo ensina como calcular a Hora Noturna.\nVisite nosso site: http://www.direitoemtela.com.br','DkmreQkNLq8','2016-11-26 21:46:33.003567','2015-06-11 23:43:19.000000','thumbnails/140/7wPrji62RAsjiFcZq22SFW','0,21280,718','Direito do Trabalho - Aula 33 - Como Calcular a Hora Noturna - Art. 73 da CLT','',NULL),(141,'Hora Extra Diurna em Prorrogação do Horário Noturno - Art. 73 CLT','Nessa aula o Prof. Ricardo ensina como se calcula a hora extra diurna em prorrogação do horário noturno.\nVisite nosso site: http://www.direitoemtela.com.br','Y9biU2OaPMg','2016-11-26 21:46:33.139386','2015-06-18 13:31:09.000000','thumbnails/141/Bzp6u6HvUT26psupgJVKcZ','0,21280,718','Direito do Trabalho - Aula 34 - Hora Extra Diurna em Prorrogação do Horário Noturno - Art. 73 CLT','',NULL),(142,'Cancelamento da Inscrição do Advogado na OAB - Art. 11 Lei 8.906/94','Nessa aula o prof. Ricardo Schubert explica quais são as situações que levam ao cancelamento da inscrição do Advogado na OAB.','yui7iZSXILY','2016-11-26 21:46:33.281567','2016-10-01 22:49:00.000000','thumbnails/142/FvzQFfg2NG4GVjbxhcESyE','0,21280,718','Estatuto da OAB - Aula 35 -  Cancelamento da Inscrição do Advogado na OAB- Art. 11 Lei 8.906/94','',NULL),(143,'Adicional Noturno - Art. 73 da CLT','Nessa aula o Prof. Ricardo explica que quando o funcionário é transferido do turno noturno para o turno diurno, ele perde o direito ao Adicional Noturno.\nVisite nosso site: http://www.direitoemtela.com.br','go6MieX3Roo','2016-11-26 21:46:33.414477','2015-06-24 15:08:10.000000','thumbnails/143/pdNLB4Q25Ww84saEuoJy6B','0,21280,718','Direito do Trabalho - Aula 35 - Adicional Noturno - Art. 73 da CLT','',NULL),(144,'Licença do Advogado na OAB - Art. 12 Lei 8.906/94','Nessa aula o Prof. Ricardo Schubert explica quais são os casos em que o advogado pode requerer a licença profissional.','a-owwjZpK48','2016-11-26 21:46:33.594895','2016-10-03 10:36:37.000000','thumbnails/144/Y64yhu5nfv3fXb8dNktL2k','0,21280,718','Estatuto da OAB - Aula 36 -  Licença do Advogado na OAB - Art. 12 Lei 8.906/94','',NULL),(145,'Quadro de Horário - Art. 74 CLT','Nessa aula o Prof. Ricardo explica que a CLT exige que as empresas afixem o quadro de horário de seus funcionários, sendo dispensadas as empresas que possuem controle de horário e as pequenas e micro empresas.','2ur1FqN_bqc','2016-11-26 21:46:34.018838','2015-06-26 13:41:26.000000','thumbnails/145/MJpJ2GghVTUt6Xbg8taWgL','0,61640,419','Direito do Trabalho - Aula 36 - Quadro de Horário - Art. 74 CLT','',NULL),(146,'Bem Acessório e Pertença - Art. 92 a 97 do Código Civil','Nessa aula a Prof. Séfora ensina o que é o bem acessório, explicando o acessório e a pertença.','lvOGJQ8VsOc','2016-11-26 21:46:34.682569','2015-03-02 14:19:11.000000','thumbnails/146/YdgWCJfc3eb34G2zDqoHs8','0,21280,718','Direito Civil - Aula 36 - Bem Acessório e Pertença - Art. 92 a 97 do Código Civil','',NULL),(147,'Documentos de Identidade do Advogado - Art. 13 Lei 8.906/94','Nessa aula o Prof. Ricardo Schubert explica que são documentos de identidade do advogado: a Carteira de Identidade Profissional e Cartão de Identidade.','xVqS4_r8Qoc','2016-11-26 21:46:35.240360','2016-10-10 10:15:25.000000','thumbnails/147/GPJAsT3aHXyici8yZ78Z8n','0,21280,718','Estatuto da OAB - Aula 37 -  Documentos de Identidade do Advogado - Art. 13 Lei 8.906/94','',NULL),(148,'Anotação do Horário de Trabalho - Art. 74 da CLT','Nessa aula o Prof. Ricardo ensina que o estabelecimento com mais de 10 empregados deverá conter o controle de horário de trabalho.\nVisite nosso site: http//www.direitoemtela.com.br','fXZjbl0am74','2016-11-26 21:46:35.395587','2015-07-04 14:50:52.000000','thumbnails/148/wFfrf8MTiyjgqzsari2BxR','0,21280,718','Direito do Trabalho - Aula 37 - Anotação do Horário de Trabalho- Art. 74 da CLT','',NULL),(149,'Frutos e Produtos - Art. 95 do Código Civil','Nesse vídeo a prof. Séfora explica a diferença entre frutos e produtos, bem como os vários tipos de frutos existentes.','ygO4iix11Yw','2016-11-26 21:46:35.553358','2015-02-04 18:02:40.000000','thumbnails/149/Xd2Rm6DqjMPWe2TpZJ9qk3','0,21280,718','Direito Civil - Aula 37 - Frutos e Produtos - Art. 95 do Código Civil','',NULL),(150,'Identificação do Advogado nos Documentos - Art. 14 Lei 8.906/94','Nessa aula o prof. Ricardo Schubert explica que a identificação do Advogado, e o seu número de inscrição da OAB, deverá constar dos documentos assinados e dos materiais publicitários.','EUHpN0IG6s0','2016-11-26 21:46:35.741447','2016-10-17 22:14:09.000000','thumbnails/150/QF32QqUTwiNip8P35LYgpc','0,21280,718','Estatuto da OAB - Aula 38 -  Identificação do Advogado nos Documentos - Art. 14 Lei 8.906/94','',NULL),(151,'Registro da Jornada de Trabalho - Art. 74 da CLT','Nessa aula o Prof. Ricardo explica como a empresa deverá fazer o registro da jornada de trabalho e a quem cabe o ônus da prova. \nVisite nosso site: http://www.direitoemtela.com.br','DLpMzPTAjAc','2016-11-26 21:46:35.878552','2015-07-09 16:10:32.000000','thumbnails/151/NePkDNprKeT36NLXSPTPf5','0,21280,718','Direito do Trabalho - Aula 38 - Registro da Jornada de Trabalho - Art. 74 da CLT','',NULL),(152,'Sociedade de Advogados - Art. 15 do EOAB','Nessa aula o prof. Ricardo Schubert explica a Sociedade de Advogados prevista no Art. 15 do EOAB (nova redação).\nPara mas vídeos, acesse: https://www.direitoemtela.com.br','-bSMQIxRj3E','2016-11-26 21:46:36.019126','2016-10-24 19:09:27.000000','thumbnails/152/6kUWJ4ohcQNYvGaQW3cS8V','0,21280,718','Estatuto da OAB - Aula 39 -  Sociedade de Advogados - Art. 15 do EOAB','',NULL),(153,'Bens Públicos - Art. 98 a 103 do Código Civil','Nessa aula a Prof. Séfora ensina sobre a classificação dos bens públicos previstos no Código Civil.\nVisite nosso site a assista mais vídeos-aula: http://www.direitoemtela.com.br','JKi2SwEjLCI','2016-11-26 21:46:36.189440','2015-03-12 13:49:19.000000','thumbnails/153/hHDeWpGBazC5GXY8tYoUyD','0,21280,718','Direito Civil - Aula 39 - Bens Públicos - Art. 98 a 103 do Código Civil','',NULL),(154,'Pessoa Jurídica - Conceito - Art. 40 CC','Nessa aula a prof. Séfora explica o conceito de pessoa jurídica e as teorias relativas a natureza jurídica da pessoa jurídica. \nVisite nosso site: http://www.dirietoemtela.com.br','cQ-8nPtiSm4','2016-11-26 21:46:36.351788','2015-07-19 17:17:42.000000','thumbnails/154/wBD9amqpfCU8BnhwLiu886','0,21280,718','Direito Civil - Aula 40 - Pessoa Jurídica - Conceito -  Art. 40 CC','',NULL),(155,'Salário Mínimo II - Art.  76 da CLT','Nessa aula o prof. Ricardo explica que o empregado poderá receber o salário por mês, por dia e por hora. \nVisite o nosso site:http//www.direitoemtela.com.br','7EFKz5dhHIk','2016-11-26 21:46:36.535560','2015-07-14 03:00:45.000000','thumbnails/155/9wsjTxgvpPgG4KRSKZv4Aa','0,61640,419','Direito do Trabalho - Aula 40 - Salário Mínimo II - Art.  76 da CLT','',NULL),(156,'Pessoa Jurídica de Direito Público - Art. 41 do CC','Nessa aula a Prof. Séfora relaciona as pessoas jurídicas de Direito Público que estão relacionadas no Art. 41 do CC.\nVisite nosso site: http://www.direitoemtela.com.br','PmIF9DTowBA','2016-11-26 21:46:36.885311','2015-07-27 17:20:22.000000','thumbnails/156/MAsmiuvRUR6Y8aX7aPt9qZ','0,21280,718','Direito Civil - Aula 41 - Pessoa Jurídica de Direito Público - Art. 41 do CC','',NULL),(157,'Salário Variável - Art. 78 da CLT','Nessa aula o Prof. Ricardo explica que o empregado poderá receber salário variável por: comissão, peça, tarefa e outras modalidade. \nVisite nosso site: http://www.direitoemtela.com.br','Apen6_gjmYY','2016-11-26 21:46:38.609739','2015-07-16 16:02:57.000000','thumbnails/157/eKwdEm2gJdb8upwau7oVbE','0,21280,718','Direito do Trabalho - Aula 41 - Salário Variável - Art. 78 da CLT','',NULL),(158,'Responsabilidade da Pessoa Jurídica Direito Público Art. 43 CC','Nessa aula a prof. Séfora ensina que o Estado é civilmente responsável pelos atos lesivos que seus agentes causarem a terceiros. \nVisite nosso site: http://www.direitoemtela.com.br','PaORTrJgaWg','2016-11-26 21:46:38.757498','2015-07-31 13:29:44.000000','thumbnails/158/4hudGZC5JZRz6uteGzjMzZ','0,21280,718','Direito Civil - Aula 42 - Responsabilidade da Pessoa Jurídica Direito Público Art. 43 CC','',NULL),(159,'Garantia Salário Minimo para  Empregado Salário Variável','Nessa aula o Prof. Ricardo explica que o empregado contratado por salário variável tem a garantia ao recebimento do salário nunca inferior ao mínimo. \nVisite nosso site: http://www.direitoemtela.com.br','vo7Y0HdFLqU','2016-11-26 21:46:38.943895','2015-07-20 13:03:10.000000','thumbnails/159/bsGNWXVBzoUBqUeeur87VL','0,21280,718','Direito do Trabalho - Aula 42 - Garantia Salário Minimo para  Empregado Salário Variável','',NULL),(160,'Pessoa Jurídica de Direito Privado - Art. 44 do Código Civil','Nessa aula a prof. Séfora ensina quais são as pessoas jurídicas de direito privado e comenta brevemente sobre cada uma delas.','eZUyoDU58fk','2016-11-26 21:46:39.117363','2015-08-07 13:23:09.000000','thumbnails/160/ABNFzB3RkViumLeCqcMJT','0,21280,718','Direito Civil - Aula 43 - Pessoa Jurídica de Direito Privado - Art. 44 do Código Civil','',NULL),(161,'Salário em Comissão ou Peça - Art. 82 da CLT','Nessa aula o prof. Ricardo explica que o empregado poderá receber parte de seu salário em dinheiro e parte em facilidades.\nVisite nosso site: http://www.direitoemtela.com.br','YIW_VnnX0BE','2016-11-26 21:46:39.313670','2015-07-27 17:36:02.000000','thumbnails/161/nhXeDzHoei5qE9V7vm2r3W','0,21280,718','Direito do Trabalho - Aula 43 - Salário em Comissão ou Peça - Art. 82 da CLT','',NULL),(162,'Personalidade da Pessoa Jurídica de Direito Privado - Art. 45 CC','Nessa aula a prof. Séfora explica que a personalidade civil da pessoa jurídica de direito privado inicia com o registro de seu ato constitutivo.','9JYSvs7kdsA','2016-11-26 21:46:39.491562','2015-09-02 17:18:24.000000','thumbnails/162/avcvudghJR7or7diV2UwDh','0,21280,718','Direito Civil - Aula 44 - Personalidade da Pessoa Jurídica de Direito Privado - Art. 45 CC','',NULL),(163,'Trabalhador que Trabalha em Casa - Art. 83 da CLT','Nessa aula o Prof. Ricardo explica que o empregador pode contratar o empregado para trabalhar em domicílio. \nVisite nosso site: http://www.direitoemtela.com.br','EvhIDM6zYiU','2016-11-26 21:46:39.670684','2015-07-30 18:27:24.000000','thumbnails/163/jjMcSTbn3pfbvNR7KtvTFN','0,61640,419','Direito do Trabalho - Aula 44 - Trabalhador que Trabalha em Casa - Art. 83 da CLT','',NULL),(164,'Representação da Pessoa Jurídica - Art. 47 Código Civil','Nessa aula a prof. Séfora explica que os atos dos administradores obriga a pessoa jurídica e que o Código Civil adotou o Teoria Ultra Vires.','90BbIxp5RvY','2016-11-26 21:46:40.915254','2015-09-14 11:25:03.000000','thumbnails/164/AygDf8cgGGhBxTQg8HddjB','0,21280,718','Direito Civil - Aula 45 - Representação da Pessoa Jurídica - Art. 47 Código Civil','',NULL),(165,'Direito às Férias - Art. 129 da CLT','Nessa aula o prof. Ricardo ensina que o trabalhador tem direito às férias, após o período aquisitivo.\nVisite nosso site: http://www.direitoemtela.com.br','9I74R3dD0s8','2016-11-26 21:46:41.610845','2015-08-06 02:57:38.000000','thumbnails/165/2XP4zagKorhsCbeq6FkeBL','0,61640,419','Direito do Trabalho - Aula 45 - Direito às Férias - Art. 129 da CLT','',NULL),(166,'Desconsideração da Personalidade Jurídica da Pessoa Jurídica - Art. 50 CC','Nessa aula a Prof. Séfora explica o Art. 50 do Código Civil que dispõe sobre a desconsideração da personalidade jurídica da pessoa jurídica, que adotou a Teoria Maior.','aZOuMVsMzAw','2016-11-26 21:46:41.770251','2015-09-18 22:30:59.000000','thumbnails/166/iUaawztMPtwrAENsESCMqP','0,21280,718','Direito Civil - Aula 46 - Desconsideração da Personalidade Jurídica da Pessoa Jurídica - Art. 50 CC','',NULL),(167,'Fim da Pessoa Jurídica Art. 51 do Código Civil','Nessa aula a prof. Séfora explica que o Art. 51 do Código Civil  que trata da dissolução da pessoa jurídica e de sua liquidação. \nPar mais vídeos acesse: http://www.direitoemtela.com.br','DdEdKvXIaSA','2016-11-26 21:46:42.048008','2015-09-30 16:22:15.000000','thumbnails/167/umFn4WkkrTFyh7E3SMjz5M','0,21280,718','Direito Civil - Aula 47 - Fim da Pessoa Jurídica Art. 51 do Código Civil','',NULL),(168,'Faltas Abonadas e o Período Aquisitivo  das Férias Art. 130 CLT','Nessa aula o prof. Ricardo ensina o período aquisitivo das férias, explicando que quanto mais o empregado faltar menos dias ele terá para gozar as suas férias.','8wS_uZlBa8k','2016-11-26 21:46:42.221400','2015-08-13 16:39:34.000000','thumbnails/168/9rG3gYxApbdxpcwWLz8mvN','0,21280,718','Direito do Trabalho - Aula 47 - Faltas Abonadas e o Período Aquisitivo  das Férias Art. 130 CLT','',NULL),(169,'Direitos da Personalidade da Pessoa Jurídica - Art. 52 CC','Nessa aula a Prof. Séfora explica que a pessoa jurídica também possui direitos da personalidade que merecem a proteção do Estado.','ReqsKpQbudU','2016-11-26 21:46:42.381583','2015-10-05 12:41:28.000000','thumbnails/169/nhyouDtPMVNat3Qas4CSsU','0,21280,718','Direito Civil - Aula 48 - Direitos da Personalidade da Pessoa Jurídica - Art. 52 CC','',NULL),(170,'As Férias do Empregado em Tempo Parcial - Art. 130 - A CLT','Nessa aula ao prof. Ricardo explica que os dias de férias do trabalhador contratado em tempo parcial é proporcional ao número de horas que o empregado trabalha durante a semana. \nVisite o nosso site para assistir outras aulas: http://www.direitoemtela.com.br','DXwjr0g1biE','2016-11-26 21:46:43.485099','2015-08-14 21:22:44.000000','thumbnails/170/V2LiGbMBxv99vkuYqhX4wT','0,21280,718','Direito do Trabalho - Aula 48 - As Férias do Empregado em Tempo Parcial - Art. 130-A CLT','',NULL),(171,'Associação Privada - Art. 53 do Código Civil','Nessa aula a prof. Séfora explica o conceito de associação privada, ensinando que constituem-se as associações as união de pessoas que buscam uma finalidade sem fins lucrativos.','aTs03KvwRVw','2016-11-26 21:46:43.676371','2015-10-16 14:47:30.000000','thumbnails/171/x8ejCLyyNoghdfhstzDH2D','0,21280,718','Direito Civil - Aula 49 - Associação Privada - Art. 53 do Código Civil','',NULL),(172,'Faltas do Empregado - Art. 130 CLT','Nessa aula o prof. Ricardo ensina sobre as faltas do empregado no trabalho, discorrendo sobre as faltas injustificadas e faltas justificadas.','PW5j66sAUwc','2016-11-26 21:46:44.432067','2015-08-21 13:05:26.000000','thumbnails/172/MppRUb9ceLrfX3bip9YbyE','0,61640,419','Direito do Trabalho - Aula 49 - Faltas do Empregado - Art. 130 CLT','',NULL),(173,'As Associações Privadas e a CRFB/1998 - Art. 5º, XVII a XXI, da CF/88','Nessa aula a Prof. Séfora ensina que o direito de Associação é um direito fundamental nos Estados democráticos.','QW0qPKaLhfE','2016-11-26 21:46:45.039724','2015-10-23 13:57:01.000000','thumbnails/173/kLkj96KAe8Nr7fXM34jdiM','0,21280,718','Direito Civil - Aula 50 - As Associações Privadas e a CRFB/1998 - Art. 5º, XVII a XXI, da CF/88','',NULL),(174,'Faltas Justificadas - Art. 131 CLT','Nessa aula o prof. Ricardo ensina quais são as faltas justificadas pela CLT.','RVQJmIXi3ek','2016-11-26 21:46:45.288617','2015-08-28 15:50:38.000000','thumbnails/174/B36BtdMtHep4cY6UrQaGVY','0,61640,419','Direito do Trabalho - Aula 50 - Faltas Justificadas - Art. 131 CLT','',NULL),(175,'O Estatuto das Associações Privadas - Art. 54 do Código Civil','Nessa aula a prof. Séfora ensina todos os requisitos que devem conter o Estatuto das Associações Privadas, sob pena de nulidade.','XUQp_xdJM68','2016-11-26 21:46:45.443750','2015-10-26 15:19:08.000000','thumbnails/175/UfkuuEPNob4BVH7BEkmi3A','0,21280,718','Direito Civil - Aula 51 - O Estatuto das Associações Privadas - Art. 54 do Código Civil','',NULL),(176,'Férias do Empregado e o Serviço Militar Obrigatório - Art. 132 CLT','Nessa aula, o prof. Ricardo explica como serão computadas as férias do empregado que prestou o serviço militar obrigatório. \nPara assistir mais aulas, acesse o nosso site: http://www.direitoemtela.com.br','kYqsNPkfAcU','2016-11-26 21:46:45.605202','2015-09-11 11:28:37.000000','thumbnails/176/xHvdZygPJUGDb8kP9F9xBH','0,21280,718','Direito do Trabalho - Aula 51 - Férias do Empregado e o Serviço Militar Obrigatório - Art. 132 CLT','',NULL),(177,'Dos Associados das Associações Privadas - Art. 53; 55 e 56  do Código Civil','Nessa aula a Prof. Séfora ensina quais os direitos e deveres dos associados das associações privada, dando ênfase aos Art. 53; 55 e 56 do CC.','BbQqTbxyNdA','2016-11-26 21:46:45.781266','2015-10-28 15:05:01.000000','thumbnails/177/yKGubFsVR2LWBvngt3ptbK','0,21280,718','Direito Civil - Aula 52 - Dos Associados das Associações Privadas- Art. 53; 55 e 56  do Código Civil','',NULL),(178,'Quando o Empregado Perde o Direito a Férias? Art. 133 CLT','Nessa aula o Prof. Ricardo explica o Art. 133 da CLT que trata da perda das férias do empregado.','7N4gHuKNwqQ','2016-11-26 21:46:45.993962','2015-09-16 16:38:49.000000','thumbnails/178/BnEnssm6fGqBNPf4tKEbgC','0,61640,419','Direito do Trabalho - Aula 52 - Quando o Empregado Perde o Direito a Férias? Art. 133 CLT','',NULL),(179,'Exclusão do Associado - Art. 57 do Código Civil','Nessa aula a Prof. Séfora explica que o associado poderá se desligar da Associação por livre e espontânea vontade, no entanto contra a sua vontade somente poderá ser excluido da associação mediante procedimento com ampla defesa e direito de recurso.','huC1hQkbV6A','2016-11-26 21:46:46.286259','2015-11-02 17:30:28.000000','thumbnails/179/Dw38Vf4e6TG2v8xq6tpQPB','0,21280,718','Direito Civil - Aula 53 - Exclusão do Associado- Art. 57 do Código Civil','',NULL),(180,'Direito do Associado da Associação Privada - Art. 58 Código Civil','Nessa aula a Prof. Séfora  explica que nenhum associado poderá ser impedido de exercer um direito ou uma função que lhe tenha sido legitimamente conferidos.','d3jANx77KzY','2016-11-26 21:46:47.594703','2015-11-04 22:40:43.000000','thumbnails/180/hcaQpSekd4F5ezw5yQ4fAh','0,21280,718','Direito Civil - Aula 54 - Direito do Associado da Associação Privada - Art. 58 Código Civil','',NULL),(181,'Como Podem Ser Gozadas as Férias? Art. 136 da CLT','Nessa aula o Prof. Ricardo explica que os membros de uma mesma família podem gozar as férias no mesmo período. Ensina, também, que o menor de 18 anos tem o direito de coincidir as suas férias com as férias escolares.','fJAwnTRIiBQ','2016-11-26 21:46:48.255094','2015-09-23 15:16:52.000000','thumbnails/181/2sxLbVp8nVqBC9wNrdkUUC','0,21280,718','Direito do do Trabalho - Aula 54 - Como Podem Ser Gozadas as Férias? Art. 136 da CLT','',NULL),(182,'Convocação da Assembleia Geral nas Associações Privadas - Art. 59 CC','Nessa aula a prof. Séfora explica o Art. 59 e 60 do Código Civil, que determina que para a Alteração do Estatuto, e Destituição dos Administradores da Associação Privada, haverá necessidade de convocação da Assembleia Geral para essa finalidade específica.','qQIOHdItgBQ','2016-11-26 21:46:48.434825','2015-11-06 13:37:21.000000','thumbnails/182/kiipNiznLBMcsAwfG6CDnN','0,21280,718','Direito Civil - Aula 55 - Convocação da Assembleia Geral nas Associações Privadas - Art. 59 CC','',NULL),(183,'Pagamento das Férias em Dobro - Art. 137 da CLT','Nessa aula, o Prof. Ricardo explica que se o empregador não conceder as férias do empregado no prazo do Art. 134 da CLT, as férias deverão ser pagas em dobro.','rFLkIZvTTjM','2016-11-26 21:46:48.624728','2015-09-28 13:08:16.000000','thumbnails/183/ENzLtpM4jcYjzE4K2MgBZU','0,21280,718','Direito do Trabalho - Aula 55 - Pagamento das Férias em Dobro -Art. 137 da CLT','',NULL),(184,'Extinção da Associação Privada - Art. 61 Código Civil','Nessa aula a prof. Séfora explica o que acontece com o patrimônio da Associação no caso de sua extinção.','5_OHZgaThVU','2016-11-26 21:46:48.794513','2015-11-13 10:39:11.000000','thumbnails/184/T6adKaX7QNnqHMGQ2UMjJG','0,21280,718','Direito Civil - Aula 56 - Extinção da Associação Privada - Art. 61 Código Civil','',NULL),(185,'Direito de Exigir as Férias - Art. 137 da CLT','Nessa aula o Prof. Ricardo explica que se o empregador não conceder as férias no prazo do Art. 134 da CLT, o empregado poderá ajuizar ação trabalhista para que o período de gozo das férias seja fixado por sentença.','e-S1ks_v3qo','2016-11-26 21:46:48.976705','2015-10-02 10:55:42.000000','thumbnails/185/UPM2KPF22rAKQCXZ6gNLyY','0,21280,718','Direito do do Trabalho - Aula 56 - Direito de Exigir as Férias - Art. 137 da CLT','',NULL),(186,'Fundação Privada - Art. 62 Código Civil','Nessa aula a prof. Séfora explica que a Fundação Privada é a dotação de bens livres em busca de uma finalidade.','wGLubaJBz3c','2016-11-26 21:46:49.165426','2015-11-18 13:35:25.000000','thumbnails/186/kiDq8YqztrFc6g6CsSBwrT','0,21280,718','Direito Civil - Aula 57 - Fundação Privada - Art. 62 Código Civil','',NULL),(187,'O Empregado Pode Trabalhar Durante as  suas Férias? Art 138 CLT','Nessa aula o Prof. Ricardo ensina que durante as suas férias o empregado não pode trabalhar para outro empregador, exceto se ele já tiver contrato prévio de trabalho com aquele.','bOwX27zLe6k','2016-11-26 21:46:49.400066','2015-10-19 12:03:35.000000','thumbnails/187/XPvfnARvjPZwixfwBH2XxT','0,21280,718','Direito do Trabalho - Aula 57 -  O Empregado Pode Trabalhar Durante as  suas Férias? Art 138 CLT','',NULL),(188,'Finalidades da Fundação Privada - Art. 62, parágrafo único, Código Civil','Nessa aula a prof. Séfora explica que as Fundações Privadas devem atender as finalidades previstas no ARt. 62, parágrafo único , do Código Civil.','h6pukKP8Obk','2016-11-26 21:46:49.586890','2015-11-20 11:22:29.000000','thumbnails/188/6vWxBru7LFM2MprjnC7Z2k','0,21280,718','Direito Civil - Aula 58 - Finalidades da Fundação Privada - Art. 62, parágrafo único, Código Civil','',NULL),(189,'Férias Coletivas - Art. 139 da CLT','Nessa aula o prof. Ricardo explica que as férias coletivas poderão ser totais ou parciais, sendo para todos os empregados da empresa; determinados estabelecimentos ou setores da empresa.','GB0e5cEd_PA','2016-11-26 21:46:51.159118','2015-10-21 13:34:00.000000','thumbnails/189/bojSmmWAnfBww3YEcQGvDL','0,21280,718','Direito do Trabalho - Aula 58 -  Férias Coletivas - Art. 139 da CLT','',NULL),(190,'Comunicação das Férias Coletivas - Art. 139 da CLT','Nessa aula o Prof. Ricardo ensina quais as providências que o Empregador deve tomar antes de conceder as férias coletivas ao seus empregados.','AUu4t3hIw38','2016-11-26 21:46:51.479581','2015-11-09 15:49:35.000000','thumbnails/190/rMWjLSru7K5eecdLaZimjR','0,21280,718','Direito do Trabalho - Aula 59 -  Comunicação das Férias Coletivas - Art. 139 da CLT','',NULL),(191,'Alteração do Estatuto da Fundação Privada - Art. 67 e  68 do Código Civil','Nessa aula a prof. Séfora explica que é possível alterar o Estatuto da Fundação Privada, no entanto devem ser observadas as disposições constantes do Art. 67 e 68 do CC. O Direito da Minoria vencida também é tratado nessa aula.','Fk9DK9Xt760','2016-11-26 21:46:51.653927','2015-12-04 10:58:49.000000','thumbnails/191/dUZjEqkgDRXmZnuzrXF5qG','0,21280,718','Direito Civil - Aula 60 - Alteração do Estatuto da Fundação Privada - Art. 67 e  68 do Código Civil','',NULL),(192,'Férias Coletivas Proporcionais - Art. 140  da CLT','Nessa aula o Prof. Ricardo explica como o empregado irá gozar as suas férias proporcionais durante as férias coletivas.','gqnDOx2jPS8','2016-11-26 21:46:51.834931','2015-11-23 16:01:38.000000','thumbnails/192/R6d5Ld2AcPqsKgm4LncXVZ','0,21280,718','Direito do Trabalho - Aula 60 - Férias Coletivas Proporcionais - Art. 140  da CLT','',NULL),(193,'Anotação das Férias Coletivas - Art. 141 da CLT','Nessa aula o prof. Ricardo explica os procedimentos para anotação das férias coletivas.','i41pqAsYI_o','2016-11-26 21:46:51.996132','2016-02-05 15:43:49.000000','thumbnails/193/Nw7Y4W3xa2Ek2rqd2GGHUL','0,21280,718','Direito do Trabalho - Aula 61 -  Anotação das Férias Coletivas - Art. 141 da CLT','',NULL),(194,'Extinção da Fundação Privada - Art. 69 do Código Civil','Nessa aula a prof. Sefora explica o Art. 69 do Código Civil, especificando quais as causas de extinção da fundação privada e o destino dos bens da Fundação extinta.','ksTJE5rgN-U','2016-11-26 21:46:52.154845','2016-01-27 10:54:56.000000','thumbnails/194/Lg9Zi6mjeZKWuTRfqPLvCk','0,21280,718','Direito Civil - Aula 61 - Extinção da Fundação Privada - Art. 69 do Código Civil','',NULL),(195,'Cálculo das Férias do Empregado - Art. 142 da CLT','Nessa aula o Prof. Ricardo ensina como fazer o cálculo da remuneração das férias do empregado.','Gu3KPIQQRvM','2016-11-26 21:46:52.403486','2016-02-10 11:49:20.000000','thumbnails/195/YuhH9MTjr8ovPBzA84N9D5','0,21280,718','Direito do Trabalho - Aula 62 - Cálculo das Férias do Empregado - Art. 142 da CLT','',NULL),(196,'O Ministério Público e a  Fundação Privada - Art. 66 do Código Civil','Nessa aula a prof. Sefora explica quais são as atribuições do Ministério Público em relação às Fundações Privadas.','QttDEqsb67s','2016-11-26 21:46:52.573287','2016-01-29 13:21:46.000000','thumbnails/196/oDUnMaL5u7GjrUDYHYAdT8','0,21280,718','Direito Civil - Aula 62 - O Ministério Público e a  Fundação Privada - Art. 66 do Código Civil','',NULL),(197,'Cálculo das Férias do Empregado Horista - Art. 142, p 1º,  da CLT','Nessa aula o prof. Ricardo ensina como calcular as férias do empregado que recebe por hora, com jornada de trabalho variável.','G-PDykvKQXU','2016-11-26 21:46:52.746726','2016-02-15 12:09:58.000000','thumbnails/197/m8CcTm5fLfDBQXHVwDFcDR','0,21280,718','Direito do Trabalho - Aula 63 - Cálculo das Férias do Empregado Horista  -  Art. 142, p 1º,  da CLT','',NULL),(198,'Fatos Jurídicos - Conceito','Nessa aula a Prof. Séfora dá o conceito de Fatos Jurídicos, relacionando-os com os Fatos Naturais; Fatos Humanos e Negócios Jurídicos.','vOyncM7hJM8','2016-11-26 21:46:52.890654','2016-02-03 20:49:28.000000','thumbnails/198/L9NTqqjUSBGK5XkvdRKSwD','0,21280,718','Direito Civil - Aula 63 - Fatos Jurídicos - Conceito','',NULL),(199,'Cálculo  Férias do Empregado por Tarefa - Art. 142, p 2º,  da CLT','Nessa aula o prof. Ricardo ensina, por meio de exemplos, como se calculam as férias do empregado que recebe por tarefa. \nMais vídeos acesse: http://www.direitoemtela.com.br','5z3KcQ3f-RY','2016-11-26 21:46:53.047163','2016-02-26 19:31:07.000000','thumbnails/199/JG26JcCvNCqLzwZueKnyaA','0,21280,718','Direito do Trabalho - Aula 64 - Cálculo  Férias do Empregado por Tarefa  -  Art. 142, p 2º,  da CLT','',NULL),(200,'Negócios Jurídicos = Conceito e Efeitos','Nessa aula a prof. Sefora explica o que são os negócios jurídicos e ensina quais os seus efeitos.','NFLq6G4pBBk','2016-11-26 21:46:53.236140','2016-02-08 14:19:55.000000','thumbnails/200/Pz2VBPiv8degmY5FD3pryN','0,21280,718','Direito Civil -   Aula 64 - Negócios Jurídicos = Conceito e Efeitos','',NULL),(201,'Cálculo  Férias do Empregado por Comissão - Art. 142, p 3º,  da CLT','Ness aula o prof. Ricardo ensina a calcular as férias do empregado que recebe por comissão, percentagem ou viagem .','HM1eXmwMVY0','2016-11-26 21:46:53.407688','2016-03-07 11:22:07.000000','thumbnails/201/fUF36ejbGbQy7fFPJKpvH9','0,21280,718','Direito do Trabalho - Aula 65 - Cálculo  Férias do Empregado por Comissão -  Art. 142, p 3º,  da CLT','',NULL),(202,'Classificação dos Negócios Jurídicos','Nessa aula a prof. Sefora ensina a classificação dos negócios jurídicos fornecendo exemplos de negócios jurídicos gratuitos, onerosos, bifrontes, unilaterais, bilaterais, plurilaterais, inter vivos, mortis causa etc.','n_svJpUbY4g','2016-11-26 21:46:53.630698','2016-02-12 10:51:24.000000','thumbnails/202/YEhF4or337jyqsW7xf3hWi','0,21280,718','Direito Civil -   Aula 65 - Classificação dos Negócios Jurídicos','',NULL),(203,'Salário Utilidade no Cálculo das Férias - Art. 142, p 4º,  da CLT','Nessa aula o prof. Ricardo explica que o salário utilidade deve ser computado na cálculo das férias do empregado.','wP5YLNNSUCI','2016-11-26 21:46:54.442189','2016-04-01 10:37:53.000000','thumbnails/203/Evnyc9UYp8JYRKViAeG4Qj','0,21280,718','Direito do Trabalho - Aula 66- Salário Utilidade no Cálculo das Férias -  Art. 142, p 4º,  da CLT','',NULL),(204,'Existência, Validade e Eficácia dos Negócios Jurídicos','Nessa aula a prof. Sefora Schubert explica, com exemplos,  a existência, a validade e a eficácia dos negócios jurídicos.','KR6h-1MIHZ4','2016-11-26 21:46:55.637686','2016-02-17 10:40:28.000000','thumbnails/204/YFAKGmqnAF9HdeCFPJnN6f','0,21280,718','Direito Civil - Aula 66 - Existência, Validade e Eficácia dos Negócios Jurídicos','',NULL),(205,'Gorjeta no Cálculo das Férias - Art. 142  da CLT','Nessa aula o prof. Ricardo explica que as gorjetas devem integrar o cálculo das férias do empregado.','h000LZ3YpQ8','2016-11-26 21:46:56.228587','2016-04-13 20:13:17.000000','thumbnails/205/f88QLGaaKsgdh2JA8LcywR','0,21280,718','Direito do Trabalho - Aula 67- Gorjeta no Cálculo das Férias -  Art. 142  da CLT','',NULL),(206,'Agente Capaz - Negócios Jurídicos - Art. 104 do Código Civil','Nessa aula a prof. Sefora Schubert explica que para o negócio jurídico ter validade ele requer que o agente seja capaz.','gY3HCK8uzzE','2016-11-26 21:46:56.402453','2016-03-02 10:55:08.000000','thumbnails/206/ePV7jhEXnjghWFWkFsHGQg','0,21280,718','Direito Civil - Aula 67 - Agente Capaz - Negócios Jurídicos - Art. 104 do Código Civil','',NULL),(207,'Reflexo dos Adicionais nas Férias - Art. 142 CLT','Nessa aula o Prof. Ricardo explica que os adicionais pagos ao empregados produzem reflexo no cálculo das férias.','hhYOyltW2B0','2016-11-26 21:46:56.565701','2016-04-20 19:26:16.000000','thumbnails/207/4HRQ3y7X6aWuGr86vZy9Ej','0,21280,718','Direito do Trabalho - Aula 68 - Reflexo dos Adicionais nas Férias - Art. 142 CLT','',NULL),(208,'Objeto Lícito, Possível, Determinado ou Determinável - Art. 104, II,  CC','Nessa aula a Prof. Séfora Schubert explica que para o negócio jurídico ter validade, requer-se que o objeto seja lícito, possível, determinado ou determinável. nos termos do Art. 104, II, do Código Civil.','PvEyA5VvUGc','2016-11-26 21:46:56.741305','2016-02-29 12:23:35.000000','thumbnails/208/qaBLZPuXVhheYKjsAKpcdX','0,21280,718','Direito Civil - Aula 68 - Art. 104, II,  CC - Objeto Lícito, Possível, Determinado ou Determinável','',NULL),(209,'Abono Pecuniário (1/3 das férias) - Art. 143 da CLT','Nessa aula o Prof. Ricardo explica que Empregado tem direito de converter 1/3 de suas férias em abono pecuniário.','PMiHLzRi68Q','2016-11-26 21:46:56.967799','2016-05-20 09:58:44.000000','thumbnails/209/esyRzdHkXhdt6k4ZGvZD3V','0,21280,718','Direito do Trabalho - Aula 69 - Abono Pecuniário (1/3 das férias) - Art. 143 da CLT','',NULL),(210,'Forma Prescrita ou Não Defesa em Lei - Art. 104 do Código Civil','Nessa aula a prof. Séfora Schubert explica, com exemplos, que o negócio jurídico para ter validade deve observar a forma prescrita ou não defesa em lei.','1m_96CpyTCw','2016-11-26 21:46:57.331231','2016-03-04 14:30:57.000000','thumbnails/210/vhMDodV6WdcXALA7Swebqn','0,21280,718','Direito Civil - Aula 69 - Forma Prescrita ou Não Defesa em Lei -  Art. 104 do Código Civil','',NULL),(211,'Empregado Que Não Tem Direito ao Abono Pecuniário - Art. 143 da CLT','Nessa aula o prof. Ricardo ensina quais são os empregados não têm direito ao abono pecuniário, nos termos do Art. 143, parágrafo 3º, da CLT.','iJj_1HMAMBc','2016-11-26 21:46:57.626040','2016-05-30 11:43:57.000000','thumbnails/211/PB6G3EYXKQEgjYYgHmsf2G','0,21280,718','Direito do Trabalho - Aula 70 - Empregado Que Não Tem Direito ao Abono Pecuniário - Art. 143 da CLT','',NULL),(212,'Agente Relativamente Incapaz Negócio Jurídico - Art. 105 do Código Civil','Nessa aula a Prof. Sefora Schubert ensina, por meio de exemplos, o Art. 105 do Código Civil, que trata da validade do negócio jurídico quando envolve pessoa relativamente incapaz. \nAcesse nosso site: http://www.direitoemtela.com.br','dIxcP11zNxc','2016-11-26 21:46:57.779939','2016-03-09 22:07:31.000000','thumbnails/212/VDeqHqaazNPxbxRqfhDuaB','0,21280,718','Direito Civil - Aula 70  -  Art. 105 do Código Civil - Agente Relativamente Incapaz Negócio Jurídico','',NULL),(213,'Como Calcular o Abono Pecuniário - Art. 144 da CLT','Nessa aula o prof. Ricardo ensina como calcular o abono pecuniário, aquele 1/3 de férias que o empregado pode converter em dinheiro.','1V9CCq5ezWw','2016-11-26 21:46:57.936869','2016-06-24 10:58:26.000000','thumbnails/213/NMitv6yCSfUgTEnUWxKuAS','0,21280,718','Direito do Trabalho - Aula 71 - Como Calcular o Abono Pecuniário - Art. 144 da CLT','',NULL),(214,'Impossibilidade Relativa do Objeto no Negócio Jurídico - At. 106 CC','Nessa aula a prof. Sefora Schubert explica o Art. 106 do Código Civil que determina que a impossibilidade inicial do objeto não invalida o negócio jurídico quando for relativa ou quando cessar antes da condição suspensiva imposta no contrato.','eu30uDtu2Jg','2016-11-26 21:46:58.114637','2016-03-16 12:25:21.000000','thumbnails/214/5DX325qu8ZnzH8AQY8AUKk','0,21280,718','Direito Civil -   Aula 71 - Impossibilidade Relativa do Objeto no Negócio Jurídico - At. 106 CC','',NULL),(215,'Prazo Para Pagamento das Férias - Art. 145 da CLT','Nessa aula o prof. Ricardo explica qual o prazo para o pagamento das férias do empregado.','zdtFpkoUiH8','2016-11-26 21:46:58.296719','2016-07-06 13:49:56.000000','thumbnails/215/3HAMddTzcyaamK4daqhLqM','0,21280,718','Direito do Trabalho - Aula 72 - Prazo Para Pagamento das Férias - Art. 145 da CLT','',NULL),(216,'Forma Livre ou Consensual dos Negócios Jurídicos - At. 107 CC','Nessa aula a prof. Séfora Schubert explica que os negócios jurídicos podem ser realizados de forma livre, no entanto quando a lei exigir uma forma especial, ela deve ser obedecida para que o negócio tenha validade.','aXzu9VUxrsQ','2016-11-26 21:46:58.450159','2016-03-18 20:02:31.000000','thumbnails/216/kPTRorxRVZjAMVUKEJss48','0,21280,718','Direito Civil - Aula 72 - Forma Livre ou Consensual dos Negócios Jurídicos - At. 107 CC','',NULL),(217,'Recibo de Férias do Empregado','Nessa aula o prof. Ricardo explica quais os dados que devem conter o recibo de férias do empregado e quais os seus efeitos.','QeoefciIVUE','2016-11-26 21:46:58.633256','2016-07-11 17:18:11.000000','thumbnails/217/uXZFiBr3AGBxRb2dsjYg9W','0,21280,718','Direito do Trabalho - Aula 73 - Recibo de Férias do Empregado','',NULL),(218,'Quando a Lei Exige Escritura Pública para Bens Imóveis At. 108 CC','Nessa aula a prof. Sefora Schubert explica que o Art. 108 exige escritura pública para negócios jurídicos que visem constituição, transferência, modificação ou renúncia de direitos reais sobre imóveis.','XolflCwJCUA','2016-11-26 21:46:58.779780','2016-03-23 10:22:45.000000','thumbnails/218/EMBUwVJzYf8mX57vwikE3P','0,21280,718','Direito Civil - Aula 73 - Quando a Lei Exige Escritura Pública para Bens Imóveis At. 108 CC','',NULL),(219,'Quando a Lei Exige Escritura Pública para Bens Imóveis At. 108 CC','Nessa aula a prof. Sefora Schubert explica que o Art. 108 exige escritura pública para negócios jurídicos que visem constituição, transferência, modificação ou renúncia de direitos reais sobre imóveis.','XolflCwJCUA','2016-11-26 21:46:59.015907','2016-03-23 10:22:45.000000','thumbnails/219/rZdegsb4HFuDFrwXQKJ5xY','0,21280,718','Direito Civil - Aula 73 - Quando a Lei Exige Escritura Pública para Bens Imóveis At. 108 CC','',NULL),(220,'Férias Vencidas na Rescisão do Contrato de Trabalho - Art. 146 CLT','Nessa aula o prof. Ricardo explica que o empregado terá direito ao recebimento das férias vencidas, de forma simples ou em dobro, por ocasião da rescisão do contrato de trabalho, seja qual for a causa da rescisão.','aP7iUCN1lE4','2016-11-26 21:46:59.140547','2016-07-25 17:16:15.000000','thumbnails/220/BcehxNt9NKHU3thHDEbsF','0,21280,718','Direito do Trabalho - Aula 74 - Férias Vencidas na Rescisão do Contrato de Trabalho - Art. 146 CLT','',NULL),(221,'Quando os Contratantes Exigem Escritura Pública - Art.109 CC','Nessa aula a prof. Sefora Schubert explica que os contratantes podem exigir escritura pública para a realização dos negócios jurídicos.','wDqC6PXlvKg','2016-11-26 21:46:59.783368','2016-03-25 12:14:43.000000','thumbnails/221/oTSAbFJWyJSAK3jwwwHyiP','0,21280,718','Direito Civil - Aula 74 - Quando os Contratantes Exigem Escritura Pública - Art.109 CC','',NULL),(222,'Quando os Contratantes Exigem Escritura Pública - Art.109 CC','Nessa aula a prof. Sefora Schubert explica que os contratantes podem exigir escritura pública para a realização dos negócios jurídicos.','wDqC6PXlvKg','2016-11-26 21:47:02.105303','2016-03-25 12:14:43.000000','thumbnails/222/ZDgaN3UmwqcgmpmbZLNxji','0,21280,718','Direito Civil - Aula 74 - Quando os Contratantes Exigem Escritura Pública - Art.109 CC','',NULL),(223,'Férias Proporcionais - Art. 146 da CLT','Nessa aula o Prof. Ricardo ensina que o empregado terá direito às férias proporcionais quando trabalhar o período incompleto das férias.','Mxx9Gr8veVo','2016-11-26 21:47:02.230387','2016-08-08 10:38:37.000000','thumbnails/223/N4fZi9zqfzQpFP9bW93wKo','0,21280,718','Direito do Trabalho - Aula 75 - Férias Proporcionais - Art. 146 da CLT','',NULL),(224,'Reserva Mental - Art.110 do Código Civil','Nessa aula a prof. Sefora Schubert explica o Art. 110 do Código Civil que trata da reserva mental, que é a divergência existente entre a vontade declarada e a vontade íntima da pessoa.','dYNc9n8eYCo','2016-11-26 21:47:02.380880','2016-03-30 11:42:51.000000','thumbnails/224/2P8ET6CjCHagcHSJMhsS3n','0,21280,718','Direito Civil - Aula 75 - Reserva Mental - Art.110 do Código Civil','',NULL),(225,'Férias Proporcionais na Rescisão do Trabalho - Art. 146 e 147 da CLT','Nessa aula o prof. Ricardo explica que o empregado terá direito ao recebimento das férias proporcionais na rescisão do contrato de trabalho, exceto se for demitido por justa causa.','Os29b1cq9q4','2016-11-26 21:47:02.562173','2016-08-31 11:05:31.000000','thumbnails/225/gBwFXL5kebaU3DFfnL42mQ','0,21280,718','Direito do Trabalho - Aula 76 - Férias Proporcionais na Rescisão do Trabalho - Art. 146 e 147 da CLT','',NULL),(226,'O Silêncio Importa Anuência nos Negócios Jurídicos - Art.111 do CC','Nessa aula a prof. Sefora Schubert ensina o Art. 111 do Código Civil que trata do silêncio como manifestação de vontade nos negócios jurídicos.','CvhZY-nNX4U','2016-11-26 21:47:02.739633','2016-04-04 11:42:56.000000','thumbnails/226/LJdb5EQtqDdyLQ5C7CaspF','0,21280,718','Direito Civil - Aula 76 - O Silêncio Importa Anuência nos Negócios Jurídicos- Art.111 do CC','',NULL),(227,'Natureza Salarial das Férias - Art. 148 e 449 da CLT','Nessa aula o prof. Ricardo explica que as férias pagas durante a contratualidade terão natureza salarial para todos os efeitos, enquanto as férias indenizadas somente terão natureza salarial para a habilitação do crédito trabalhista no processo de falência do empregador.','t5mnd5-gXnc','2016-11-26 21:47:02.904641','2016-09-26 22:26:16.000000','thumbnails/227/pVndvwFx4CZ78h97pwDjv7','0,21280,718','Direito do Trabalho - Aula 77 - Natureza Salarial das Férias - Art. 148 e 449 da CLT','',NULL),(228,'A Intenção das Partes nos Negócios Jurídicos - Art.112 do CC','Nessa aula a prof. Sefora Schubert explica o Art. 112 do Código Civil, que determina que quando houver conflito entre a vontade declarada e o sentido literal da linguagem, deverá prevalecer a vontade (intenção).','VB4DGD0rvm8','2016-11-26 21:47:03.054436','2016-04-08 12:28:22.000000','thumbnails/228/MS9aa4mDn7BDVGeCRMeZQW','0,21280,718','Direito Civil - Aula 77 -  A Intenção das Partes nos Negócios Jurídicos- Art.112 do CC','',NULL),(229,'Início do Prazo Prescricional das Férias - Art. 149 e 449 da CLTo','Nessa aula o prof. Ricardo Schubert explica o prazo prescricional das férias.','2V91iakIJoo','2016-11-26 21:47:05.592251','2016-11-16 23:19:09.000000','thumbnails/229/FPqtJm5ixU2PLCAbfc9JN9','0,21280,718','Direito do Trabalho - Aula 78 - Início do Prazo Prescricional das Férias - Art. 149 e 449 da CLTo','',NULL),(230,'Boa - fé nos Negócios Jurídicos - Art.113 do Código Civil','Nessa aula a prof. Sefora Schubert explica o Art. 113 do CC que determina que os negócios jurídicos devem ser interpretados conforme a boa-fé e os usos do lugar de sua celebração.','TtOIziiokvA','2016-11-26 21:47:05.930778','2016-04-11 12:35:41.000000','thumbnails/230/53UHtX6gC8ZTCXgk2NiCkn','0,21280,718','Direito Civil - Aula 78 -  Boa-fé nos Negócios Jurídicos- Art.113 do Código Civil','',NULL),(231,'Interpretação Estrita dos Negócios Benéficos e Renúncia - Art.114 do CC','Nessa aula a prof. Sefora Schubert explica o Art. 114 do Código Civil, que determina que os negócios jurídicos benéficos e a Renúncia devem ser interpretados estritamente.','JPt7GXD1odo','2016-11-26 21:47:06.116513','2016-04-15 10:29:20.000000','thumbnails/231/Ge8QhzLE5XUyaiAmBXZtQC','0,21280,718','Direito Civil - Aula 79 -  Interpretação Estrita dos Negócios Benéficos e Renúncia - Art.114 do CC','',NULL),(232,'Representação Legal e Representação Voluntária - Art.115 do CC','Nessa aula a prof. Sefora Schubert explica que Representação é agir juridicamente em nome de outra pessoa e que existem 2 tipos de representação: legal e voluntária.','q7cwSVOfPWk','2016-11-26 21:47:06.289000','2016-04-18 12:03:43.000000','thumbnails/232/rLqcRFmTCsy5LMEfFEbguh','0,21280,718','Direito Civil - Aula 80 -  Representação Legal e Representação Voluntária - Art.115 do CC','',NULL),(233,'Representação e seus Efeitos - Art.116 do Código Civil','Nessa aula a Prof. Séfora Schubert explica o Art. 116 do Código Civil que especifica que os atos realizados pelo Representante surtem efeitos em relação ao representado.','Kq-0yC_w2ig','2016-11-26 21:47:06.441789','2016-04-24 19:16:44.000000','thumbnails/233/NEg8yHMJBWjWjKaS3Y9MnV','0,21280,718','Direito Civil - Aula 81 -  Representação e seus Efeitos - Art.116 do Código Civil','',NULL),(234,'Representante Pode Celebrar Negócios Consigo Mesmo? - Art.117 do CC','Nessa aula a prof. Séfora Schubert explica que é anulável o negócio jurídico que o representante celebrar consigo mesmo.','nlSgX4vlK5A','2016-11-26 21:47:06.611203','2016-04-27 14:02:31.000000','thumbnails/234/jugDLKGQ3HPZ4y3337M54h','0,21280,718','Direito Civil - Aula 82 -  Representante Pode Celebrar Negócios Consigo Mesmo? - Art.117 do CC','',NULL),(235,'Obrigação de Provar a Representação - Art.118 do CC','Nessa aula a prof. Séfora Schubert explica que, nos termos do Art. 118 do CC, o Representante é obrigada a provar a sua qualidade de representante e a extensão de seus poderes.','8A4lJ7ysaMM','2016-11-26 21:47:06.792882','2016-04-29 09:44:22.000000','thumbnails/235/yZbCTN7ufxSNP7UNeGtbyR','0,21280,718','Direito Civil - Aula 83 -  Obrigação de Provar a Representação - Art.118 do CC','',NULL),(236,'Conflito de Interesses Entre o Representante e Representado - Art.119 CC','Nessa aula a prof. Séfora Schubert explica que é anulável o negócio jurídico realizado com conflito de interesses entre o Representante e o Representado.','nTm_1yqLaJk','2016-11-26 21:47:06.992458','2016-05-04 11:07:06.000000','thumbnails/236/iXk7nL7f8yNjuXATdhj2V4','0,21280,718','Direito Civil - Aula 84 -  Conflito de Interesses Entre o Representante e Representado - Art.119 CC','',NULL),(237,'Regulamentação da Representação - Art.120 Código Civil','Nessa aula a Prof. Séfora Schubert explica que a Representação Legal é regulamentada pelas normas específicas, já a Representação Voluntária é regulamentada pela parte Especial do Código Civil. \nMai vídeos acesse: http://www.direitoemtela.com.br','PO9ivC98gd8','2016-11-26 21:47:07.159523','2016-05-06 09:33:08.000000','thumbnails/237/akiP7XdgQ6kB3uAFKSRne4','0,21280,718','Direito Civil - Aula 85 -  Regulamentação da Representação - Art.120 Código Civil','',NULL),(238,'Condição - Art.121 Código Civil','Nessa aula  a prof. Séfora Schubert explica que a condição é uma cláusula do negócio jurídico, que deriva da vontade das partes, e subordina a eficácia do negocio  a um evento futuro e incerto.','zOBeGLl6-ps','2016-11-26 21:47:07.369107','2016-05-13 10:01:21.000000','thumbnails/238/XeRMfLj4ZHipzJzWuuSrRk','0,21280,718','Direito Civil - Aula 86 -  Condição - Art.121 Código Civil','',NULL),(239,'Condição Suspensiva e Condição Resolutiva - Art. 121 CC','Nessa aula a prof. Séfora Schubert explica a condição suspensiva e a condição resolutiva, e seus efeitos no negócio jurídico.','xmxyG01sIoQ','2016-11-26 21:47:07.552040','2016-05-16 12:39:49.000000','thumbnails/239/dm4B6j4aALpijkQHMwgwcL','0,21280,718','Direito Civil - Aula 87 - Condição Suspensiva e Condição Resolutiva - Art. 121 CC','',NULL),(240,'Fases da Condição - Art.121 Código Civil','Nessa aula a prof. Séfora Schubert ensina que a condição possui três fases: Fase da Pendência; Fase do Implemento e Fase da Frustração.','v9zlsOveVvI','2016-11-26 21:47:07.721951','2016-05-18 10:52:55.000000','thumbnails/240/u3EoXNnqBS7HhqYbvypjLH','0,21280,718','Direito Civil - Aula 88 -  Fases da Condição - Art.121 Código Civil','',NULL),(241,'Condição Suspensiva - Art. 125 Código Civil','Nessa aula a prof. Séfora Schubert explica o Art. 125 do Código Civil que trata dos efeitos do negócio jurídico sob condição suspensiva.','TNIaGL6GYto','2016-11-26 21:47:07.924848','2016-05-25 10:16:01.000000','thumbnails/241/MziCoSYgSedHe3227QrfDK','0,21280,718','Direito Civil - Aula 89 - Condição Suspensiva - Art. 125 Código Civil','',NULL),(242,'Condição Resolutiva - Art. 127 e 128 do  Código Civil','Nessa aula a prof. Séfora Schubert explica que a Condição Resolutiva é uma cláusula que as partes podem inserir no negócio jurídico e que condiciona a eficácia desse negócio a um evento futuro e incerto.','XbBApI0ci5k','2016-11-26 21:47:08.112979','2016-06-03 10:13:06.000000','thumbnails/242/LAPu3AU3AjaUaMf8hWLNfm','0,21280,718','Direito Civil - Aula 90 - Condição Resolutiva - Art. 127 e 128 do  Código Civil','',NULL),(243,'Condição Ilícita - Art. 122 e 123, II e III do Código Civil','Nessa aula a prof. Séfora Schubert explica que as condições ilícitas, previstas no Art. 122 do CC são aquelas contrárias à lei, contrárias à ordem pública, contrárias aos bons costumes, perplexas, contraditórias e as puramente potestativas.','JzMxG9p2Q9w','2016-11-26 21:47:08.321239','2016-06-10 18:14:09.000000','thumbnails/243/fYxb4KZjb65XVAEEnmcLFm','0,21280,718','Direito Civil - Aula 91 - Condição Ilícita - Art. 122 e 123, II e III do Código Civil','',NULL),(244,'Condição Impossível Suspensiva e Resolutiva - Art. 123, I, e Art. 124 CC','Nessa aula a Prof. Sefora Schubert explica que a condição suspensiva, quando impossível, invalida o negócio jurídico; por sua vez a condição resolutiva, quando impossível, tem-se por inexistente.','iCRCMOpreew','2016-11-26 21:47:08.510342','2016-06-15 10:23:54.000000','thumbnails/244/J9uuHGpGJdafG9BTtmrRrJ','0,21280,718','Direito Civil - Aula 93 -  Art. 123, I, e Art. 124 CC - Condição Impossível Suspensiva e Resolutiva','',NULL),(245,'Novas Disposições Quanto à Coisa sob Condição Suspensiva - Art. 126 CC','Nessa aula a prof. Séfora Schubert explica o Art. 126 do CC, que determina que se forem feitas novas disposições quanto à coisa sob condição suspensiva, as novas disposições não terão valor se forem incompatíveis cm a condição. \nContribua com a nova plataforma do Canal Direito em Tela: http://www.kickante.com.br/campanhas/plataforma-para-o-canal-direito-em-tela','sTsqigs60Ko','2016-11-26 21:47:08.678892','2016-06-17 09:50:20.000000','thumbnails/245/q6NZhUFG2GXiCrqqwbxr6c','0,21280,718','Direito Civil - Aula 94 - Art. 126 CC - Novas Disposições Quanto à Coisa sob Condição Suspensiva','',NULL),(246,'Implemento Malicioso da Condição - Art. 129 CC','Nessa aula a prof. Séfora Schubert explica que quando a parte impede maliciosamente a ocorrência da condição, o juiz irá considerar como implementada a condição; e quando a parte levar a implemento maliciosamente a ocorrência da condição, o juiz irá considerar como não implementada a condição.','5q2ZSQY-T6c','2016-11-26 21:47:08.813950','2016-06-27 13:09:29.000000','thumbnails/246/qgYiHZyqxtjsyVssXa6W56','0,21280,718','Direito Civil - Aula 95 - Art. 129 CC - Implemento Malicioso da Condição','',NULL),(247,'O Titular do Direito Eventual nos Casos de Condição - Art. 130 CC','Nessa aula a prof. Séfora Schubert ensina o Art. 130 do CC que determina que o Titular de direito eventual pode praticar atos destinados a conservar o seu direito.','ypLY5YPJ8jQ','2016-11-26 21:47:08.951792','2016-06-29 18:00:44.000000','thumbnails/247/T8x8EiLSbc5wGodT9bGqa8','0,21280,718','Direito Civil - Aula 96 - Art. 130 CC - O Titular do Direito Eventual nos Casos de Condição','',NULL),(248,'Termo - Art. 131 do Código Civil','Nessa aula a prof. Séfora Schubert  explica que o termo sujeito a eficácia do  negócio jurídico a um evento futuro e certo.','97pUnt7Go0Q','2016-11-26 21:47:09.140645','2016-07-01 14:00:46.000000','thumbnails/248/TT6RtRVhx7fT5R3NTYS7pZ','0,21280,718','Direito Civil - Aula 97 - Termo - Art. 131 do Código Civil','',NULL),(249,'Termo Inicial e Termo Final - Art. 131 e 135 do CC','Nessa aula a prof. Séfora Schubert explica que o Termo Inicial suspende o exercício, mas não a aquisição do direito.','U91vc5T5Xkk','2016-11-26 21:47:09.371643','2016-07-04 16:58:00.000000','thumbnails/249/QxMJyumFrRN5MafVoHxpJY','0,21280,718','Direito Civil - Aula 98 - Art. 131 e 135 do CC - Termo Inicial e Termo Final','',NULL),(250,'Prazos - Art. 132 CC','Nessa aula a prof. Séfora Schubert explica o que é prazo; como são contados os prazos nos negócios jurídicos; o que é meado e o que ocorre quando um prazo vence em um feriado.','KWfdkc2enI0','2016-11-26 21:47:09.539326','2016-07-08 13:59:25.000000','thumbnails/250/R8Yn7ewp37BF2VMPqSWc5B','0,21280,718','Direito civil - Aula 99 - Art. 132 CC - Prazos','',NULL),(251,'Negócios Jurídicos Sem Prazo - Art. 134 do CC','Nessa aula a prof. Séfora Schubert explica  o Art. 134 do Código Civil que determina que os negócios jurídicos sem prazo são exequíveis desde logo, exceto se a execução do negócio depender de tempo ou tiver que ser feita em lugar diverso.','aEbyN_1_kJc','2016-11-26 21:47:09.782916','2016-07-13 10:21:22.000000','thumbnails/251/Ea4RngbUqkZGTyc298gRkW','0,21280,718','Direito Civil - Aula 100 - Art. 134 do CC - Negócios Jurídicos Sem Prazo','',NULL),(252,'O Prazo Presume - Art. 133 do CC - se em Favor do Herdeiro e do Devedor','Nessa aula a prof. Séfora Schubert explica que nos negócios jurídicos os prazos se presumem a favor do herdeiro e do devedor.','ZLv1HBO382U','2016-11-26 21:47:09.981105','2016-07-15 11:49:51.000000','thumbnails/252/yYATRiKsux7WwnDoZaLZXc','0,21280,718','Direito Civil - Aula 101 - Art. 133 do CC - O Prazo Presume-se em Favor do Herdeiro e do Devedor','',NULL),(253,'Encargo ou Modo - Elemento Acessório dos Negócios Jurídicos','Nessa aula a prof. Séfora Schubert explica que Encargo é uma restrição feita a uma liberalidade. Ensina, ainda, que Encargo é um elemento acessório, ou acidental, do Negócio Jurídico.','df-l4rRBRLw','2016-11-26 21:47:10.141588','2016-07-27 11:57:30.000000','thumbnails/253/Sh5qJ2pHXwX4N8LeHNekCX','0,21280,718','Direito Civil -  Aula 102 -  Encargo ou Modo - Elemento Acessório dos Negócios Jurídicos','',NULL),(254,'Encargo ou Modo - Art. 136 do Código Civil','Nessa aula a prof. Séfora Schubert explica que o Encargo não suspende nem a aquisição e nem o exercício do direito nos negócios jurídicos, salvo se imposto expressamente como condição suspensiva.','8VPe0K0gMJg','2016-11-26 21:47:10.327631','2016-07-30 13:38:17.000000','thumbnails/254/MyuF3oVvztPaorAaxZUb8F','0,21280,718','Direito Civil -  Aula 103 -  Encargo ou Modo - Art. 136 do Código Civil','',NULL),(255,'Descumprimento do Encargo no Negócio Jurídico - Art. 136  e ss do CC','Nessa aula a prof. Séfora Schubert  explica que o beneficiário da liberalidade não é obrigada a aceitar o encargo, mas se aceitar terá que cumprir.','wKwmKFGZv4s','2016-11-26 21:47:10.535524','2016-08-01 10:56:22.000000','thumbnails/255/L23imGnAArYgUwSbdETSpZ','0,21280,718','Direito Civil -  Aula 104 -  Descumprimento do Encargo no Negócio Jurídico - Art. 136  e ss do CC','',NULL),(256,'Encargo Ilícito ou Impossível - Art. 137 do CC','Nessa aula a prof. Séfora Schubert explica que quando existe uma Liberalidade quando gravada com um encargo ilícito ou impossível, tem-se como não escrito o encargo. Por outro lado, se o encargo, ilícito ou impossível, for imposto como motivo determinante da liberalidade, nesse caso anula o negócio jurídico.','H7YKs4lO29k','2016-11-26 21:47:10.776741','2016-08-04 02:48:45.000000','thumbnails/256/nD8QakDtZBAH6erC6rn6HV','0,21280,718','Direito Civil -  Aula 105 - Encargo Ilícito ou Impossível - Art. 137 do CC','',NULL),(257,'Resumo de Condição; Termo e Encargo - Art. 121 ao 137 do CC','Nessa aula a prof. Séfora Schubert faz um resumo de Condição; Termo e Encargo para os alunos que querem ter uma noção geral sobre esses assuntos.','qLDNN3pIcfM','2016-11-26 21:47:11.025743','2016-08-10 12:29:33.000000','thumbnails/257/4pZSrifKxiJYCzaHdyt3hT','0,21280,718','Direito Civil -  Aula 106 - Resumo de Condição; Termo e Encargo - Art. 121 ao 137 do CC','',NULL),(258,'Defeitos do Negócio Jurídico - Vícios do Consentimento - Vícios Sociais','Nessa aula a prof. Séfora Schubert faz uma introdução aos defeitos do negócio jurídico, e explica que podem ocorrer por vícios do consentimento ou vícios sociais.','qFPa5wEaDnA','2016-11-26 21:47:11.250668','2016-08-12 10:34:50.000000','thumbnails/258/v9mNQkkoNy6wHyioViiVJ3','0,21280,718','Direito Civil -  Aula 107 - Defeitos do Negócio Jurídico - Vícios do Consentimento - Vícios Sociais','',NULL),(259,'Erro - Art. 138 do CC - Vícios do Consentimento Negócios Jurídicos','Nessa aula a prof. Séfora Schubert ensina o Art. 138 do CC que trata do Erro, que é um dos 5 vícios do consentimento previsto no Código Civil.','QsaPHjHTHxM','2016-11-26 21:47:11.586204','2016-08-22 11:54:59.000000','thumbnails/259/fLNfpPeKFispyKWj7T63Af','0,21280,718','Direito Civil -  Aula 108 - Art. 138 do CC - Erro - Vícios do Consentimento Negócios Jurídicos','',NULL),(260,'Erro Substancial Quanto à Natureza do Negócio - Art. 139,I, do CC','Nessa aula a prof. Séfora Schubert explica que o Erro sobre a natureza do negócio jurídico é um erro  substancial que pode acarretar a invalidade do negócio jurídico.','Gz-Dc4NOlEE','2016-11-26 21:47:12.011313','2016-08-26 11:01:07.000000','thumbnails/260/f8nvqP9W2tM3Cr88cgTC2L','0,21280,718','Direito Civil -  Aula 109 - Art. 139,I, do CC - Erro Substancial Quanto à Natureza do Negócio','',NULL),(261,'Erro Substancial Quanto ao Objeto Principal - Art. 139,I, do CC','Nessa aula a prof. Séfora Schubert explica que o negócio jurídico pode ser anulado em caso de erro substancial quanto ao objeto principal do negócio jurídico e quanto à qualidade essencial do objeto.','etOe-BkNEjM','2016-11-26 21:47:12.841143','2016-08-29 11:06:30.000000','thumbnails/261/8DDxJmgMyYzEkDPArfco5F','0,21280,718','Direito Civil -  Aula 110 - Art. 139,I, do CC - Erro Substancial Quanto ao Objeto Principal','',NULL),(262,'Erro Substancial Quanto à Pessoa - Art. 139,II, do CC','Nessa aula a prof. Sefora explica que quando ocorre o Erro quanto à Identidade ou a Qualidade da Pessoa, caracteriza-se o erro substancial, e o negócio jurídico pode ser anulado por Erro.','yGFxkrx5_jY','2016-11-26 21:47:13.767180','2016-09-02 09:16:43.000000','thumbnails/262/WpUxiSxRJy8xWShuuCDX9f','0,21280,718','Direito civil -  Aula 111 - Art. 139,II, do CC - Erro Substancial Quanto à Pessoa','',NULL),(263,'Erro de Direito - Art. 139,III, do CC','Nessa aula, a prof. Séfora explica que o negócio jurídico pode ser anulado no caso de Erro Substancial de Direito.','ShxoWkrrW2o','2016-11-26 21:47:14.483824','2016-09-05 10:51:36.000000','thumbnails/263/KK6q7TDadRNe3mTuzqxo3W','0,21280,718','Direito Civil -  Aula 112 - Art. 139,III, do CC - Erro de Direito','',NULL),(264,'Falso Motivo - Art. 140 do CC - Erro Quanto ao Motivo','Nessa aula a prof. Sefora ensina o Art. 140 do Código Civil que trata do falso motivo. O falso motivo somente vicia a declaração de vontade quando expresso como razão determinante.','IZ3c4AT0RzU','2016-11-26 21:47:15.084205','2016-09-07 13:01:59.000000','thumbnails/264/EWfGUVcBHPc2n3732yjvC4','0,21280,718','Direito Civil -  Aula 113 - Art. 140 do CC - Falso Motivo - Erro Quanto ao Motivo','',NULL),(265,'Transmissão Errônea da Vontade Por Meios Interpostos - Art. 141 do CC','Nessa aula a Prof. Sefora explica que a transmissão errônea da vontade é anulável nos mesmos casos em que é anulável a declaração direta da vontade.','W8x43OW22HM','2016-11-26 21:47:15.262693','2016-09-12 11:01:31.000000','thumbnails/265/y43qzyEuWkKqsZGWkiKz9V','0,21280,718','Direito Civil -  Aula 114 - Art. 141 do CC - Transmissão Errônea da Vontade Por Meios Interpostos','',NULL),(266,'Erro Acidental - Art. 142 e Art. 143 do CC','Nessa aula a prof. Sefora explica o Erro Acidental, previsto no Art. 142 e 143 do Código Civil: Erro sobre a indicação da pessoa; Erro sobre a indicação da coisa e o Erro de cálculo.','cCkVcI7KSBg','2016-11-26 21:47:15.406138','2016-09-14 12:14:03.000000','thumbnails/266/rovVf7CEKuEUNTuWD2gPQQ','0,21280,718','Direito Civil -  Aula 115 - Art. 142 e Art. 143 do CC - Erro Acidental','',NULL),(267,'Princípio da Conservação do Negócio Jurídico - Art. 144 do CC','Nessa aula a prof. Sefora explica o Art. 144 do CC que determina que se uma pessoa quiser anular o negócio jurídico por Erro, mas a outra pessoa se prontificar a executar o contrato na conformidade real do manifestante, o negócio jurídico deve ser mantido.','i8f0M1MjCuM','2016-11-26 21:47:15.572439','2016-09-17 11:28:17.000000','thumbnails/267/7PaSNwZUGcarWrV9tbQGkc','0,21280,718','Direito Civil -  Aula 116 - Art. 144 do CC - Princípio da Conservação do Negócio Jurídico','',NULL),(268,'Dolo Principal e Dolo Acidental - Art. 145 e 146 do CC','Nessa aula a prof. Sefora explica o Art. 145 e Art. 146 do Código Civil, que trata do vício do consentimento Dolo, ensinando o dolo principal e o dolo acidental.','2ep9tUV0aDY','2016-11-26 21:47:15.755469','2016-09-19 11:35:43.000000','thumbnails/268/TJJxGoV4tnd5pNfs4b6boV','0,21280,718','Direito Civil -  Aula 117 - Art. 145 e 146 do CC - Dolo Principal e Dolo Acidental','',NULL),(269,'Dolo Omissivo ou Negativo - Art. 147 do CC','Ness aula a prof. Sefora explica que o dolo omissivo ou negativo ocorre quando uma pessoa e má-fé omite fato ou qualidade que outra pessoa deveria saber, com a intenção de obter vantagem em um negócio jurídico.','8q2bnounamg','2016-11-26 21:47:15.925512','2016-09-21 11:56:24.000000','thumbnails/269/9Fwcp3Snp6TPymMG42Tfz9','0,21280,718','Direito Civil -  Aula 118 - Art. 147 do CC - Dolo Omissivo ou Negativo','',NULL),(270,'Dolo de Terceiro - Art. 148 do CC','Nessa aula a prof. Séfora explica o Art. 148 do CC que trata do dolo de terceiro, que pode ou não anular o negócio jurídico.','fsrIx_sMcC8','2016-11-26 21:47:16.075304','2016-09-24 10:38:59.000000','thumbnails/270/KtXRmmbXbxpwALGTiR9vxL','0,21280,718','Direito Civil -  Aula 119 - Art. 148 do CC - Dolo de Terceiro','',NULL),(271,'Dolo de Representante Legal e  Convencional - Art. 149 do CC','Nessa aula a prof. Sefora Schubert explica que quando o Dolo for cometido pelo Representante Legal, o Representado somente terá responsabilidade até o proveito que obteve, por outro lado se o dolo for cometido pelo Representante Convencional, o Representado terá responsabilidade solidária.','gqs1EFUMjR8','2016-11-26 21:47:16.355040','2016-09-28 11:00:52.000000','thumbnails/271/FDYKVBrov4Xs9TV7SfAoUJ','0,21280,718','Direito Civil -  Aula 120 - Art. 149 do CC - Dolo de Representante Legal e  Convencional','',NULL),(272,'Dolo de Ambas as Partes ou Dolo Bilateral - Art. 150 CC','Nessa aula a prof. Sefora Schubert explica que quando ambas as partes agem com dolo na realização do negócio jurídico, nenhuma delas vai poder alegar o dolo para anular o negócio ou requerer indenização.','BYbfIOIxFm8','2016-11-26 21:47:17.101686','2016-10-05 10:15:40.000000','thumbnails/272/FthnJLQ93PCJM9UC4W9R2Z','0,21280,718','Direito Civil -  Aula 121 - Art. 150 CC - Dolo de Ambas as Partes ou Dolo Bilateral','',NULL),(273,'Coação Absoluta e Coação Relativa','Nessa aula a Prof. Sefora Schubert explica a Coação Absoluta ou Física e a Coação Relativa ou Moral.','K1fEKkwESEw','2016-11-26 21:47:20.880302','2016-10-08 08:33:05.000000','thumbnails/273/uG6fxjBFCet9ZzvRwsk2JE','0,21280,718','Direito Civil -  Aula 122  do CC -  Coação Absoluta e Coação Relativa','',NULL),(274,'Requisitos da Coação - Art. 151 do CC','Nessa aula a prof. Séfora explica os requisitos da coação que estão previstos no Art. 151 do CC.','iFVUZliTSaM','2016-11-26 21:47:21.035284','2016-10-16 00:13:57.000000','thumbnails/274/gDyhGrVyGbKLKjirmxxNQe','0,21280,718','Direito Civil -  Aula 123  -  Art. 151 do CC - Requisitos da Coação','',NULL),(275,'Gravidade da Coação - Art. 152 do CC','Nessa aula a prof. Séfora Schubert explica que vários critérios subjetivos influem na gravidade da coação.','EOXEAjOu3II','2016-11-26 21:47:21.182065','2016-10-19 21:44:56.000000','thumbnails/275/ickmVhB82iDaAUNb2dThaG','0,21280,718','Direito Civil -  Aula 124  -  Art. 152 do CC - Gravidade da Coação','',NULL),(276,'Ameaça do Exercício de Um Direito e Temor Reverencial - Art. 153 do CC','Nessa aula a prof. Séfora Schubert explica que a ameaça de um exercício normal de um direito e o temor reverencial não constituem coação.','6LcKBFF0qzo','2016-11-26 21:47:21.347087','2016-10-22 20:17:00.000000','thumbnails/276/STQN7AnKVwqCUbkdJzEkNW','0,21280,718','Direito Civil -  Aula 125  -  Art. 153 do CC - Ameaça do Exercício de Um Direito e Temor Reverencial','',NULL),(277,'Coação de Terceiro - Art. 154 e 155 do CC','Nessa aula a prof. Séfora Schubert explica que se a parte beneficiada com a coação tivesse conhecimento da coação de terceiro, viciará o negócio jurídico.','O5_4yZaRMmI','2016-11-26 21:47:22.680251','2016-10-26 17:23:02.000000','thumbnails/277/KyW55StiDD2jSbqJqpmmqW','0,21280,718','Direito Civil -  Aula 126  -  Art. 154 e 155 do CC - Coação de Terceiro','',NULL),(278,'Estado de Perigo - Art. 156 do CC','Nessa aula, a Prof. Séfora Schubert explica o vício do consentimento denominado de Estado de Perigo, previsto no Art. 156 do Código Civil.','pPwrzs3yCm0','2016-11-26 21:47:22.867322','2016-11-04 22:56:33.000000','thumbnails/278/8hnx7p7R6dUpTGQUPUb2va','0,21280,718','Direito Civil -  Aula 127  -  Art. 156 do CC - Estado de Perigo','',NULL),(279,'Lesão e seus Elementos Subjetivos - Art. 157 do CC','Nessa aula a prof. Séfora Schubert ensina o vício do consentimento chamado de Lesão e seus elementos subjetivos, que são: premente necessidade e inexperiência.','0unH-6VGeHU','2016-11-26 21:47:23.067594','2016-11-07 15:50:43.000000','thumbnails/279/NEvFYW47cUZ8Jqu6T89gjR','0,21280,718','Direito Civil -  Aula 128 -  Art. 157 do CC - Lesão e seus Elementos Subjetivos','',NULL),(280,'Lesão = Elemento Objetivo - Art. 157, § 1º e 2º do CC','Nessa aula a prof. Séfora Schubert explica o elemento objetivo do vício consentimento denominado Lesão, que é a desproporção entre as prestações.','cFyt1A9OVSQ','2016-11-26 21:47:23.297197','2016-11-09 13:20:25.000000','thumbnails/280/NGAxTPAHomZXyuu2HZt8gC','0,21280,718','Direito Civil - Aula 129 - Art. 157, § 1º e 2º do CC - Lesão = Elemento Objetivo','',NULL),(281,'Descomplicando Fraude Contra Credores','Nessa aula a prof. Séfora Schubert explica de forma simples e objetiva o Defeito do Negócio Jurídico denominado de Fraude Contra Credores, que está disciplinada do Art. 158 a 165 do Código Civil. Nas próximas aulas estudaremos Fraude Contra Credores artigo por artigo.','0MKfxDhnHho','2016-11-26 21:47:23.490190','2016-11-13 14:05:02.000000','thumbnails/281/RHU6ieVEvuCGDptaDvypYM','0,21280,718','Direito Civil -  Aula 130 -  Descomplicando Fraude Contra Credores','',NULL),(282,'Ação Pauliana ou Revocatória - Art. 158, § 1º;  161 e  165 do CC','Nessa aula a Prof. Séfora explica que a Ação Pauliana é a ação que tem por pretensão anular os atos fraudulentos realizados pelo Devedor.','IlkQlBSOvaw','2016-11-26 21:47:24.837181','2016-11-21 22:15:05.000000','thumbnails/282/xvcoqvC9CCDrt9eNeH4ba6','0,21280,718','Direito Civil -  Aula 131 -  Ação Pauliana ou Revocatória - Art. 158, § 1º;  161 e  165 do CC','',NULL),(283,'Requisitos da Fraude Contra Credores','Nessa aula a prof. Séfora Schubert ensina os requisitos da fraude contra credores, que são: anterioridade do crédito; eventus damni; consilium fraudis.','0_kYqCiXl7U','2016-11-26 21:47:25.450749','2016-11-23 13:47:33.000000','thumbnails/283/dDpbLjSSGq5QtFaWRR4jaZ','0,21280,718','Direito Civil - Aula 132 - Requisitos da Fraude Contra Credores','',NULL),(284,'6 Dicas para Peticionar no Processo Eletrônico (PJe) pelo Juiz Luiz Carlos Roveda','O Juiz do Trabalho, Luiz Carlos Roveda, primeiro Juiz operador de uma Vara totalmente eletrônica da Justiça do Trabalho Brasileira,  fornece 6 valiosas dicas de como peticionar no Processo Eletrônico para demonstrar com maior clareza o direito de seu cliente.','aYZIAoe85kA','2016-11-26 21:47:25.881559','2016-11-26 13:02:36.000000','thumbnails/284/AUYvA4toYF9d6pH2fDFRJG','0,21280,718','6 Dicas para Peticionar no Processo Eletrônico (PJe) pelo Juiz Luiz Carlos Roveda','',NULL),(285,'Juiz de Direito - Profissões','A Juíza de Direito do Tribunal de Justiça de Santa Catarina, Dra. Karen Francis Schubert Reimer, discorre sobre a profissão de Juiz de Direito. \nVisite o site Direito em Tela: http://www.direitoemtela.com.br','mIwfqgwn0kY','2016-11-26 21:47:26.088100','2016-06-24 10:58:40.000000','thumbnails/285/b7m9NxXctv4bkztpb9K8TH','0,21280,718','Juiz de Direito - Profissões','',NULL),(286,'Juiz do Tribunal do Júri - Profissões','A Juíza da 1a Vara Criminal da Comarca de Joinville, Dr. Karen Francis Schubert Reimer, discorre sobre a competência do Juiz no  Tribunal de Júri.','Di0si50VbmQ','2016-11-26 21:47:26.227659','2016-06-15 10:24:16.000000','thumbnails/286/FzcwUwJJwgtQ8PUfgEWQTf','0,21280,718','Juiz do Tribunal do Júri - Profissões','',NULL),(287,'Delegado da Polícia Federal - Profissões','O Delegado da Polícia Federal, Dr. Waldemar Moreno Junior, descreve as atribuições do cargo de Delegado.','5vTjd_l1CzY','2016-11-26 21:47:26.390224','2016-05-31 01:33:32.000000','thumbnails/287/EYt2HiqZ8FJnDXKjbkcVuh','0,21280,718','Delegado da Polícia Federal - Profissões','',NULL),(288,'Dicas de Concurso pelo Delegado da Polícia Federal Dr. Waldemar Moreno Junior','Nesse vídeo o professor, e Delegado da Polícia Federal, Dr. Waldemar Moreno Junior, fornece dicas para estudar para concursos públicos e para o exame da OAB.','7Ss4b8rdFJw','2016-11-26 21:47:26.578665','2016-05-29 13:49:17.000000','thumbnails/288/YKSDWbX9kTWJT97kU6HsrZ','0,21280,718','Dicas de Concurso pelo Delegado da Polícia Federal Dr. Waldemar Moreno Junior','',NULL),(289,'A Ameaça Terrorista Contra o Brasil - Sérgio de Oliveira Netto - Procurador Federal','Nesse vídeo o prof. universitário e Procurador Federal Sérgio de Oliveira Netto discorre sobre a ameaça de atos terroristas contra o Brasil. \nVisite nosso site: http://www.direitoemtela.com.br','3ePlRN3IMNI','2016-11-26 21:47:26.703680','2016-02-19 12:15:51.000000','thumbnails/289/QEsdxVXfJA8H5w2T25v2QK','0,21280,718','A Ameaça Terrorista Contra o Brasil - Sérgio de Oliveira Netto - Procurador Federal','',NULL),(290,'Dicas para Concurso - Dr. Mário Sérgio Ghannagé Barbosa - Procurador da República','O Procurador da República, Dr. Mário Sérgio Ghannagé Barbosa, explica como estudou para passar no concurso do Ministério Público Federal. \nPara assistir aos vídeos do Direito em Tela, acesse: http://www.direitoemtela.com.br','LYx43VrCwKk','2016-11-26 21:47:26.860766','2015-09-09 13:09:29.000000','thumbnails/290/Cqc8SXTSRinWGjDFSikSM4','0,21280,718','Dicas para Concurso - Dr. Mário Sérgio Ghannagé Barbosa - Procurador da República','',NULL),(291,'Procurador da República - Ministério Público Federal - Profissões','O Procurador da República, Dr. Mário Sérgio Ghannagé Barbosa, explica quais as atribuições do cargo de Procurador da República - Ministério Público Federal','w3fk8R93Q-E','2016-11-26 21:47:27.061620','2015-09-09 13:08:28.000000','thumbnails/291/XKLDhsdYd6o3RK73psBPEd','0,21280,718','Procurador da República - Ministério Público Federal - Profissões','',NULL),(292,'RESUMÃO de Bens - Art. 79 ao 97 do Código Civil','Nessa aula a prof. Séfora faz uma rápida revisão de todas as aulas sobre Bens, que vai desde o Art. 79 ao  Art. 97 do Código Civil.','KtaE2Iy965s','2016-11-26 21:47:27.252648','2015-09-07 12:55:33.000000','thumbnails/292/dkEaUdTJ6e8qnk4tjGJ5kW','0,21280,718','RESUMÃO de Bens - Art. 79 ao 97 do Código Civil','',NULL),(293,'','O Prof. Ricardo e Prof. Séfora oferecem boas vindas aos alunos de Direito e informam que serão lançadas novas aulas todas segundas, quartas e sextas. \nInscreve-se já em nosso canal. \nVisite o nosso site: http://www.direitoemtela.com.br','SuUKw2iEAdY','2016-11-26 21:47:27.484028','2015-09-02 16:58:15.000000','thumbnails/293/CQv2HarR7niwufNeWFS92i','0,21280,718','Vídeo de Apresentação do Canal Direito em Tela - Aulas Gratuitas de Direito','',NULL),(294,'RESUMÃO - Revisão da Lei de Introdução - Decreto-lei 4.657/42','Essa aula é um resumo de todos os tópicos da Lei de Introdução às Normas do Direito Brasileiro. Em 10 minutos a  prof. Sefora aborda os seguintes temas: vacatio legis; revogação; princípio da obrigatoriedade da lei; lacuna na lei; função social da lei; irretroatividade e territorialidade.','lxUG8l5z8hM','2016-11-26 21:47:28.068421','2015-08-17 13:18:25.000000','thumbnails/294/9FJ9XEuYcUHKGDfhMthp2m','0,21280,718','RESUMÃO - Revisão da Lei de Introdução - Decreto-lei 4.657/42','',NULL),(295,'Dicas de Concursos pelo Prof. Dr. Genivaldo da Silva - Procurador de Justiça de SC','Nesse vídeo o Procurador de Justiça do Estado de Santa Catarina fornece várias dicas para estudar para concursos públicos. \nVisite nosso site: http://www.direitoemtela.com.br','3aFGASNX8oQ','2016-11-26 21:47:29.063732','2015-03-26 16:54:06.000000','thumbnails/295/ffpnm9KceiQoHh3gUpDvP9','0,21280,718','Dicas de Concursos pelo Prof. Dr. Genivaldo da Silva - Procurador de Justiça de SC','',NULL),(296,'Discurso da Paraninfa Karen Francis Schubert Reimer - Juíza de Direito','Nesse vídeos vamos assistir o discurso da Paraninfa Karen Francis Schubert - Univille - Turma 2014/2 de Direito da Universidade da Região de Joinville.','OsgQjNUvW8k','2016-11-26 21:47:29.264552','2015-03-12 13:52:11.000000','thumbnails/296/c7GzgvXzqDvEkN8SmrX3pk','0,21280,718','Discurso da Paraninfa Karen Francis Schubert Reimer - Juíza de Direito','',NULL),(297,'Direito do Trabalho - Súmula 450 do TST - Pagamento em dobro das férias','Nesse vídeo o Prof. Ricardo explica a súmula 450 do TST que determina que as férias deverão ser pagas até 2 (dois) dias antes do início das férias, sob pena de pagamento em dobro.','Afe10vLCS9s','2016-11-26 21:47:29.429757','2015-01-20 16:41:22.000000','thumbnails/297/hrXtH8oxN9EfgeRmiZqxZk','0,61640,419','Direito do Trabalho - Súmula 450 do TST - Pagamento em dobro das férias','',NULL),(298,'Dicas de Concurso pela Dra. Gabriela Cotrim - Defensora Pública do Estado de Santa Catarina','Nesse vídeo a Dra. Gabriela Cotrim, Defensora Pública do Estado de Santa Catarina, fornece várias dicas de como estudar para passar em concurso público.','qqTuMGiUySI','2016-11-26 21:47:29.569076','2014-11-19 16:46:08.000000','thumbnails/298/QndSipRmi8g7w2e7JHzZ8M','0,21280,718','Dicas de Concurso pela Dra. Gabriela Cotrim - Defensora Pública do Estado de Santa Catarina','',NULL),(299,'','Nesse vídeo Francisco de Paula Fernandes Neto, Promotor de Justiça do Estado de Santa Catarina, fornece algumas dicas de como estudar para passar em concursos públicos.','_sGM4C00ESM','2016-11-26 21:47:29.723758','2014-10-30 12:06:54.000000','thumbnails/299/c8SSd4TnMpFKJ8WDuE6g4Q','0,61640,419','Dicas para Concurso pelo  Promotor de Justiça de SC, Dr. Francisco de Paula Fernandes Neto','',NULL),(300,'Dicas de Concurso pelo Promotor de Justiça Dr. Renato Maia de Faria','Nesse vídeo o Promotor de Justiça do Estado de Santa Catarina, Dr. Renato Maia de Faria, explica como estudou para passar em 6 (seis) concursos públicos, incluindo o concurso de Promotor de Justiça.','b_QoCtHc8j4','2016-11-26 21:47:29.873696','2014-10-09 18:49:55.000000','thumbnails/300/XNt5C3jA3E6CqKm8nd8wyR','0,21280,718','Dicas de Concurso pelo Promotor de Justiça Dr. Renato Maia de Faria','',NULL),(301,'Dicas para Concursos pelo Juiz do Trabalho,  Dr. Luiz Carlos Roveda','Nesse vídeo o Juiz do Trabalho da 12a Região, Dr. Luiz Carlos Roveda, explica para os alunos como se deve estudar para passar em concursos públicos.','tNVr4V-oHtw','2016-11-26 21:47:30.035615','2014-10-09 18:34:22.000000','thumbnails/301/edEhqJmu66hdvrj8PLS3J7','0,21280,718','Dicas para Concursos pelo Juiz do Trabalho,  Dr. Luiz Carlos Roveda','',NULL),(302,'Direito do Trabalho - Trabalhador em atividade com motocicleta','Nessa aula o Prof. Ricardo discorre sobre a alteração do Art. 193 da CLT, pela Lei 12.997/14, que trata do adicional de insalubridade para os trabalhadores que exercem atividade em motocicleta, motoboy.','PfMwcCN6tkY','2016-11-26 21:47:30.216937','2014-08-01 13:58:27.000000','thumbnails/302/zEcaRFynRejePmdUSWZxAe','0,61640,419','Direito do Trabalho - Trabalhador em atividade com motocicleta','',NULL),(303,'Dicas para estudar para concursos públicos e OAB - Caio Cesar Auada','Nesse vídeo o advogado Caio Cesar Auada fornece dicas de como estudar para passar no exame da OAB.\nPara vídeos aulas de Direito acesse: http://www.direitoemtela.com.br','fl4_N-dw26o','2016-11-26 21:47:30.655660','2014-06-30 14:28:10.000000','thumbnails/303/GLZ9BF5NA8xSnCQHtuoJeQ','0,21280,718','Dicas para estudar para concursos públicos e OAB - Caio Cesar Auada','',NULL),(304,'Igualdade de Salário - Art. 5º da CLT','Nessa aula o Prof. Ricardo ensina o Princípio da Igualdade de salário entre os trabalhadores; explica também o que é trabalho de igual valor, constante do Art. 461 da CLT.https://direitoemtela.com.br','myMkLdBHVCQ','2016-11-26 21:47:32.175905','2014-06-30 14:14:24.000000','thumbnails/304/xsb88vsATcYCqd8LbxtZ59','0,61640,419','Direito do Trabalho - Aula  11 - Igualdade de Salário - Art. 5º da CLT','',NULL);
/*!40000 ALTER TABLE `videos_video` ENABLE KEYS */;
UNLOCK TABLES;
/*!40103 SET TIME_ZONE=@OLD_TIME_ZONE */;

/*!40101 SET SQL_MODE=@OLD_SQL_MODE */;
/*!40014 SET FOREIGN_KEY_CHECKS=@OLD_FOREIGN_KEY_CHECKS */;
/*!40014 SET UNIQUE_CHECKS=@OLD_UNIQUE_CHECKS */;
/*!40101 SET CHARACTER_SET_CLIENT=@OLD_CHARACTER_SET_CLIENT */;
/*!40101 SET CHARACTER_SET_RESULTS=@OLD_CHARACTER_SET_RESULTS */;
/*!40101 SET COLLATION_CONNECTION=@OLD_COLLATION_CONNECTION */;
/*!40111 SET SQL_NOTES=@OLD_SQL_NOTES */;

-- Dump completed on 2017-10-19  0:17:01
